{
    "job": {
        "content": [
            {
                "reader": {
                    "name": "${cp_reader}",
                    "parameter": {
                        "username": "${cp_username}",
                        "password": "${cp_password}",
                        "column": [
                            "ID",
                            "TRD_CODE",
                            "FUNDTYPE",
                            "FEATURE",
                            "TYPE",
                            "ENT_TIME",
                            "UPD_TIME",
                            "GRD_TIME",
                            "REC_ID",
                            "RS_ID"
                        ],
                        "connection": [
                            {
                                "table": [
                                    "(SELECT A.*,                    RANK() OVER(PARTITION BY A.TRD_CODE ORDER BY UPD_TIME DESC) NUM               FROM FNDCN_EM_APPFUNDTYPE A) A"
                                ],
                                "jdbcUrl": [
                                    "${cp_jdbcUrl}"
                                ]
                            }
                        ]
                    }
                },
                "writer": {
                    "name": "${lc_writer}",
                    "parameter": {
                        "username": "${lc_username}",
                        "password": "${lc_password}",
                        "writeMode": "insert",
                        "batchSize": "${batchSize}",
                        "memstoreThreshold": "${memstoreThreshold}",
                        "column": [
                            "ID",
                            "TRD_CODE",
                            "FUNDTYPE",
                            "FEATURE",
                            "TYPE",
                            "ENT_TIME",
                            "UPD_TIME",
                            "GRD_TIME",
                            "REC_ID",
                            "RS_ID"
                        ],
                        "connection": [
                            {
                                "table": [
                                    "LCINFOJOB.CP_*,                    RANK() OVER(PARTITION BY A.TRD_CODE ORDER BY UPD_TIME DESC) NUM               FROM FNDCN_EM_APPFUNDTYPE A) A"
                                ],
                                "jdbcUrl": "${lc_jdbcUrl}"
                            }
                        ],
                        "preSql": [
                            "truncate table LCINFOJOB.CP_*,                    RANK() OVER(PARTITION BY A.TRD_CODE ORDER BY UPD_TIME DESC) NUM               FROM FNDCN_EM_APPFUNDTYPE A) A"
                        ]
                    }
                }
            }
        ],
        "setting": {
            "speed": {
                "channel": "${channel}"
            },
            "errorLimit": {
                "percentage": "${percentage}"
            }
        }
    }
}