{
    "job": {
        "content": [
            {
                "reader": {
                    "name": "${cp_reader}",
                    "parameter": {
                        "username": "${cp_username}",
                        "password": "${cp_password}",
                        "column": [
                            "SECURITYCODE",
                            "CHANGEDATE",
                            "NOTICEDATE",
                            "PERNAV",
                            "ACCUNAV",
                            "WANPERNAV",
                            "YIELD7DAY",
                            "YIELDOPEN"
                        ],
                        "connection": [
                            {
                                "table": [
                                    "FUND_NV_NV"
                                ],
                                "jdbcUrl": [
                                    "${cp_jdbcUrl}"
                                ]
                            }
                        ]
                    }
                },
                "writer": {
                    "name": "${lc_writer}",
                    "parameter": {
                        "username": "${lc_username}",
                        "password": "${lc_password}",
                        "writeMode": "insert",
                        "batchSize": "${batchSize}",
                        "memstoreThreshold": "${memstoreThreshold}",
                        "column": [
                            "SECURITYCODE",
                            "CHANGEDATE",
                            "NOTICEDATE",
                            "PERNAV",
                            "ACCUNAV",
                            "WANPERNAV",
                            "YIELD7DAY",
                            "YIELDOPEN"
                        ],
                        "connection": [
                            {
                                "table": [
                                    "lcinfojob"
                                ],
                                "jdbcUrl": "${lc_jdbcUrl}"
                            }
                        ],
                        "preSql": [
                            "truncate table lcinfojob"
                        ]
                    }
                }
            }
        ],
        "setting": {
            "speed": {
                "channel": "${channel}"
            },
            "errorLimit": {
                "percentage": "${percentage}"
            }
        }
    }
}