{
    "job": {
        "content": [
            {
                "reader": {
                    "name": "${cp_reader}",
                    "parameter": {
                        "username": "${cp_username}",
                        "password": "${cp_password}",
                        "column": [
                            "TRD_CODE",
                            "SECINNERCODE",
                            "NAV",
                            "ENDDATE"
                        ],
                        "connection": [
                            {
                                "table": [
                                    "(SELECT A.*,                    RANK() OVER(PARTITION BY A.TRD_CODE ORDER BY ENDDATE DESC) NUM               FROM FNDCN_NV_NAV A WHERE A.TRD_CODE IS NOT NULL AND A.EISDEL = 0 ) A"
                                ],
                                "jdbcUrl": [
                                    "${cp_jdbcUrl}"
                                ]
                            }
                        ]
                    }
                },
                "writer": {
                    "name": "${lc_writer}",
                    "parameter": {
                        "username": "${lc_username}",
                        "password": "${lc_password}",
                        "writeMode": "insert",
                        "batchSize": "${batchSize}",
                        "memstoreThreshold": "${memstoreThreshold}",
                        "column": [
                            "TRD_CODE",
                            "SECINNERCODE",
                            "NAV",
                            "ENDDATE"
                        ],
                        "connection": [
                            {
                                "table": [
                                    "LCINFOJOB.CP_*,                    RANK() OVER(PARTITION BY A.TRD_CODE ORDER BY ENDDATE DESC) NUM               FROM FNDCN_NV_NAV A WHERE A.TRD_CODE IS NOT NULL AND A.EISDEL = 0 ) A"
                                ],
                                "jdbcUrl": "${lc_jdbcUrl}"
                            }
                        ],
                        "preSql": [
                            "truncate table LCINFOJOB.CP_*,                    RANK() OVER(PARTITION BY A.TRD_CODE ORDER BY ENDDATE DESC) NUM               FROM FNDCN_NV_NAV A WHERE A.TRD_CODE IS NOT NULL AND A.EISDEL = 0 ) A"
                        ]
                    }
                }
            }
        ],
        "setting": {
            "speed": {
                "channel": "${channel}"
            },
            "errorLimit": {
                "percentage": "${percentage}"
            }
        }
    }
}