{
    "job": {
        "content": [
            {
                "reader": {
                    "name": "${cp_reader}",
                    "parameter": {
                        "username": "${cp_username}",
                        "password": "${cp_password}",
                        "column": [
                            "a.SECURITYCODE",
                            "a.SECURITYNAME",
                            "a.SECURITYSNAME",
                            "a.ISTYPE",
                            "to_char(a.FOUNDDATE,'YYYYMMDD') FOUNDDATE",
                            "round(b.NVGRW1W,2)",
                            "round(b.NVGR4W,2)",
                            "round(b.NVGR13W,2)",
                            "round(b.NVGR26W,2)",
                            "round(b.NVGR52W,2)",
                            "round(b.NVGRTY,2)",
                            "round(b.NVGR104W,2)",
                            "round(b.NVGR156W,2)",
                            "round(b.NVGR208W,2)",
                            "round(b.NVGR260W,2)",
                            "round(b.AANVGRF,2)",
                            "round(b.NVYIELDTM,2)",
                            "round(b.ANVPER,4)",
                            "c.FMC_COM_NAME",
                            "c.FMC_COM_ID",
                            "c.MNG_PSN_NAME",
                            "d.UNIT_NAV",
                            "d.DAY_CHG_RAT*100",
                            "to_char(d.TRD_DT,'YYYYMMDD') TRD_DT",
                            "e.FUNDTYPE",
                            "f.LISTSTATE",
                            "e.TYPE",
                            "g.nav",
                            "g.enddate",
                            "h.TRADE_WAY"
                        ],
                        "connection": [
                            {
                                "table": [
                                    "OTC.ZXZX_FNDCN_BS_OFINFO A   LEFT JOIN OTC.ZXZX_FNDCN_DR_FUNDNV B     ON A.SECURITYCODE = B.TRD_CODE   LEFT JOIN OTC.ZXZX_FNDCN_BAS_INFO C     ON A.SECURITYCODE = C.TRD_CODE   LEFT JOIN OTC.ZXZX_FNDCN_UNIT_NAV D     ON A.SECURITYCODE = D.TRD_CODE   LEFT JOIN OTC.ZXZX_FNDCN_EM_APPFUNDTYPE E     ON A.SECURITYCODE = E.TRD_CODE   LEFT JOIN OTC.ZXZX_CDSY_SECUCODE F     ON A.SECURITYCODE = F.SECURITYCODE   LEFT JOIN OTC.ZXZX_FNDCN_NV_NAV G     ON A.SECURITYCODE = G.TRD_CODE   LEFT JOIN OTC.ZXZX_FNDCN_BS_OFINFO H     ON A.SECURITYCODE = H.SECURITYCODE"
                                ],
                                "jdbcUrl": [
                                    "${cp_jdbcUrl}"
                                ]
                            }
                        ]
                    }
                },
                "writer": {
                    "name": "${lc_writer}",
                    "parameter": {
                        "username": "${lc_username}",
                        "password": "${lc_password}",
                        "writeMode": "insert",
                        "batchSize": "${batchSize}",
                        "memstoreThreshold": "${memstoreThreshold}",
                        "column": [
                            "PROD_CODE",
                            "PROD_NAME",
                            "SHT_NAME",
                            "INVEST_STYLE",
                            "FOUND_DATE",
                            "COMM_1W",
                            "COMM_1M",
                            "COMM_3M",
                            "COMM_6M",
                            "COMM_1Y",
                            "COMM_YEAR",
                            "COMM_2Y",
                            "COMM_3Y",
                            "COMM_4Y",
                            "COMM_5Y",
                            "COMM",
                            "COMM_MONTH",
                            "ACC_NET",
                            "SUP_NAME",
                            "PRO_PROVIDER",
                            "MANAGER_NAME",
                            "NEW_NAV",
                            "DAY_ADD",
                            "NAV_DATE",
                            "INVEST_TYPE",
                            "LISTSTATE",
                            "INVEST_TYPE_ZD",
                            "NEW_SCALE",
                            "SCALE_ENDDATE",
                            "TRADE_WAY"
                        ],
                        "connection": [
                            {
                                "table": [
                                    "LCINFOJOB.CP_ZXZX_FNDCN_BS_OFINFO A   LEFT JOIN OTC.ZXZX_FNDCN_DR_FUNDNV B     ON A.SECURITYCODE = B.TRD_CODE   LEFT JOIN OTC.ZXZX_FNDCN_BAS_INFO C     ON A.SECURITYCODE = C.TRD_CODE   LEFT JOIN OTC.ZXZX_FNDCN_UNIT_NAV D     ON A.SECURITYCODE = D.TRD_CODE   LEFT JOIN OTC.ZXZX_FNDCN_EM_APPFUNDTYPE E     ON A.SECURITYCODE = E.TRD_CODE   LEFT JOIN OTC.ZXZX_CDSY_SECUCODE F     ON A.SECURITYCODE = F.SECURITYCODE   LEFT JOIN OTC.ZXZX_FNDCN_NV_NAV G     ON A.SECURITYCODE = G.TRD_CODE   LEFT JOIN OTC.ZXZX_FNDCN_BS_OFINFO H     ON A.SECURITYCODE = H.SECURITYCODE"
                                ],
                                "jdbcUrl": "${lc_jdbcUrl}"
                            }
                        ],
                        "preSql": [
                            "truncate table LCINFOJOB.CP_ZXZX_FNDCN_BS_OFINFO A   LEFT JOIN OTC.ZXZX_FNDCN_DR_FUNDNV B     ON A.SECURITYCODE = B.TRD_CODE   LEFT JOIN OTC.ZXZX_FNDCN_BAS_INFO C     ON A.SECURITYCODE = C.TRD_CODE   LEFT JOIN OTC.ZXZX_FNDCN_UNIT_NAV D     ON A.SECURITYCODE = D.TRD_CODE   LEFT JOIN OTC.ZXZX_FNDCN_EM_APPFUNDTYPE E     ON A.SECURITYCODE = E.TRD_CODE   LEFT JOIN OTC.ZXZX_CDSY_SECUCODE F     ON A.SECURITYCODE = F.SECURITYCODE   LEFT JOIN OTC.ZXZX_FNDCN_NV_NAV G     ON A.SECURITYCODE = G.TRD_CODE   LEFT JOIN OTC.ZXZX_FNDCN_BS_OFINFO H     ON A.SECURITYCODE = H.SECURITYCODE"
                        ]
                    }
                }
            }
        ],
        "setting": {
            "speed": {
                "channel": "${channel}"
            },
            "errorLimit": {
                "percentage": "${percentage}"
            }
        }
    }
}