{
    "job": {
        "content": [
            {
                "reader": {
                    "name": "${cp_reader}",
                    "parameter": {
                        "username": "${cp_username}",
                        "password": "${cp_password}",
                        "column": [
                            "a.LISTSTATE",
                            "a.SECURITYCODE",
                            "a.USESTATE",
                            "a.LISTDATE",
                            "a.SECURITYTYPE",
                            "a.SECINNERCODE",
                            "a.SPELL",
                            "a.CURRENCY",
                            "a.COMPANYCODE",
                            "a.CODETYPE",
                            "a.TRADEMARKETCODE",
                            "a.SECURITYSNAME",
                            "a.SECURITYNAME",
                            "a.SECURITYTYPECODE",
                            "a.TRADEMARKET",
                            "a.ENDDATE",
                            "a.EID",
                            "a.ESEQID",
                            "a.EITIME",
                            "a.EUTIME",
                            "a.EGETTIME",
                            "a.EISDEL",
                            "a.ESOURCEMEMO",
                            "a.EXPAND_NAME_ABBR",
                            "a.PREDICT_LTD"
                        ],
                        "connection": [
                            {
                                "table": [
                                    "CDSY_SECUCODE A,FNDCN_BS_OFINFO B WHERE     A.SECINNERCODE = B.SECINNERCODE AND A.EISDEL = 0 AND B.EISDEL = 0"
                                ],
                                "jdbcUrl": [
                                    "${cp_jdbcUrl}"
                                ]
                            }
                        ]
                    }
                },
                "writer": {
                    "name": "${lc_writer}",
                    "parameter": {
                        "username": "${lc_username}",
                        "password": "${lc_password}",
                        "writeMode": "insert",
                        "batchSize": "${batchSize}",
                        "memstoreThreshold": "${memstoreThreshold}",
                        "column": [
                            "LISTSTATE",
                            "SECURITYCODE",
                            "USESTATE",
                            "LISTDATE",
                            "SECURITYTYPE",
                            "SECINNERCODE",
                            "SPELL",
                            "CURRENCY",
                            "COMPANYCODE",
                            "CODETYPE",
                            "TRADEMARKETCODE",
                            "SECURITYSNAME",
                            "SECURITYNAME",
                            "SECURITYTYPECODE",
                            "TRADEMARKET",
                            "ENDDATE",
                            "EID",
                            "ESEQID",
                            "EITIME",
                            "EUTIME",
                            "EGETTIME",
                            "EISDEL",
                            "ESOURCEMEMO",
                            "EXPAND_NAME_ABBR",
                            "PREDICT_LTD"
                        ],
                        "connection": [
                            {
                                "table": [
                                    "LCINFOJOB.CP_SECINNERCODE = B.SECINNERCODE AND A.EISDEL = 0 AND B.EISDEL = 0"
                                ],
                                "jdbcUrl": "${lc_jdbcUrl}"
                            }
                        ],
                        "preSql": [
                            "truncate table LCINFOJOB.CP_SECINNERCODE = B.SECINNERCODE AND A.EISDEL = 0 AND B.EISDEL = 0"
                        ]
                    }
                }
            }
        ],
        "setting": {
            "speed": {
                "channel": "${channel}"
            },
            "errorLimit": {
                "percentage": "${percentage}"
            }
        }
    }
}