{
    "job": {
        "content": [
            {
                "reader": {
                    "name": "${cp_reader}",
                    "parameter": {
                        "username": "${cp_username}",
                        "password": "${cp_password}",
                        "column": [
                            "ID",
                            "TRD_DT",
                            "convert(varchar(8),TRD_DT,112)",
                            "UNIT_NAV",
                            "ACCU_UNIT_NAV",
                            "UNIT_YLD",
                            "ANN_YLD_RAT",
                            "DAY_CHG_RAT",
                            "DAY_CHG",
                            "ADJ_UNIT_NAV",
                            "TRD_CODE"
                        ],
                        "connection": [
                            {
                                "table": [
                                    "FNDCN_UNIT_NAV"
                                ],
                                "jdbcUrl": [
                                    "${cp_jdbcUrl}"
                                ]
                            }
                        ]
                    }
                },
                "writer": {
                    "name": "${lc_writer}",
                    "parameter": {
                        "username": "${lc_username}",
                        "password": "${lc_password}",
                        "writeMode": "insert",
                        "batchSize": "${batchSize}",
                        "memstoreThreshold": "${memstoreThreshold}",
                        "column": [
                            "ID",
                            "TRD_DT",
                            "TRD_DT_N",
                            "UNIT_NAV",
                            "ACCU_UNIT_NAV",
                            "UNIT_YLD",
                            "ANN_YLD_RAT",
                            "DAY_CHG_RAT",
                            "DAY_CHG",
                            "ADJ_UNIT_NAV",
                            "TRD_CODE"
                        ],
                        "connection": [
                            {
                                "table": [
                                    "lcinfojob"
                                ],
                                "jdbcUrl": "${lc_jdbcUrl}"
                            }
                        ],
                        "preSql": [
                            "truncate table lcinfojob"
                        ]
                    }
                }
            }
        ],
        "setting": {
            "speed": {
                "channel": "${channel}"
            },
            "errorLimit": {
                "percentage": "${percentage}"
            }
        }
    }
}