{
    "job": {
        "content": [
            {
                "reader": {
                    "name": "${cp_reader}",
                    "parameter": {
                        "username": "${cp_username}",
                        "password": "${cp_password}",
                        "column": [
                            "ID",
                            "SECU_ID",
                            "FMC_COM_ID",
                            "FMC_COM_NAME",
                            "CUST_COM_ID",
                            "CUST_COM_NAME",
                            "F_CODE",
                            "B_CODE",
                            "TRD_CODE",
                            "SECU_SHT",
                            "CHI_NAME",
                            "CHI_SHT",
                            "ENG_NAME",
                            "ENG_SHT",
                            "EXCH_CODE",
                            "EXCH_NAME",
                            "OPER_CODEI",
                            "OPER_CODEII",
                            "LST_DT",
                            "DLST_DT",
                            "LST_SECT_CODE",
                            "LST_SECT_NAME",
                            "LST_STS_CODE",
                            "ISIN",
                            "CURR_CODE",
                            "IS_EXCH",
                            "IS_OTC",
                            "IS_QDII",
                            "IS_COMB",
                            "IS_VIR",
                            "IS_GET_ACHI_RWD",
                            "ISS_VOL",
                            "NEW_VOL",
                            "LST_VOL",
                            "F_LST_VOL",
                            "PAR_VAL",
                            "PUR_ST",
                            "REDEM_ST",
                            "MIN_REDEM_VOL",
                            "MIN_HOLD_VOL",
                            "INV_TYP_COM",
                            "INV_TYP_BD",
                            "INV_STYL_BD",
                            "INV_CHAR",
                            "PERF_BEN",
                            "DUR_YEARS",
                            "DUR_DAYS",
                            "DUR_BGN",
                            "DUR_END",
                            "DUR_END_BFR_CHG",
                            "CONTR_EFT",
                            "CONTR_EFT_ANN",
                            "END_DT",
                            "MNG_PSN_NAME",
                            "MNG_PSN_NAME_HIS",
                            "IS_GRT",
                            "GRT_BGN",
                            "GRT_END",
                            "GRT_YEARS",
                            "IS_CLS",
                            "CLS_BGN_DT",
                            "CLS_END_DT",
                            "MGT_FEE",
                            "TRST_FEE",
                            "IDX_INV_TYP",
                            "IDX_INV_OBJ",
                            "MAIN_SECU_ID",
                            "FND_HIE_PAT",
                            "FND_LVL",
                            "ETF_CONN_PRI_FND",
                            "FND_SER",
                            "CARRY_FWD_TYP",
                            "RTN_TYP",
                            "SITE",
                            "ENT_TIME",
                            "UPD_TIME",
                            "GRD_TIME",
                            "RS_ID",
                            "REC_ID",
                            "INV_STYL_COM",
                            "GUID",
                            "MIN_PUR_VOL",
                            "INV_TYP_EM",
                            "TRS_TYP_DT",
                            "APP_DT_DESC",
                            "RED_DT_DESC",
                            "ISTANDARD",
                            "NEW_VOL_DT",
                            "CLOSEPERIOD",
                            "CLOSE_PERIOD_UNIT",
                            "ENDREASON",
                            "ENDREASONINFO",
                            "ASDATEOTC",
                            "RSDATEOTC",
                            "TRANSFORM_DATE"
                        ],
                        "connection": [
                            {
                                "table": [
                                    "FNDCN_BAS_INFO"
                                ],
                                "jdbcUrl": [
                                    "${cp_jdbcUrl}"
                                ]
                            }
                        ]
                    }
                },
                "writer": {
                    "name": "${lc_writer}",
                    "parameter": {
                        "username": "${lc_username}",
                        "password": "${lc_password}",
                        "writeMode": "insert",
                        "batchSize": "${batchSize}",
                        "memstoreThreshold": "${memstoreThreshold}",
                        "column": [
                            "ID",
                            "SECU_ID",
                            "FMC_COM_ID",
                            "FMC_COM_NAME",
                            "CUST_COM_ID",
                            "CUST_COM_NAME",
                            "F_CODE",
                            "B_CODE",
                            "TRD_CODE",
                            "SECU_SHT",
                            "CHI_NAME",
                            "CHI_SHT",
                            "ENG_NAME",
                            "ENG_SHT",
                            "EXCH_CODE",
                            "EXCH_NAME",
                            "OPER_CODEI",
                            "OPER_CODEII",
                            "LST_DT",
                            "DLST_DT",
                            "LST_SECT_CODE",
                            "LST_SECT_NAME",
                            "LST_STS_CODE",
                            "ISIN",
                            "CURR_CODE",
                            "IS_EXCH",
                            "IS_OTC",
                            "IS_QDII",
                            "IS_COMB",
                            "IS_VIR",
                            "IS_GET_ACHI_RWD",
                            "ISS_VOL",
                            "NEW_VOL",
                            "LST_VOL",
                            "F_LST_VOL",
                            "PAR_VAL",
                            "PUR_ST",
                            "REDEM_ST",
                            "MIN_REDEM_VOL",
                            "MIN_HOLD_VOL",
                            "INV_TYP_COM",
                            "INV_TYP_BD",
                            "INV_STYL_BD",
                            "INV_CHAR",
                            "PERF_BEN",
                            "DUR_YEARS",
                            "DUR_DAYS",
                            "DUR_BGN",
                            "DUR_END",
                            "DUR_END_BFR_CHG",
                            "CONTR_EFT",
                            "CONTR_EFT_ANN",
                            "END_DT",
                            "MNG_PSN_NAME",
                            "MNG_PSN_NAME_HIS",
                            "IS_GRT",
                            "GRT_BGN",
                            "GRT_END",
                            "GRT_YEARS",
                            "IS_CLS",
                            "CLS_BGN_DT",
                            "CLS_END_DT",
                            "MGT_FEE",
                            "TRST_FEE",
                            "IDX_INV_TYP",
                            "IDX_INV_OBJ",
                            "MAIN_SECU_ID",
                            "FND_HIE_PAT",
                            "FND_LVL",
                            "ETF_CONN_PRI_FND",
                            "FND_SER",
                            "CARRY_FWD_TYP",
                            "RTN_TYP",
                            "SITE",
                            "ENT_TIME",
                            "UPD_TIME",
                            "GRD_TIME",
                            "RS_ID",
                            "REC_ID",
                            "INV_STYL_COM",
                            "GUID",
                            "MIN_PUR_VOL",
                            "INV_TYP_EM",
                            "TRS_TYP_DT",
                            "APP_DT_DESC",
                            "RED_DT_DESC",
                            "ISTANDARD",
                            "NEW_VOL_DT",
                            "CLOSEPERIOD",
                            "CLOSE_PERIOD_UNIT",
                            "ENDREASON",
                            "ENDREASONINFO",
                            "ASDATEOTC",
                            "RSDATEOTC",
                            "TRANSFORM_DATE"
                        ],
                        "connection": [
                            {
                                "table": [
                                    "lcinfojob"
                                ],
                                "jdbcUrl": "${lc_jdbcUrl}"
                            }
                        ],
                        "preSql": [
                            "truncate table lcinfojob"
                        ]
                    }
                }
            }
        ],
        "setting": {
            "speed": {
                "channel": "${channel}"
            },
            "errorLimit": {
                "percentage": "${percentage}"
            }
        }
    }
}