{
    "job": {
        "content": [
            {
                "reader": {
                    "name": "${cp_reader}",
                    "parameter": {
                        "username": "${cp_username}",
                        "password": "${cp_password}",
                        "column": [
                            "ID",
                            "BEGIN_DATE",
                            "END_DATE",
                            "INCOME",
                            "MONEY",
                            "CUST_ID",
                            "CUST_TYPE",
                            "STATE",
                            "PRO_CODE",
                            "SELL_BEGIN_DATE",
                            "SELL_END_DATE",
                            "CREATE_DATE",
                            "MOBILE",
                            "BUY_STATE",
                            "UPDATE_DATE",
                            "LCODER_CREATE_TIME",
                            "LCODER_UPDATE_TIME"
                        ],
                        "connection": [
                            {
                                "table": [
                                    "OTC.GJ_G2010_THBVIP_CONFIG"
                                ],
                                "jdbcUrl": [
                                    "${cp_jdbcUrl}"
                                ]
                            }
                        ],
                        "where": "ID > #{serialNo}"
                    }
                },
                "writer": {
                    "name": "${lc_writer}",
                    "parameter": {
                        "username": "${lc_username}",
                        "password": "${lc_password}",
                        "writeMode": "insert",
                        "batchSize": "${batchSize}",
                        "memstoreThreshold": "${memstoreThreshold}",
                        "column": [
                            "ID",
                            "BEGIN_DATE",
                            "END_DATE",
                            "INCOME",
                            "MONEY",
                            "CUST_ID",
                            "CUST_TYPE",
                            "STATE",
                            "PRO_CODE",
                            "SELL_BEGIN_DATE",
                            "SELL_END_DATE",
                            "CREATE_DATE",
                            "MOBILE",
                            "BUY_STATE",
                            "UPDATE_DATE",
                            "LCODER_CREATE_TIME",
                            "LCODER_UPDATE_TIME"
                        ],
                        "connection": [
                            {
                                "table": [
                                    "LCINFOJOB.CP_GJ_G2010_THBVIP_CONFIG"
                                ],
                                "jdbcUrl": "${lc_jdbcUrl}"
                            }
                        ],
                        "preSql": "delete table LCINFOJOB.CP_GJ_G2010_THBVIP_CONFIG where ID > #{serialNo}"
                    }
                }
            },
            {
                "reader": {
                    "name": "${cp_reader}",
                    "parameter": {
                        "username": "${cp_username}",
                        "password": "${cp_password}",
                        "column": [
                            "BUY_STATE",
                            "UPDATE_DATE",
                            "ID"
                        ],
                        "connection": [
                            {
                                "table": [
                                    "OTC.GJ_G2010_THBVIP_CONFIG"
                                ],
                                "jdbcUrl": [
                                    "${cp_jdbcUrl}"
                                ]
                            }
                        ]
                    }
                },
                "writer": {
                    "name": "${lc_writer}",
                    "parameter": {
                        "username": "${lc_username}",
                        "password": "${lc_password}",
                        "writeMode": "insert",
                        "batchSize": "${batchSize}",
                        "memstoreThreshold": "${memstoreThreshold}",
                        "column": [
                            "BUY_STATE",
                            "UPDATE_DATE",
                            "ID"
                        ],
                        "connection": [
                            {
                                "table": [
                                    "LCINFOJOB.CP_GJ_G2010_THBVIP_CONFIG"
                                ],
                                "jdbcUrl": "${lc_jdbcUrl}"
                            }
                        ],
                        "preSql": [
                            "truncate table LCINFOJOB.CP_GJ_G2010_THBVIP_CONFIG"
                        ]
                    }
                }
            },
            {
                "reader": {
                    "name": "${cp_reader}",
                    "parameter": {
                        "username": "${cp_username}",
                        "password": "${cp_password}",
                        "column": [
                            "LCODER_UPDATE_TIME",
                            "BEGIN_DATE",
                            "END_DATE",
                            "INCOME",
                            "MONEY",
                            "PRO_CODE",
                            "STATE",
                            "SELL_BEGIN_DATE",
                            "SELL_END_DATE",
                            "ID"
                        ],
                        "connection": [
                            {
                                "table": [
                                    "OTC142.GJ_G2010_THBVIP_CONFIG"
                                ],
                                "jdbcUrl": [
                                    "${cp_jdbcUrl}"
                                ]
                            }
                        ]
                    }
                },
                "writer": {
                    "name": "${lc_writer}",
                    "parameter": {
                        "username": "${lc_username}",
                        "password": "${lc_password}",
                        "writeMode": "insert",
                        "batchSize": "${batchSize}",
                        "memstoreThreshold": "${memstoreThreshold}",
                        "column": [
                            "LCODER_UPDATE_TIME",
                            "BEGIN_DATE",
                            "END_DATE",
                            "INCOME",
                            "MONEY",
                            "PRO_CODE",
                            "STATE",
                            "SELL_BEGIN_DATE",
                            "SELL_END_DATE",
                            "ID"
                        ],
                        "connection": [
                            {
                                "table": [
                                    "LCINFOJOB.CP_GJ_G2010_THBVIP_CONFIG"
                                ],
                                "jdbcUrl": "${lc_jdbcUrl}"
                            }
                        ],
                        "preSql": [
                            "truncate table LCINFOJOB.CP_GJ_G2010_THBVIP_CONFIG"
                        ]
                    }
                }
            }
        ],
        "setting": {
            "speed": {
                "channel": "${channel}"
            },
            "errorLimit": {
                "percentage": "${percentage}"
            }
        }
    }
}