{
    "job": {
        "content": [
            {
                "reader": {
                    "name": "${cp_reader}",
                    "parameter": {
                        "username": "${cp_username}",
                        "password": "${cp_password}",
                        "column": [
                            "LSH",
                            "SUBJECT",
                            "BODY",
                            "MOBILE",
                            "MOT_DATE",
                            "MSG_SEND_STATUS",
                            "RETURN_INFO",
                            "SEND_DATE",
                            "GEN_DATE"
                        ],
                        "connection": [
                            {
                                "table": [
                                    "TASK.MOT_SMS_SEND_TASK_MONITORING"
                                ],
                                "jdbcUrl": [
                                    "${cp_jdbcUrl}"
                                ]
                            }
                        ]
                    }
                },
                "writer": {
                    "name": "${lc_writer}",
                    "parameter": {
                        "username": "${lc_username}",
                        "password": "${lc_password}",
                        "writeMode": "insert",
                        "batchSize": "${batchSize}",
                        "memstoreThreshold": "${memstoreThreshold}",
                        "column": [
                            "LSH",
                            "SUBJECT",
                            "BODY",
                            "MOBILE",
                            "MOT_DATE",
                            "MSG_SEND_STATUS",
                            "RETURN_INFO",
                            "SEND_DATE",
                            "GEN_DATE"
                        ],
                        "connection": [
                            {
                                "table": [
                                    "LCINFOJOB.CP_MOT_SMS_SEND_TASK_MONITORING"
                                ],
                                "jdbcUrl": "${lc_jdbcUrl}"
                            }
                        ]
                    }
                }
            }
        ],
        "setting": {
            "speed": {
                "channel": "${channel}"
            },
            "errorLimit": {
                "percentage": "${percentage}"
            }
        }
    }
}