{
    "job": {
        "content": [
            {
                "reader": {
                    "name": "${cp_reader}",
                    "parameter": {
                        "username": "${cp_username}",
                        "password": "${cp_password}",
                        "column": [
                            "BUY_TIME",
                            "ALLOT_NO",
                            "CIF_ACCOUNT",
                            "CUST_NUM",
                            "ENTRUST_BALANCE",
                            "FUND_ACCOUNT",
                            "ID",
                            "INIT_DATE",
                            "MATCHAMT",
                            "ORDER_STATUS",
                            "ORGID",
                            "PRO_CODE",
                            "PRO_NAME",
                            "REGTEL",
                            "TGLJ_INFO",
                            "UPDATE_TIME",
                            "CUST_MNG",
                            "CUST_COMPANY",
                            "TRADE_TYPE",
                            "ORG_NAME"
                        ],
                        "connection": [
                            {
                                "table": [
                                    "XIAODAIGUEST.BIG_NEWMALL_ORDER_SHTGGZS"
                                ],
                                "jdbcUrl": [
                                    "${cp_jdbcUrl}"
                                ]
                            }
                        ]
                    }
                },
                "writer": {
                    "name": "${lc_writer}",
                    "parameter": {
                        "username": "${lc_username}",
                        "password": "${lc_password}",
                        "writeMode": "insert",
                        "batchSize": "${batchSize}",
                        "memstoreThreshold": "${memstoreThreshold}",
                        "column": [
                            "BUY_TIME",
                            "ALLOT_NO",
                            "CIF_ACCOUNT",
                            "CUST_NUM",
                            "ENTRUST_BALANCE",
                            "FUND_ACCOUNT",
                            "ID",
                            "INIT_DATE",
                            "MATCHAMT",
                            "ORDER_STATUS",
                            "ORGID",
                            "PRO_CODE",
                            "PRO_NAME",
                            "REGTEL",
                            "TGLJ_INFO",
                            "UPDATE_TIME",
                            "CUST_MNG",
                            "CUST_COMPANY",
                            "TRADE_TYPE",
                            "ORG_NAME"
                        ],
                        "connection": [
                            {
                                "table": [
                                    "LCINFOJOB.CP_BIG_NEWMALL_ORDER_SHTGGZS"
                                ],
                                "jdbcUrl": "${lc_jdbcUrl}"
                            }
                        ],
                        "preSql": [
                            "truncate table LCINFOJOB.CP_BIG_NEWMALL_ORDER_SHTGGZS"
                        ]
                    }
                }
            }
        ],
        "setting": {
            "speed": {
                "channel": "${channel}"
            },
            "errorLimit": {
                "percentage": "${percentage}"
            }
        }
    }
}