{
    "job": {
        "content": [
            {
                "reader": {
                    "name": "${cp_reader}",
                    "parameter": {
                        "username": "${cp_username}",
                        "password": "${cp_password}",
                        "column": [
                            "STRATEGY_NAME",
                            "YEAR",
                            "PROD_ID",
                            "PROD_CODE",
                            "PROD_NAME",
                            "RECOVERY_DAYS",
                            "MARKET_UP_RET",
                            "MARKET_DOWN_RET",
                            "IPO_TIME",
                            "IPO_RANK",
                            "IPO_SUCCESS_RATE",
                            "SUBSCRIPTION_WIN_STOCK",
                            "IPO_TIME_LY",
                            "IPO_RANK_LY",
                            "IPO_SUCCESS_RATE_LY",
                            "SUBSCRIPTION_WIN_STOCK_LY",
                            "IPO_TIME_YBL",
                            "IPO_RANK_YBL",
                            "IPO_SUCCESS_RATE_YBL",
                            "SUBSCRIPTION_WIN_STOCK_YBL"
                        ],
                        "connection": [
                            {
                                "table": [
                                    "XIAODAIGUEST.FI_PLUS_STRATEGY"
                                ],
                                "jdbcUrl": [
                                    "${cp_jdbcUrl}"
                                ]
                            }
                        ]
                    }
                },
                "writer": {
                    "name": "${lc_writer}",
                    "parameter": {
                        "username": "${lc_username}",
                        "password": "${lc_password}",
                        "writeMode": "insert",
                        "batchSize": "${batchSize}",
                        "memstoreThreshold": "${memstoreThreshold}",
                        "column": [
                            "STRATEGY_NAME",
                            "YEAR",
                            "PROD_ID",
                            "PROD_CODE",
                            "PROD_NAME",
                            "RECOVERY_DAYS",
                            "MARKET_UP_RET",
                            "MARKET_DOWN_RET",
                            "IPO_TIME",
                            "IPO_RANK",
                            "IPO_SUCCESS_RATE",
                            "SUBSCRIPTION_WIN_STOCK",
                            "IPO_TIME_LY",
                            "IPO_RANK_LY",
                            "IPO_SUCCESS_RATE_LY",
                            "SUBSCRIPTION_WIN_STOCK_LY",
                            "IPO_TIME_YBL",
                            "IPO_RANK_YBL",
                            "IPO_SUCCESS_RATE_YBL",
                            "SUBSCRIPTION_WIN_STOCK_YBL"
                        ],
                        "connection": [
                            {
                                "table": [
                                    "LCINFOJOB.CP_FI_PLUS_STRATEGY"
                                ],
                                "jdbcUrl": "${lc_jdbcUrl}"
                            }
                        ],
                        "preSql": [
                            "truncate table LCINFOJOB.CP_FI_PLUS_STRATEGY"
                        ]
                    }
                }
            }
        ],
        "setting": {
            "speed": {
                "channel": "${channel}"
            },
            "errorLimit": {
                "percentage": "${percentage}"
            }
        }
    }
}