{
    "job": {
        "content": [
            {
                "reader": {
                    "name": "${cp_reader}",
                    "parameter": {
                        "username": "${cp_username}",
                        "password": "${cp_password}",
                        "column": [
                            "FID",
                            "CREATETIME",
                            "CREATEUSER",
                            "UPDATETIME",
                            "UPDATEUSER",
                            "ISDEL",
                            "FUND_CODE",
                            "SEMI_CODE",
                            "DF_TYPE_CODE",
                            "SIMILARITY",
                            "INSERT_DATE",
                            "NVGR_CORR",
                            "FGA_RATIO",
                            "INDUSTRY_CONFIG",
                            "BOND_TYPE_CONFIG",
                            "ASSET_CONFIG",
                            "INDEX_TRACKING",
                            "TYPE_OF_FUND",
                            "FSEQID",
                            "UTSUPTIME"
                        ],
                        "connection": [
                            {
                                "table": [
                                    "XIAODAIGUEST.GJ_FUND_EVA_SIMILARITY_FUND"
                                ],
                                "jdbcUrl": [
                                    "${cp_jdbcUrl}"
                                ]
                            }
                        ]
                    }
                },
                "writer": {
                    "name": "${lc_writer}",
                    "parameter": {
                        "username": "${lc_username}",
                        "password": "${lc_password}",
                        "writeMode": "insert",
                        "batchSize": "${batchSize}",
                        "memstoreThreshold": "${memstoreThreshold}",
                        "column": [
                            "FID",
                            "CREATETIME",
                            "CREATEUSER",
                            "UPDATETIME",
                            "UPDATEUSER",
                            "ISDEL",
                            "FUND_CODE",
                            "SEMI_CODE",
                            "DF_TYPE_CODE",
                            "SIMILARITY",
                            "INSERT_DATE",
                            "NVGR_CORR",
                            "FGA_RATIO",
                            "INDUSTRY_CONFIG",
                            "BOND_TYPE_CONFIG",
                            "ASSET_CONFIG",
                            "INDEX_TRACKING",
                            "TYPE_OF_FUND",
                            "FSEQID",
                            "UTSUPTIME"
                        ],
                        "connection": [
                            {
                                "table": [
                                    "LCINFOJOB.CP_GJ_FUND_EVA_SIMILARITY_FUND"
                                ],
                                "jdbcUrl": "${lc_jdbcUrl}"
                            }
                        ],
                        "preSql": [
                            "truncate table LCINFOJOB.CP_GJ_FUND_EVA_SIMILARITY_FUND"
                        ]
                    }
                }
            }
        ],
        "setting": {
            "speed": {
                "channel": "${channel}"
            },
            "errorLimit": {
                "percentage": "${percentage}"
            }
        }
    }
}