{
    "job": {
        "content": [
            {
                "reader": {
                    "name": "${cp_reader}",
                    "parameter": {
                        "username": "${cp_username}",
                        "password": "${cp_password}",
                        "column": [
                            "TRADEDATE",
                            "PROD_CODE",
                            "PROD_NAME",
                            "SELL_AMT_MONTH_WEEK",
                            "SELL_QTY_MONTH_WEEK",
                            "SELL_AMT_MONTH_MONTH",
                            "SELL_QTY_MONTH_MONTH",
                            "WEEK_BEGIN_DATE",
                            "MONTH_BEGIN_DATE",
                            "END_DATE",
                            "SELL_AMT_HALFMONTH",
                            "SELL_QTY_HALFMONTH",
                            "SELL_AMT_QUARTER",
                            "SELL_QTY_QUARTER",
                            "SELL_AMT_HALFYEAR",
                            "SELL_QTY_HALFYEAR",
                            "SELL_AMT_YEAR",
                            "SELL_QTY_YEAR",
                            "HALFMONTH_BEGIN_DATE",
                            "QUARTER_BEGIN_DATE",
                            "HALFYEAR_BEGIN_DATE",
                            "YEAR_BEGIN_DATE",
                            "PROD_TYPE",
                            "PUSH_DATE"
                        ],
                        "connection": [
                            {
                                "table": [
                                    "XIAODAIGUEST.GJ_G2010_PROD_SELL_PUSH"
                                ],
                                "jdbcUrl": [
                                    "${cp_jdbcUrl}"
                                ]
                            }
                        ]
                    }
                },
                "writer": {
                    "name": "${lc_writer}",
                    "parameter": {
                        "username": "${lc_username}",
                        "password": "${lc_password}",
                        "writeMode": "insert",
                        "batchSize": "${batchSize}",
                        "memstoreThreshold": "${memstoreThreshold}",
                        "column": [
                            "TRADEDATE",
                            "PROD_CODE",
                            "PROD_NAME",
                            "SELL_AMT_MONTH_WEEK",
                            "SELL_QTY_MONTH_WEEK",
                            "SELL_AMT_MONTH_MONTH",
                            "SELL_QTY_MONTH_MONTH",
                            "WEEK_BEGIN_DATE",
                            "MONTH_BEGIN_DATE",
                            "END_DATE",
                            "SELL_AMT_HALFMONTH",
                            "SELL_QTY_HALFMONTH",
                            "SELL_AMT_QUARTER",
                            "SELL_QTY_QUARTER",
                            "SELL_AMT_HALFYEAR",
                            "SELL_QTY_HALFYEAR",
                            "SELL_AMT_YEAR",
                            "SELL_QTY_YEAR",
                            "HALFMONTH_BEGIN_DATE",
                            "QUARTER_BEGIN_DATE",
                            "HALFYEAR_BEGIN_DATE",
                            "YEAR_BEGIN_DATE",
                            "PROD_TYPE",
                            "PUSH_DATE"
                        ],
                        "connection": [
                            {
                                "table": [
                                    "LCINFOJOB.CP_GJ_G2010_PROD_SELL_PUSH"
                                ],
                                "jdbcUrl": "${lc_jdbcUrl}"
                            }
                        ],
                        "preSql": [
                            "truncate table LCINFOJOB.CP_GJ_G2010_PROD_SELL_PUSH"
                        ]
                    }
                }
            }
        ],
        "setting": {
            "speed": {
                "channel": "${channel}"
            },
            "errorLimit": {
                "percentage": "${percentage}"
            }
        }
    }
}