{
    "job": {
        "content": [
            {
                "reader": {
                    "name": "${cp_reader}",
                    "parameter": {
                        "username": "${cp_username}",
                        "password": "${cp_password}",
                        "column": [
                            "SYS_NAME",
                            "PKG_ID",
                            "TASK_TYPE",
                            "BUSI_DATE",
                            "PUSH_DATE",
                            "BEGIN_TIME",
                            "END_TIME",
                            "PUSH_STATUS",
                            "PUSH_BATCH",
                            "REMARK",
                            "SRC_F_FLAG",
                            "LOAD_TIME",
                            "IS_CONVERT",
                            "CONVERT_TIME"
                        ],
                        "connection": [
                            {
                                "table": [
                                    "XIAODAIGUEST.JHSC_TASK_STATUS"
                                ],
                                "jdbcUrl": [
                                    "${cp_jdbcUrl}"
                                ]
                            }
                        ]
                    }
                },
                "writer": {
                    "name": "${lc_writer}",
                    "parameter": {
                        "username": "${lc_username}",
                        "password": "${lc_password}",
                        "writeMode": "insert",
                        "batchSize": "${batchSize}",
                        "memstoreThreshold": "${memstoreThreshold}",
                        "column": [
                            "SYS_NAME",
                            "PKG_ID",
                            "TASK_TYPE",
                            "BUSI_DATE",
                            "PUSH_DATE",
                            "BEGIN_TIME",
                            "END_TIME",
                            "PUSH_STATUS",
                            "PUSH_BATCH",
                            "REMARK",
                            "SRC_F_FLAG",
                            "LOAD_TIME",
                            "IS_CONVERT",
                            "CONVERT_TIME"
                        ],
                        "connection": [
                            {
                                "table": [
                                    "LCINFOJOB.CP_JHSC_TASK_STATUS"
                                ],
                                "jdbcUrl": "${lc_jdbcUrl}"
                            }
                        ],
                        "preSql": [
                            "truncate table LCINFOJOB.CP_JHSC_TASK_STATUS"
                        ]
                    }
                }
            }
        ],
        "setting": {
            "speed": {
                "channel": "${channel}"
            },
            "errorLimit": {
                "percentage": "${percentage}"
            }
        }
    }
}