{
    "job": {
        "content": [
            {
                "reader": {
                    "name": "${cp_reader}",
                    "parameter": {
                        "username": "${cp_username}",
                        "password": "${cp_password}",
                        "column": [
                            "BUSI_DATE",
                            "FUNC_NAME",
                            "CONTT_CODE",
                            "PV",
                            "UV"
                        ],
                        "connection": [
                            {
                                "table": [
                                    "XIAODAIGUEST.N_FN_VIEW_STAT"
                                ],
                                "jdbcUrl": [
                                    "${cp_jdbcUrl}"
                                ]
                            }
                        ]
                    }
                },
                "writer": {
                    "name": "${lc_writer}",
                    "parameter": {
                        "username": "${lc_username}",
                        "password": "${lc_password}",
                        "writeMode": "insert",
                        "batchSize": "${batchSize}",
                        "memstoreThreshold": "${memstoreThreshold}",
                        "column": [
                            "BUSI_DATE",
                            "FUNC_NAME",
                            "CONTT_CODE",
                            "PV",
                            "UV"
                        ],
                        "connection": [
                            {
                                "table": [
                                    "LCINFOJOB.CP_N_FN_VIEW_STAT"
                                ],
                                "jdbcUrl": "${lc_jdbcUrl}"
                            }
                        ],
                        "preSql": [
                            "truncate table LCINFOJOB.CP_N_FN_VIEW_STAT"
                        ]
                    }
                }
            }
        ],
        "setting": {
            "speed": {
                "channel": "${channel}"
            },
            "errorLimit": {
                "percentage": "${percentage}"
            }
        }
    }
}