{
    "job": {
        "content": [
            {
                "reader": {
                    "name": "${cp_reader}",
                    "parameter": {
                        "username": "${cp_username}",
                        "password": "${cp_password}",
                        "column": [
                            "PRO_CODE",
                            "GROW_RATE_DAY",
                            "COMM_1W",
                            "COMM_1M",
                            "COMM_3M",
                            "COMM_6M",
                            "COMM_1Y",
                            "COMM_2Y",
                            "COMM_3Y",
                            "COMM",
                            "COMM_YEAR",
                            "EXP_RATE_PER_SEVENDAY",
                            "INV_MNG"
                        ],
                        "connection": [
                            {
                                "table": [
                                    "XIAODAIGUEST.PRO_OWNOTC_VIEW"
                                ],
                                "jdbcUrl": [
                                    "${cp_jdbcUrl}"
                                ]
                            }
                        ]
                    }
                },
                "writer": {
                    "name": "${lc_writer}",
                    "parameter": {
                        "username": "${lc_username}",
                        "password": "${lc_password}",
                        "writeMode": "insert",
                        "batchSize": "${batchSize}",
                        "memstoreThreshold": "${memstoreThreshold}",
                        "column": [
                            "PRO_CODE",
                            "GROW_RATE_DAY",
                            "COMM_1W",
                            "COMM_1M",
                            "COMM_3M",
                            "COMM_6M",
                            "COMM_1Y",
                            "COMM_2Y",
                            "COMM_3Y",
                            "COMM",
                            "COMM_YEAR",
                            "EXP_RATE_PER_SEVENDAY",
                            "INV_MNG"
                        ],
                        "connection": [
                            {
                                "table": [
                                    "LCINFOJOB.CP_PRO_OWNOTC_VIEW"
                                ],
                                "jdbcUrl": "${lc_jdbcUrl}"
                            }
                        ],
                        "preSql": [
                            "truncate table LCINFOJOB.CP_PRO_OWNOTC_VIEW"
                        ]
                    }
                }
            }
        ],
        "setting": {
            "speed": {
                "channel": "${channel}"
            },
            "errorLimit": {
                "percentage": "${percentage}"
            }
        }
    }
}