{
    "job": {
        "content": [
            {
                "reader": {
                    "name": "${cp_reader}",
                    "parameter": {
                        "username": "${cp_username}",
                        "password": "${cp_password}",
                        "column": [
                            "TRADEDATE",
                            "PROD_CODE",
                            "PROD_NAME",
                            "MODULE_CODE",
                            "MODULE_NAME",
                            "MODELE_RATE",
                            "RANK",
                            "MODULE_ASCEND_W",
                            "MODULE_ASCEND_M",
                            "MODULE_ASCEND_Q",
                            "MODULE_ASCEND_D",
                            "HOT_SCORE_D",
                            "HOT_LEVEL_D",
                            "HOT_SCORE_W",
                            "HOT_LEVEL_W",
                            "HOT_SCORE_M",
                            "HOT_LEVEL_M",
                            "HOT_SCORE_Q",
                            "HOT_LEVEL_Q",
                            "MODULE_ASCEND_HY",
                            "MODULE_ASCEND_Y",
                            "HOT_SCORE_HY",
                            "HOT_LEVEL_HY",
                            "HOT_SCORE_Y",
                            "HOT_LEVEL_Y",
                            "CLOSE_PRICE"
                        ],
                        "connection": [
                            {
                                "table": [
                                    "XIAODAIGUEST.PROD_INVEST_MODULE_TOP"
                                ],
                                "jdbcUrl": [
                                    "${cp_jdbcUrl}"
                                ]
                            }
                        ]
                    }
                },
                "writer": {
                    "name": "${lc_writer}",
                    "parameter": {
                        "username": "${lc_username}",
                        "password": "${lc_password}",
                        "writeMode": "insert",
                        "batchSize": "${batchSize}",
                        "memstoreThreshold": "${memstoreThreshold}",
                        "column": [
                            "TRADEDATE",
                            "PROD_CODE",
                            "PROD_NAME",
                            "MODULE_CODE",
                            "MODULE_NAME",
                            "MODELE_RATE",
                            "RANK",
                            "MODULE_ASCEND_W",
                            "MODULE_ASCEND_M",
                            "MODULE_ASCEND_Q",
                            "MODULE_ASCEND_D",
                            "HOT_SCORE_D",
                            "HOT_LEVEL_D",
                            "HOT_SCORE_W",
                            "HOT_LEVEL_W",
                            "HOT_SCORE_M",
                            "HOT_LEVEL_M",
                            "HOT_SCORE_Q",
                            "HOT_LEVEL_Q",
                            "MODULE_ASCEND_HY",
                            "MODULE_ASCEND_Y",
                            "HOT_SCORE_HY",
                            "HOT_LEVEL_HY",
                            "HOT_SCORE_Y",
                            "HOT_LEVEL_Y",
                            "CLOSE_PRICE"
                        ],
                        "connection": [
                            {
                                "table": [
                                    "LCINFOJOB.CP_PROD_INVEST_MODULE_TOP"
                                ],
                                "jdbcUrl": "${lc_jdbcUrl}"
                            }
                        ],
                        "preSql": [
                            "truncate table LCINFOJOB.CP_PROD_INVEST_MODULE_TOP"
                        ]
                    }
                }
            }
        ],
        "setting": {
            "speed": {
                "channel": "${channel}"
            },
            "errorLimit": {
                "percentage": "${percentage}"
            }
        }
    }
}