{
    "job": {
        "content": [
            {
                "reader": {
                    "name": "${cp_reader}",
                    "parameter": {
                        "username": "${cp_username}",
                        "password": "${cp_password}",
                        "column": [
                            "CUSTOMER_ID",
                            "CUSTOMER_NO",
                            "BRANCH_ID",
                            "MANAGER_BRANCH_CODE",
                            "MANAGER_BRANCH_NAME",
                            "SUB_COMPANY_CODE",
                            "SUB_COMPANY_NAME",
                            "RELA_TYPE",
                            "EMP_NO",
                            "EMP_NAME",
                            "PHONENUM"
                        ],
                        "connection": [
                            {
                                "table": [
                                    "XIAODAIGUEST.SJFW_CUST_EMP_RELA"
                                ],
                                "jdbcUrl": [
                                    "${cp_jdbcUrl}"
                                ]
                            }
                        ]
                    }
                },
                "writer": {
                    "name": "${lc_writer}",
                    "parameter": {
                        "username": "${lc_username}",
                        "password": "${lc_password}",
                        "writeMode": "insert",
                        "batchSize": "${batchSize}",
                        "memstoreThreshold": "${memstoreThreshold}",
                        "column": [
                            "CUSTOMER_ID",
                            "CUSTOMER_NO",
                            "BRANCH_ID",
                            "MANAGER_BRANCH_CODE",
                            "MANAGER_BRANCH_NAME",
                            "SUB_COMPANY_CODE",
                            "SUB_COMPANY_NAME",
                            "RELA_TYPE",
                            "EMP_NO",
                            "EMP_NAME",
                            "PHONENUM"
                        ],
                        "connection": [
                            {
                                "table": [
                                    "LCINFOJOB.CP_SJFW_CUST_EMP_RELA"
                                ],
                                "jdbcUrl": "${lc_jdbcUrl}"
                            }
                        ],
                        "preSql": [
                            "truncate table LCINFOJOB.CP_SJFW_CUST_EMP_RELA"
                        ]
                    }
                }
            }
        ],
        "setting": {
            "speed": {
                "channel": "${channel}"
            },
            "errorLimit": {
                "percentage": "${percentage}"
            }
        }
    }
}