{
    "job": {
        "content": [
            {
                "reader": {
                    "name": "${cp_reader}",
                    "parameter": {
                        "username": "${cp_username}",
                        "password": "${cp_password}",
                        "column": [
                            "TRADEDATE",
                            "PROD_CODE",
                            "PROD_NAME",
                            "ACCUM_NET",
                            "TRADE_TYPE",
                            "START_DATE",
                            "END_DATE",
                            "LIST_DATE",
                            "END_LIST_DATE",
                            "ASDATEOTC",
                            "RSDATEOTC",
                            "FUND_END_DATE",
                            "END_REASON",
                            "END_REASONINFO",
                            "EXCH_CODE",
                            "EXCH_NAME",
                            "TRS_TYP_DATE",
                            "DURATION",
                            "DURATION_UNIT",
                            "CLOSE_PERIOD",
                            "CLOSE_PERIOD_UNIT",
                            "CORRES_CODE",
                            "CORRESE_MARKET_CODE",
                            "TYPE_CODE"
                        ],
                        "connection": [
                            {
                                "table": [
                                    "XIAODAIGUEST.SJFW_YHZX_PROD_PUB_INFO"
                                ],
                                "jdbcUrl": [
                                    "${cp_jdbcUrl}"
                                ]
                            }
                        ]
                    }
                },
                "writer": {
                    "name": "${lc_writer}",
                    "parameter": {
                        "username": "${lc_username}",
                        "password": "${lc_password}",
                        "writeMode": "insert",
                        "batchSize": "${batchSize}",
                        "memstoreThreshold": "${memstoreThreshold}",
                        "column": [
                            "TRADEDATE",
                            "PROD_CODE",
                            "PROD_NAME",
                            "ACCUM_NET",
                            "TRADE_TYPE",
                            "START_DATE",
                            "END_DATE",
                            "LIST_DATE",
                            "END_LIST_DATE",
                            "ASDATEOTC",
                            "RSDATEOTC",
                            "FUND_END_DATE",
                            "END_REASON",
                            "END_REASONINFO",
                            "EXCH_CODE",
                            "EXCH_NAME",
                            "TRS_TYP_DATE",
                            "DURATION",
                            "DURATION_UNIT",
                            "CLOSE_PERIOD",
                            "CLOSE_PERIOD_UNIT",
                            "CORRES_CODE",
                            "CORRESE_MARKET_CODE",
                            "TYPE_CODE"
                        ],
                        "connection": [
                            {
                                "table": [
                                    "LCINFOJOB.CP_SJFW_YHZX_PROD_PUB_INFO"
                                ],
                                "jdbcUrl": "${lc_jdbcUrl}"
                            }
                        ],
                        "preSql": [
                            "truncate table LCINFOJOB.CP_SJFW_YHZX_PROD_PUB_INFO"
                        ]
                    }
                }
            }
        ],
        "setting": {
            "speed": {
                "channel": "${channel}"
            },
            "errorLimit": {
                "percentage": "${percentage}"
            }
        }
    }
}