{
    "job": {
        "content": [
            {
                "reader": {
                    "name": "${cp_reader}",
                    "parameter": {
                        "username": "${cp_username}",
                        "password": "${cp_password}",
                        "column": [
                            "BUSI_DATE",
                            "INIT_DATE",
                            "SERIAL_NO",
                            "CURR_DATE",
                            "CURR_TIME",
                            "OP_ENTRUST_WAY",
                            "OP_BRANCH_NO",
                            "OP_STATION",
                            "OPERATOR_NO",
                            "BRANCH_NO",
                            "BUSINESS_FLAG",
                            "FUND_ACCOUNT",
                            "CLIENT_ID",
                            "ID_KIND",
                            "AGENCY_NO",
                            "ENTRUST_NO",
                            "PROD_POSITION_STR",
                            "ID_NO",
                            "CLIENT_NAME",
                            "FULL_NAME",
                            "CLIENT_ACCOUNT",
                            "CLIENT_GENDER",
                            "MOBILE_TEL",
                            "PHONE",
                            "ADDRESS",
                            "ZIPCODE",
                            "PAPER_ANSWER",
                            "TEST_NO",
                            "PAPER_SCORE",
                            "PROD_CODE",
                            "PROD_NAME",
                            "MONEY_TYPE",
                            "PRODOPER_TYPE",
                            "OCCUR_AMOUNT",
                            "OCCUR_BALANCE",
                            "CURRENT_BALANCE",
                            "BANK_ERROR_INFO",
                            "CONSTRACT_STR",
                            "BANK_RET_CODE",
                            "FARE_SX",
                            "AV_INCOME_BALANCE",
                            "APPLY_DATE",
                            "PRODRISK_LEVEL",
                            "TRANS_CODE",
                            "DIVIDEND_BALANCE",
                            "PRINCIPAL",
                            "REDEEM_PRICE",
                            "ALLOT_NO",
                            "BANKM_ACCOUNT",
                            "PRODTA_NO",
                            "BK_SERIAL_NO",
                            "SC_SERIAL_NO",
                            "BUSINESS_TIME",
                            "REPORT_TIME",
                            "SECURITY_NO",
                            "TERMINAL_NO",
                            "BKTRANS_STATUS",
                            "ERROR_NO",
                            "RESEND_TIMES",
                            "REMARK",
                            "DATE_CLEAR",
                            "DEAL_FLAG",
                            "POSITION_STR",
                            "CLIENT_GROUP",
                            "ROOM_CODE",
                            "ASSET_PROP",
                            "LIMIT_FLAG",
                            "CORP_CLIENT_GROUP",
                            "CORP_RISK_LEVEL",
                            "ASSET_LEVEL",
                            "CANCEL_SERIALNO",
                            "PRODTRANS_TYPE",
                            "DEVELOPER",
                            "ELIG_CONFIRM_TYPE",
                            "PAY_KIND",
                            "BANK_NO",
                            "PAY_ACCOUNT",
                            "JOIN_DATE",
                            "JOIN_SERIAL_NO",
                            "SETTLE_DATE",
                            "ELIG_CHECK_STR",
                            "INVPAY_STATUS",
                            "PROD_OPEN_DATE",
                            "REAL_BALANCE",
                            "ID_ENDDATE",
                            "CLIENT_NAME_ENG",
                            "TARISK_LEVEL",
                            "RISK_ENDDATE",
                            "CONTACT_NAME",
                            "CONTACT_ID_KIND",
                            "CONTACT_ID_NO",
                            "PRODHOLDER_STATUS",
                            "ORIGINAL_SERIAL_NO",
                            "ORIGINAL_DATE",
                            "ORIG_BUSINESS_FLAG",
                            "CURRENT_AMOUNT",
                            "FROZEN_AMOUNT",
                            "UNCOME_BUY_BALANCE",
                            "LAST_INIT_DATE",
                            "CITY_NO",
                            "ORGAN_FLAG",
                            "ORIGINAL_APPNO",
                            "REBUY_FLAG",
                            "REBUY_BALANCE",
                            "REBUY_PERIODS",
                            "TRANS_ACCOUNT",
                            "CO_SERIAL_NO",
                            "PRODCHANNEL_TYPE",
                            "LOAD_TIME",
                            "SRC_F_FLAG"
                        ],
                        "connection": [
                            {
                                "table": [
                                    "XIAODAIGUEST.TCL_HIS_BANKMENTRUST"
                                ],
                                "jdbcUrl": [
                                    "${cp_jdbcUrl}"
                                ]
                            }
                        ]
                    }
                },
                "writer": {
                    "name": "${lc_writer}",
                    "parameter": {
                        "username": "${lc_username}",
                        "password": "${lc_password}",
                        "writeMode": "insert",
                        "batchSize": "${batchSize}",
                        "memstoreThreshold": "${memstoreThreshold}",
                        "column": [
                            "BUSI_DATE",
                            "INIT_DATE",
                            "SERIAL_NO",
                            "CURR_DATE",
                            "CURR_TIME",
                            "OP_ENTRUST_WAY",
                            "OP_BRANCH_NO",
                            "OP_STATION",
                            "OPERATOR_NO",
                            "BRANCH_NO",
                            "BUSINESS_FLAG",
                            "FUND_ACCOUNT",
                            "CLIENT_ID",
                            "ID_KIND",
                            "AGENCY_NO",
                            "ENTRUST_NO",
                            "PROD_POSITION_STR",
                            "ID_NO",
                            "CLIENT_NAME",
                            "FULL_NAME",
                            "CLIENT_ACCOUNT",
                            "CLIENT_GENDER",
                            "MOBILE_TEL",
                            "PHONE",
                            "ADDRESS",
                            "ZIPCODE",
                            "PAPER_ANSWER",
                            "TEST_NO",
                            "PAPER_SCORE",
                            "PROD_CODE",
                            "PROD_NAME",
                            "MONEY_TYPE",
                            "PRODOPER_TYPE",
                            "OCCUR_AMOUNT",
                            "OCCUR_BALANCE",
                            "CURRENT_BALANCE",
                            "BANK_ERROR_INFO",
                            "CONSTRACT_STR",
                            "BANK_RET_CODE",
                            "FARE_SX",
                            "AV_INCOME_BALANCE",
                            "APPLY_DATE",
                            "PRODRISK_LEVEL",
                            "TRANS_CODE",
                            "DIVIDEND_BALANCE",
                            "PRINCIPAL",
                            "REDEEM_PRICE",
                            "ALLOT_NO",
                            "BANKM_ACCOUNT",
                            "PRODTA_NO",
                            "BK_SERIAL_NO",
                            "SC_SERIAL_NO",
                            "BUSINESS_TIME",
                            "REPORT_TIME",
                            "SECURITY_NO",
                            "TERMINAL_NO",
                            "BKTRANS_STATUS",
                            "ERROR_NO",
                            "RESEND_TIMES",
                            "REMARK",
                            "DATE_CLEAR",
                            "DEAL_FLAG",
                            "POSITION_STR",
                            "CLIENT_GROUP",
                            "ROOM_CODE",
                            "ASSET_PROP",
                            "LIMIT_FLAG",
                            "CORP_CLIENT_GROUP",
                            "CORP_RISK_LEVEL",
                            "ASSET_LEVEL",
                            "CANCEL_SERIALNO",
                            "PRODTRANS_TYPE",
                            "DEVELOPER",
                            "ELIG_CONFIRM_TYPE",
                            "PAY_KIND",
                            "BANK_NO",
                            "PAY_ACCOUNT",
                            "JOIN_DATE",
                            "JOIN_SERIAL_NO",
                            "SETTLE_DATE",
                            "ELIG_CHECK_STR",
                            "INVPAY_STATUS",
                            "PROD_OPEN_DATE",
                            "REAL_BALANCE",
                            "ID_ENDDATE",
                            "CLIENT_NAME_ENG",
                            "TARISK_LEVEL",
                            "RISK_ENDDATE",
                            "CONTACT_NAME",
                            "CONTACT_ID_KIND",
                            "CONTACT_ID_NO",
                            "PRODHOLDER_STATUS",
                            "ORIGINAL_SERIAL_NO",
                            "ORIGINAL_DATE",
                            "ORIG_BUSINESS_FLAG",
                            "CURRENT_AMOUNT",
                            "FROZEN_AMOUNT",
                            "UNCOME_BUY_BALANCE",
                            "LAST_INIT_DATE",
                            "CITY_NO",
                            "ORGAN_FLAG",
                            "ORIGINAL_APPNO",
                            "REBUY_FLAG",
                            "REBUY_BALANCE",
                            "REBUY_PERIODS",
                            "TRANS_ACCOUNT",
                            "CO_SERIAL_NO",
                            "PRODCHANNEL_TYPE",
                            "LOAD_TIME",
                            "SRC_F_FLAG"
                        ],
                        "connection": [
                            {
                                "table": [
                                    "LCINFOJOB.CP_TCL_HIS_BANKMENTRUST"
                                ],
                                "jdbcUrl": "${lc_jdbcUrl}"
                            }
                        ],
                        "preSql": [
                            "truncate table LCINFOJOB.CP_TCL_HIS_BANKMENTRUST"
                        ]
                    }
                }
            }
        ],
        "setting": {
            "speed": {
                "channel": "${channel}"
            },
            "errorLimit": {
                "percentage": "${percentage}"
            }
        }
    }
}