{
    "job": {
        "content": [
            {
                "reader": {
                    "name": "${cp_reader}",
                    "parameter": {
                        "username": "${cp_username}",
                        "password": "${cp_password}",
                        "column": [
                            "BUSI_DATE",
                            "INIT_DATE",
                            "ALLOT_NO",
                            "CURR_DATE",
                            "CURR_TIME",
                            "OP_STATION",
                            "OP_ENTRUST_WAY",
                            "OPERATOR_NO",
                            "OP_BRANCH_NO",
                            "BRANCH_NO",
                            "BUSINESS_FLAG",
                            "PRODBRANCH_ZONE",
                            "FUND_ACCOUNT",
                            "CLIENT_ID",
                            "SECUM_ACCOUNT",
                            "PROD_CODE",
                            "PROD_NAME",
                            "PRODTA_NO",
                            "SWITCH_PROD_CODE",
                            "MONEY_TYPE",
                            "DIVIDEND_WAY",
                            "ENTRUST_NO",
                            "BATCH_NO",
                            "CHARGE_TYPE",
                            "ENTRUST_BALANCE",
                            "ENTRUST_AMOUNT",
                            "ENTRUST_PRICE",
                            "ENTRUST_STATUS",
                            "BUSINESS_BALANCE",
                            "BUSINESS_AMOUNT",
                            "BUSINESS_DATE",
                            "RATIO_SX",
                            "TA_FARE",
                            "SALE_FARE",
                            "OTHER_FARE",
                            "DISCOUNT_RATE",
                            "EXCEED_FLAG",
                            "PRODRISK_FLAG",
                            "MATCH_FLAG",
                            "VALID_DATE",
                            "AGENCY_NO",
                            "DEAL_FLAG",
                            "PROD_POSITION_STR",
                            "ERROR_NO",
                            "DATE_CLEAR",
                            "CANCEL_SERIALNO",
                            "REMARK",
                            "POSITION_STR",
                            "DEVELOPER",
                            "TRANS_ACCOUNT",
                            "OTHER_AGENCY",
                            "OTHER_NETNO",
                            "OPPO_PRODACCOUNT",
                            "OTHER_TRANSACCOUNT",
                            "NOTRADE_KIND",
                            "ELIG_CONFIRM_TYPE",
                            "FUND_DATE",
                            "END_DATE",
                            "PERIOD_DATE",
                            "PAY_CYCLE_UNIT",
                            "PAY_CYCLE_RATE",
                            "PAY_KIND",
                            "BANK_NO",
                            "PAY_ACCOUNT",
                            "JOIN_DATE",
                            "JOIN_SERIAL_NO",
                            "SETTLE_DATE",
                            "ELIG_CHECK_STR",
                            "ORIGINAL_APPNO",
                            "INVPAY_STATUS",
                            "ORIG_ENTRUST_NO",
                            "SEAT_NO",
                            "CORP_RISK_LEVEL",
                            "TA_SERIALNO",
                            "REORDER_FLAG",
                            "CO_SERIAL_NO",
                            "PRODCODE_TYPE",
                            "PROD_ENTRUSTSRC_TYPE",
                            "ASSET_LEVEL",
                            "ASSET_PROP",
                            "CLIENT_GROUP",
                            "CLIENT_NAME",
                            "CORP_CLIENT_GROUP",
                            "LIMIT_FLAG",
                            "ROOM_CODE",
                            "LOAD_TIME",
                            "SRC_F_FLAG"
                        ],
                        "connection": [
                            {
                                "table": [
                                    "XIAODAIGUEST.TCL_VHISSECUMENTRUST"
                                ],
                                "jdbcUrl": [
                                    "${cp_jdbcUrl}"
                                ]
                            }
                        ]
                    }
                },
                "writer": {
                    "name": "${lc_writer}",
                    "parameter": {
                        "username": "${lc_username}",
                        "password": "${lc_password}",
                        "writeMode": "insert",
                        "batchSize": "${batchSize}",
                        "memstoreThreshold": "${memstoreThreshold}",
                        "column": [
                            "BUSI_DATE",
                            "INIT_DATE",
                            "ALLOT_NO",
                            "CURR_DATE",
                            "CURR_TIME",
                            "OP_STATION",
                            "OP_ENTRUST_WAY",
                            "OPERATOR_NO",
                            "OP_BRANCH_NO",
                            "BRANCH_NO",
                            "BUSINESS_FLAG",
                            "PRODBRANCH_ZONE",
                            "FUND_ACCOUNT",
                            "CLIENT_ID",
                            "SECUM_ACCOUNT",
                            "PROD_CODE",
                            "PROD_NAME",
                            "PRODTA_NO",
                            "SWITCH_PROD_CODE",
                            "MONEY_TYPE",
                            "DIVIDEND_WAY",
                            "ENTRUST_NO",
                            "BATCH_NO",
                            "CHARGE_TYPE",
                            "ENTRUST_BALANCE",
                            "ENTRUST_AMOUNT",
                            "ENTRUST_PRICE",
                            "ENTRUST_STATUS",
                            "BUSINESS_BALANCE",
                            "BUSINESS_AMOUNT",
                            "BUSINESS_DATE",
                            "RATIO_SX",
                            "TA_FARE",
                            "SALE_FARE",
                            "OTHER_FARE",
                            "DISCOUNT_RATE",
                            "EXCEED_FLAG",
                            "PRODRISK_FLAG",
                            "MATCH_FLAG",
                            "VALID_DATE",
                            "AGENCY_NO",
                            "DEAL_FLAG",
                            "PROD_POSITION_STR",
                            "ERROR_NO",
                            "DATE_CLEAR",
                            "CANCEL_SERIALNO",
                            "REMARK",
                            "POSITION_STR",
                            "DEVELOPER",
                            "TRANS_ACCOUNT",
                            "OTHER_AGENCY",
                            "OTHER_NETNO",
                            "OPPO_PRODACCOUNT",
                            "OTHER_TRANSACCOUNT",
                            "NOTRADE_KIND",
                            "ELIG_CONFIRM_TYPE",
                            "FUND_DATE",
                            "END_DATE",
                            "PERIOD_DATE",
                            "PAY_CYCLE_UNIT",
                            "PAY_CYCLE_RATE",
                            "PAY_KIND",
                            "BANK_NO",
                            "PAY_ACCOUNT",
                            "JOIN_DATE",
                            "JOIN_SERIAL_NO",
                            "SETTLE_DATE",
                            "ELIG_CHECK_STR",
                            "ORIGINAL_APPNO",
                            "INVPAY_STATUS",
                            "ORIG_ENTRUST_NO",
                            "SEAT_NO",
                            "CORP_RISK_LEVEL",
                            "TA_SERIALNO",
                            "REORDER_FLAG",
                            "CO_SERIAL_NO",
                            "PRODCODE_TYPE",
                            "PROD_ENTRUSTSRC_TYPE",
                            "ASSET_LEVEL",
                            "ASSET_PROP",
                            "CLIENT_GROUP",
                            "CLIENT_NAME",
                            "CORP_CLIENT_GROUP",
                            "LIMIT_FLAG",
                            "ROOM_CODE",
                            "LOAD_TIME",
                            "SRC_F_FLAG"
                        ],
                        "connection": [
                            {
                                "table": [
                                    "LCINFOJOB.CP_TCL_VHISSECUMENTRUST"
                                ],
                                "jdbcUrl": "${lc_jdbcUrl}"
                            }
                        ],
                        "preSql": [
                            "truncate table LCINFOJOB.CP_TCL_VHISSECUMENTRUST"
                        ]
                    }
                }
            }
        ],
        "setting": {
            "speed": {
                "channel": "${channel}"
            },
            "errorLimit": {
                "percentage": "${percentage}"
            }
        }
    }
}