{
    "job": {
        "content": [
            {
                "reader": {
                    "name": "${cp_reader}",
                    "parameter": {
                        "username": "${cp_username}",
                        "password": "${cp_password}",
                        "column": [
                            "BUSI_DATE",
                            "INIT_DATE",
                            "ENTRUST_NO",
                            "CURR_DATE",
                            "CURR_TIME",
                            "OP_BRANCH_NO",
                            "OPERATOR_NO",
                            "OP_ENTRUST_WAY",
                            "OP_STATION",
                            "BATCH_NO",
                            "BRANCH_NO",
                            "FUND_ACCOUNT",
                            "CLIENT_ID",
                            "PROD_ACCOUNT",
                            "PRODREPORT_ACCOUNT",
                            "OPPO_SEATNO",
                            "SEAT_NO",
                            "PRODTA_NO",
                            "PROD_CODE",
                            "PROD_NAME",
                            "PROD_TYPE",
                            "MONEY_TYPE",
                            "INV_PROMISE_NO",
                            "PROD_PROMISE_NO",
                            "PROD_PROP",
                            "PROD_POSITION_STR",
                            "REPORT_BS",
                            "STORE_UNIT",
                            "REPORT_UNIT",
                            "EXPIRE_YEAR_RATE",
                            "PRETERM_YEAR_RATE",
                            "JOIN_REPORT_NO",
                            "ORIG_ENTRUST_DATE",
                            "ORIG_BUSINESS_ID",
                            "ENTRUST_PRICE",
                            "ENTRUST_AMOUNT",
                            "WITHDRAW_AMOUNT",
                            "PREV_BALANCE",
                            "CLEAR_BALANCE",
                            "BUSINESS_PRICE",
                            "BUSINESS_AMOUNT",
                            "BUSINESS_BALANCE",
                            "ENTRUST_STATUS",
                            "REPORT_TIME",
                            "REPORT_NO",
                            "RELATION_NAME",
                            "RELATION_TEL",
                            "RECORD_NO",
                            "ALLOT_NO",
                            "PRODFARE_KIND",
                            "ERROR_NO",
                            "CANCEL_SERIALNO",
                            "REMARK",
                            "POSITION_STR",
                            "CLIENT_GROUP",
                            "ROOM_CODE",
                            "DATE_BACK",
                            "DATE_CLEAR",
                            "LUMP_FLAG",
                            "OTHER_ACCOUNT",
                            "ELIG_CONFIRM_TYPE",
                            "ELIG_CHECK_STR",
                            "TRANS_ACCOUNT",
                            "PAY_ACCOUNT",
                            "CORP_RISK_LEVEL",
                            "TA_SERIALNO",
                            "ASSET_PROP",
                            "LIMIT_FLAG",
                            "RISK_LEVEL",
                            "CORP_CLIENT_GROUP",
                            "ASSET_LEVEL",
                            "CLIENT_NAME",
                            "ERROR_INFO",
                            "LOAD_TIME",
                            "SRC_F_FLAG"
                        ],
                        "connection": [
                            {
                                "table": [
                                    "XIAODAIGUEST.TCL_VHISPRODENTRUST"
                                ],
                                "jdbcUrl": [
                                    "${cp_jdbcUrl}"
                                ]
                            }
                        ]
                    }
                },
                "writer": {
                    "name": "${lc_writer}",
                    "parameter": {
                        "username": "${lc_username}",
                        "password": "${lc_password}",
                        "writeMode": "insert",
                        "batchSize": "${batchSize}",
                        "memstoreThreshold": "${memstoreThreshold}",
                        "column": [
                            "BUSI_DATE",
                            "INIT_DATE",
                            "ENTRUST_NO",
                            "CURR_DATE",
                            "CURR_TIME",
                            "OP_BRANCH_NO",
                            "OPERATOR_NO",
                            "OP_ENTRUST_WAY",
                            "OP_STATION",
                            "BATCH_NO",
                            "BRANCH_NO",
                            "FUND_ACCOUNT",
                            "CLIENT_ID",
                            "PROD_ACCOUNT",
                            "PRODREPORT_ACCOUNT",
                            "OPPO_SEATNO",
                            "SEAT_NO",
                            "PRODTA_NO",
                            "PROD_CODE",
                            "PROD_NAME",
                            "PROD_TYPE",
                            "MONEY_TYPE",
                            "INV_PROMISE_NO",
                            "PROD_PROMISE_NO",
                            "PROD_PROP",
                            "PROD_POSITION_STR",
                            "REPORT_BS",
                            "STORE_UNIT",
                            "REPORT_UNIT",
                            "EXPIRE_YEAR_RATE",
                            "PRETERM_YEAR_RATE",
                            "JOIN_REPORT_NO",
                            "ORIG_ENTRUST_DATE",
                            "ORIG_BUSINESS_ID",
                            "ENTRUST_PRICE",
                            "ENTRUST_AMOUNT",
                            "WITHDRAW_AMOUNT",
                            "PREV_BALANCE",
                            "CLEAR_BALANCE",
                            "BUSINESS_PRICE",
                            "BUSINESS_AMOUNT",
                            "BUSINESS_BALANCE",
                            "ENTRUST_STATUS",
                            "REPORT_TIME",
                            "REPORT_NO",
                            "RELATION_NAME",
                            "RELATION_TEL",
                            "RECORD_NO",
                            "ALLOT_NO",
                            "PRODFARE_KIND",
                            "ERROR_NO",
                            "CANCEL_SERIALNO",
                            "REMARK",
                            "POSITION_STR",
                            "CLIENT_GROUP",
                            "ROOM_CODE",
                            "DATE_BACK",
                            "DATE_CLEAR",
                            "LUMP_FLAG",
                            "OTHER_ACCOUNT",
                            "ELIG_CONFIRM_TYPE",
                            "ELIG_CHECK_STR",
                            "TRANS_ACCOUNT",
                            "PAY_ACCOUNT",
                            "CORP_RISK_LEVEL",
                            "TA_SERIALNO",
                            "ASSET_PROP",
                            "LIMIT_FLAG",
                            "RISK_LEVEL",
                            "CORP_CLIENT_GROUP",
                            "ASSET_LEVEL",
                            "CLIENT_NAME",
                            "ERROR_INFO",
                            "LOAD_TIME",
                            "SRC_F_FLAG"
                        ],
                        "connection": [
                            {
                                "table": [
                                    "LCINFOJOB.CP_TCL_VHISPRODENTRUST"
                                ],
                                "jdbcUrl": "${lc_jdbcUrl}"
                            }
                        ],
                        "preSql": [
                            "truncate table LCINFOJOB.CP_TCL_VHISPRODENTRUST"
                        ]
                    }
                }
            }
        ],
        "setting": {
            "speed": {
                "channel": "${channel}"
            },
            "errorLimit": {
                "percentage": "${percentage}"
            }
        }
    }
}