{
    "job": {
        "content": [
            {
                "reader": {
                    "name": "${cp_reader}",
                    "parameter": {
                        "username": "${cp_username}",
                        "password": "${cp_password}",
                        "column": [
                            "CURR_DATE",
                            "CURR_TIME",
                            "BUSINESS_NO",
                            "BRANCH_NO",
                            "OP_STATION",
                            "OP_ENTRUST_WAY",
                            "CLIENT_ID",
                            "BUSIN_ACCOUNT",
                            "FUND_CODE",
                            "FUND_COMPANY",
                            "FUND_BUSINESS_TYPE",
                            "BUSINESS_STATUS",
                            "DEAL_DATE",
                            "DEAL_TIME",
                            "SERIAL_NO",
                            "BALANCE",
                            "ALLOT_DATE",
                            "ENTRUST_NO",
                            "ENTRUSTNO_STR",
                            "BUSINESS_FLAG",
                            "ERROR_MSG",
                            "REMARK",
                            "ENTRUST_DATE",
                            "RELATION_STR",
                            "TERMINALINFO",
                            "FUND_NAME",
                            "TRANS_CODE",
                            "JOIN_SERIAL_NO"
                        ],
                        "connection": [
                            {
                                "table": [
                                    "XIAODAIGUEST.V_GTJA_PREFUNDORDER"
                                ],
                                "jdbcUrl": [
                                    "${cp_jdbcUrl}"
                                ]
                            }
                        ]
                    }
                },
                "writer": {
                    "name": "${lc_writer}",
                    "parameter": {
                        "username": "${lc_username}",
                        "password": "${lc_password}",
                        "writeMode": "insert",
                        "batchSize": "${batchSize}",
                        "memstoreThreshold": "${memstoreThreshold}",
                        "column": [
                            "CURR_DATE",
                            "CURR_TIME",
                            "BUSINESS_NO",
                            "BRANCH_NO",
                            "OP_STATION",
                            "OP_ENTRUST_WAY",
                            "CLIENT_ID",
                            "BUSIN_ACCOUNT",
                            "FUND_CODE",
                            "FUND_COMPANY",
                            "FUND_BUSINESS_TYPE",
                            "BUSINESS_STATUS",
                            "DEAL_DATE",
                            "DEAL_TIME",
                            "SERIAL_NO",
                            "BALANCE",
                            "ALLOT_DATE",
                            "ENTRUST_NO",
                            "ENTRUSTNO_STR",
                            "BUSINESS_FLAG",
                            "ERROR_MSG",
                            "REMARK",
                            "ENTRUST_DATE",
                            "RELATION_STR",
                            "TERMINALINFO",
                            "FUND_NAME",
                            "TRANS_CODE",
                            "JOIN_SERIAL_NO"
                        ],
                        "connection": [
                            {
                                "table": [
                                    "LCINFOJOB.CP_V_GTJA_PREFUNDORDER"
                                ],
                                "jdbcUrl": "${lc_jdbcUrl}"
                            }
                        ],
                        "preSql": [
                            "truncate table LCINFOJOB.CP_V_GTJA_PREFUNDORDER"
                        ]
                    }
                }
            }
        ],
        "setting": {
            "speed": {
                "channel": "${channel}"
            },
            "errorLimit": {
                "percentage": "${percentage}"
            }
        }
    }
}