{
    "job": {
        "content": [
            {
                "reader": {
                    "name": "${cp_reader}",
                    "parameter": {
                        "username": "${cp_username}",
                        "password": "${cp_password}",
                        "column": [
                            "ACCT_TYPE",
                            "ACCT_CODE",
                            "GROUP_NO",
                            "OFUND_CODE",
                            "COMPANY_NO",
                            "OFUND_TATAL_NET",
                            "DATA_SOURCE",
                            "SHOW_ORDER",
                            "TOP_FLAG",
                            "USER_CODE",
                            "UPD_DATE",
                            "UPD_TIME",
                            "CREATE_DATE",
                            "CREATE_TIME",
                            "SECURITYNAME",
                            "NAV_ADD",
                            "NAV_DATE",
                            "ACC_NET",
                            "PROD_TYPE"
                        ],
                        "connection": [
                            {
                                "table": [
                                    "XIAODAIGUEST.YHZX_OPTIONALO_FUND"
                                ],
                                "jdbcUrl": [
                                    "${cp_jdbcUrl}"
                                ]
                            }
                        ]
                    }
                },
                "writer": {
                    "name": "${lc_writer}",
                    "parameter": {
                        "username": "${lc_username}",
                        "password": "${lc_password}",
                        "writeMode": "insert",
                        "batchSize": "${batchSize}",
                        "memstoreThreshold": "${memstoreThreshold}",
                        "column": [
                            "ACCT_TYPE",
                            "ACCT_CODE",
                            "GROUP_NO",
                            "OFUND_CODE",
                            "COMPANY_NO",
                            "OFUND_TATAL_NET",
                            "DATA_SOURCE",
                            "SHOW_ORDER",
                            "TOP_FLAG",
                            "USER_CODE",
                            "UPD_DATE",
                            "UPD_TIME",
                            "CREATE_DATE",
                            "CREATE_TIME",
                            "SECURITYNAME",
                            "NAV_ADD",
                            "NAV_DATE",
                            "ACC_NET",
                            "PROD_TYPE"
                        ],
                        "connection": [
                            {
                                "table": [
                                    "LCINFOJOB.CP_YHZX_OPTIONALO_FUND"
                                ],
                                "jdbcUrl": "${lc_jdbcUrl}"
                            }
                        ],
                        "preSql": [
                            "truncate table LCINFOJOB.CP_YHZX_OPTIONALO_FUND"
                        ]
                    }
                }
            }
        ],
        "setting": {
            "speed": {
                "channel": "${channel}"
            },
            "errorLimit": {
                "percentage": "${percentage}"
            }
        }
    }
}