{
    "job": {
        "content": [
            {
                "reader": {
                    "name": "${cp_reader}",
                    "parameter": {
                        "username": "${cp_username}",
                        "password": "${cp_password}",
                        "column": [
                            "SERIAL_ID",
                            "ENTRUST_ID",
                            "BATCH_NO",
                            "XH",
                            "BUSIN_TYPE",
                            "USER_CODE",
                            "CUST_CODE",
                            "MONEY_TYPE",
                            "TERMINAL_SOURCE",
                            "ENTRUST_AMOUNT",
                            "ENTRUST_PRICE",
                            "ENTRUST_BS",
                            "ENTRUST_PROP",
                            "PROD_CODE",
                            "TA_CODE",
                            "PROD_NAME",
                            "REMARK",
                            "PROD_TYPE",
                            "BUSIN_FLAG",
                            "MARKET",
                            "TRADE_ACCOUNT",
                            "PAY_KIND",
                            "PAY_ACCOUNT",
                            "REBUY_AMOUNT",
                            "REBUY_PERIODS",
                            "CUACCT_CODE",
                            "ENTRUST_DATE",
                            "ENTRUST_TIME",
                            "ENTRUST_SHARE",
                            "ENTRUST_STATUS",
                            "DEAL_FLAG",
                            "DEAL_DATE",
                            "DEAL_TIME",
                            "CANCEL_DATE",
                            "CANCEL_TIME",
                            "OUT_SERIAL_NO",
                            "OUT_SERIAL_NO2",
                            "DEAL_LOG",
                            "SEND_MSG_FLAG",
                            "GT_PASSFLAG",
                            "GT_CTRLKINDS",
                            "OUT_ENTRUST_ID",
                            "GT_OUTBIZSNO",
                            "GT_PROTOCLVER",
                            "GT_PROTOCOLNO1",
                            "GT_PROTOCOLNO2",
                            "GT_DOUBLEVIDEO",
                            "BANK_NO",
                            "BIZ_SYS",
                            "OP_CODE",
                            "OP_BRANCH_NO",
                            "OP_SITE",
                            "OP_WAY",
                            "OP_PROGRAM",
                            "BRANCH_NO",
                            "TERMINAL_INFO",
                            "CIF_ACCOUNT",
                            "DEVELOPER",
                            "ELIG_CONFIRM_TYPE",
                            "OUT_SERIAL_ID"
                        ],
                        "connection": [
                            {
                                "table": [
                                    "XIAODAIGUEST.YHZX_ENTRUST"
                                ],
                                "jdbcUrl": [
                                    "${cp_jdbcUrl}"
                                ]
                            }
                        ]
                    }
                },
                "writer": {
                    "name": "${lc_writer}",
                    "parameter": {
                        "username": "${lc_username}",
                        "password": "${lc_password}",
                        "writeMode": "insert",
                        "batchSize": "${batchSize}",
                        "memstoreThreshold": "${memstoreThreshold}",
                        "column": [
                            "SERIAL_ID",
                            "ENTRUST_ID",
                            "BATCH_NO",
                            "XH",
                            "BUSIN_TYPE",
                            "USER_CODE",
                            "CUST_CODE",
                            "MONEY_TYPE",
                            "TERMINAL_SOURCE",
                            "ENTRUST_AMOUNT",
                            "ENTRUST_PRICE",
                            "ENTRUST_BS",
                            "ENTRUST_PROP",
                            "PROD_CODE",
                            "TA_CODE",
                            "PROD_NAME",
                            "REMARK",
                            "PROD_TYPE",
                            "BUSIN_FLAG",
                            "MARKET",
                            "TRADE_ACCOUNT",
                            "PAY_KIND",
                            "PAY_ACCOUNT",
                            "REBUY_AMOUNT",
                            "REBUY_PERIODS",
                            "CUACCT_CODE",
                            "ENTRUST_DATE",
                            "ENTRUST_TIME",
                            "ENTRUST_SHARE",
                            "ENTRUST_STATUS",
                            "DEAL_FLAG",
                            "DEAL_DATE",
                            "DEAL_TIME",
                            "CANCEL_DATE",
                            "CANCEL_TIME",
                            "OUT_SERIAL_NO",
                            "OUT_SERIAL_NO2",
                            "DEAL_LOG",
                            "SEND_MSG_FLAG",
                            "GT_PASSFLAG",
                            "GT_CTRLKINDS",
                            "OUT_ENTRUST_ID",
                            "GT_OUTBIZSNO",
                            "GT_PROTOCLVER",
                            "GT_PROTOCOLNO1",
                            "GT_PROTOCOLNO2",
                            "GT_DOUBLEVIDEO",
                            "BANK_NO",
                            "BIZ_SYS",
                            "OP_CODE",
                            "OP_BRANCH_NO",
                            "OP_SITE",
                            "OP_WAY",
                            "OP_PROGRAM",
                            "BRANCH_NO",
                            "TERMINAL_INFO",
                            "CIF_ACCOUNT",
                            "DEVELOPER",
                            "ELIG_CONFIRM_TYPE",
                            "OUT_SERIAL_ID"
                        ],
                        "connection": [
                            {
                                "table": [
                                    "LCINFOJOB.CP_YHZX_ENTRUST"
                                ],
                                "jdbcUrl": "${lc_jdbcUrl}"
                            }
                        ],
                        "preSql": [
                            "truncate table LCINFOJOB.CP_YHZX_ENTRUST"
                        ]
                    }
                }
            }
        ],
        "setting": {
            "speed": {
                "channel": "${channel}"
            },
            "errorLimit": {
                "percentage": "${percentage}"
            }
        }
    }
}