{
    "job": {
        "content": [
            {
                "reader": {
                    "name": "${cp_reader}",
                    "parameter": {
                        "username": "${cp_username}",
                        "password": "${cp_password}",
                        "column": [
                            "SERIAL_ID",
                            "USER_CODE",
                            "CIF_ACCOUNT",
                            "CUST_CODE",
                            "CUACCT_CODE",
                            "MARKET",
                            "TRADE_ACCOUNT",
                            "BUSIN_TYPE",
                            "BENCHMARK",
                            "BENCH_DATA",
                            "BALANCE",
                            "PROD_TYPE",
                            "PROD_CODE",
                            "PROD_NAME",
                            "BANK_NO",
                            "BANK_ACCOUNT",
                            "TERMINAL_SOURCE",
                            "BUSIN_FLAG",
                            "DEAL_FLAG",
                            "DEAL_DATE",
                            "DEAL_LOG",
                            "DEBIT_WAY",
                            "PLAN_CYCLE",
                            "PLAN_UNIT",
                            "PLAN_BEGIN_DATE",
                            "PLAN_END_DATE",
                            "UPDATE_TIME",
                            "UPDATE_DATE",
                            "ORDER_DATE",
                            "TOKEN_SERIAL_NO",
                            "USER_TOKEN",
                            "OP_SITE",
                            "BRANCH_NO",
                            "OP_WAY",
                            "PASSWORD",
                            "REMARK"
                        ],
                        "connection": [
                            {
                                "table": [
                                    "XIAODAIGUEST.YHZX_OFUND_PLAN"
                                ],
                                "jdbcUrl": [
                                    "${cp_jdbcUrl}"
                                ]
                            }
                        ]
                    }
                },
                "writer": {
                    "name": "${lc_writer}",
                    "parameter": {
                        "username": "${lc_username}",
                        "password": "${lc_password}",
                        "writeMode": "insert",
                        "batchSize": "${batchSize}",
                        "memstoreThreshold": "${memstoreThreshold}",
                        "column": [
                            "SERIAL_ID",
                            "USER_CODE",
                            "CIF_ACCOUNT",
                            "CUST_CODE",
                            "CUACCT_CODE",
                            "MARKET",
                            "TRADE_ACCOUNT",
                            "BUSIN_TYPE",
                            "BENCHMARK",
                            "BENCH_DATA",
                            "BALANCE",
                            "PROD_TYPE",
                            "PROD_CODE",
                            "PROD_NAME",
                            "BANK_NO",
                            "BANK_ACCOUNT",
                            "TERMINAL_SOURCE",
                            "BUSIN_FLAG",
                            "DEAL_FLAG",
                            "DEAL_DATE",
                            "DEAL_LOG",
                            "DEBIT_WAY",
                            "PLAN_CYCLE",
                            "PLAN_UNIT",
                            "PLAN_BEGIN_DATE",
                            "PLAN_END_DATE",
                            "UPDATE_TIME",
                            "UPDATE_DATE",
                            "ORDER_DATE",
                            "TOKEN_SERIAL_NO",
                            "USER_TOKEN",
                            "OP_SITE",
                            "BRANCH_NO",
                            "OP_WAY",
                            "PASSWORD",
                            "REMARK"
                        ],
                        "connection": [
                            {
                                "table": [
                                    "LCINFOJOB.CP_YHZX_OFUND_PLAN"
                                ],
                                "jdbcUrl": "${lc_jdbcUrl}"
                            }
                        ],
                        "preSql": [
                            "truncate table LCINFOJOB.CP_YHZX_OFUND_PLAN"
                        ]
                    }
                }
            }
        ],
        "setting": {
            "speed": {
                "channel": "${channel}"
            },
            "errorLimit": {
                "percentage": "${percentage}"
            }
        }
    }
}