{
    "job": {
        "content": [
            {
                "reader": {
                    "name": "${cp_reader}",
                    "parameter": {
                        "username": "${cp_username}",
                        "password": "${cp_password}",
                        "column": [
                            "BUY_TIME",
                            "ALLOT_NO",
                            "CIF_ACCOUNT",
                            "CUST_NUM",
                            "ENTRUST_BALANCE",
                            "FUND_ACCOUNT",
                            "ID",
                            "INIT_DATE",
                            "MATCHAMT",
                            "ORDER_STATUS",
                            "ORGID",
                            "PRO_CODE",
                            "PRO_NAME",
                            "REGTEL",
                            "TGLJ_INFO",
                            "UPDATE_TIME",
                            "TRADE_TYPE"
                        ],
                        "connection": [
                            {
                                "table": [
                                    "OTC142.GJ_G2010_NEWMALL_ORDERS"
                                ],
                                "jdbcUrl": [
                                    "${cp_jdbcUrl}"
                                ]
                            }
                        ]
                    }
                },
                "writer": {
                    "name": "${lc_writer}",
                    "parameter": {
                        "username": "${lc_username}",
                        "password": "${lc_password}",
                        "writeMode": "insert",
                        "batchSize": "${batchSize}",
                        "memstoreThreshold": "${memstoreThreshold}",
                        "column": [
                            "BUY_TIME",
                            "ALLOT_NO",
                            "CIF_ACCOUNT",
                            "CUST_NUM",
                            "ENTRUST_BALANCE",
                            "FUND_ACCOUNT",
                            "ID",
                            "INIT_DATE",
                            "MATCHAMT",
                            "ORDER_STATUS",
                            "ORGID",
                            "PRO_CODE",
                            "PRO_NAME",
                            "REGTEL",
                            "TGLJ_INFO",
                            "UPDATE_TIME",
                            "TRADE_TYPE"
                        ],
                        "connection": [
                            {
                                "table": [
                                    "LCINFOJOB.CP_GJ_G2010_NEWMALL_ORDERS"
                                ],
                                "jdbcUrl": "${lc_jdbcUrl}"
                            }
                        ],
                        "preSql": [
                            "truncate table LCINFOJOB.CP_GJ_G2010_NEWMALL_ORDERS"
                        ]
                    }
                }
            },
            {
                "reader": {
                    "name": "${cp_reader}",
                    "parameter": {
                        "username": "${cp_username}",
                        "password": "${cp_password}",
                        "column": [
                            "ORG_NAME",
                            "ORG_NUM"
                        ],
                        "connection": [
                            {
                                "table": [
                                    "OTC.L_ORGANIZATION"
                                ],
                                "jdbcUrl": [
                                    "${cp_jdbcUrl}"
                                ]
                            }
                        ]
                    }
                },
                "writer": {
                    "name": "${lc_writer}",
                    "parameter": {
                        "username": "${lc_username}",
                        "password": "${lc_password}",
                        "writeMode": "insert",
                        "batchSize": "${batchSize}",
                        "memstoreThreshold": "${memstoreThreshold}",
                        "column": [
                            "ORG_NAME",
                            "ORGID"
                        ],
                        "connection": [
                            {
                                "table": [
                                    "LCINFOJOB.CP_L_ORGANIZATION"
                                ],
                                "jdbcUrl": "${lc_jdbcUrl}"
                            }
                        ],
                        "preSql": [
                            "truncate table LCINFOJOB.CP_L_ORGANIZATION"
                        ]
                    }
                }
            },
            {
                "reader": {
                    "name": "${cp_reader}",
                    "parameter": {
                        "username": "${cp_username}",
                        "password": "${cp_password}",
                        "column": [
                            "ORG_NAME",
                            "ORG_NUM"
                        ],
                        "connection": [
                            {
                                "table": [
                                    "(SELECT B.ORG_NUM, A.ORG_NAME            FROM OTC.L_ORGANIZATION A, OTC.L_ORGANIZATION B           WHERE A.ORG_TYPE = '2'             AND B.ORG_TYPE = '3'             AND A.ORG_NUM = B.SUPER_ID) A"
                                ],
                                "jdbcUrl": [
                                    "${cp_jdbcUrl}"
                                ]
                            }
                        ]
                    }
                },
                "writer": {
                    "name": "${lc_writer}",
                    "parameter": {
                        "username": "${lc_username}",
                        "password": "${lc_password}",
                        "writeMode": "insert",
                        "batchSize": "${batchSize}",
                        "memstoreThreshold": "${memstoreThreshold}",
                        "column": [
                            "CUST_COMPANY",
                            "ORGID"
                        ],
                        "connection": [
                            {
                                "table": [
                                    "LCINFOJOB.CP_ORG_NUM, A.ORG_NAME            FROM OTC.L_ORGANIZATION A, OTC.L_ORGANIZATION B           WHERE A.ORG_TYPE = '2'             AND B.ORG_TYPE = '3'             AND A.ORG_NUM = B.SUPER_ID) A"
                                ],
                                "jdbcUrl": "${lc_jdbcUrl}"
                            }
                        ],
                        "preSql": [
                            "truncate table LCINFOJOB.CP_ORG_NUM, A.ORG_NAME            FROM OTC.L_ORGANIZATION A, OTC.L_ORGANIZATION B           WHERE A.ORG_TYPE = '2'             AND B.ORG_TYPE = '3'             AND A.ORG_NUM = B.SUPER_ID) A"
                        ]
                    }
                }
            },
            {
                "reader": {
                    "name": "${cp_reader}",
                    "parameter": {
                        "username": "${cp_username}",
                        "password": "${cp_password}",
                        "column": [
                            "CUST_MANAGER",
                            "CUST_NUM"
                        ],
                        "connection": [
                            {
                                "table": [
                                    "OTC.GJ_CUST_INFO"
                                ],
                                "jdbcUrl": [
                                    "${cp_jdbcUrl}"
                                ]
                            }
                        ]
                    }
                },
                "writer": {
                    "name": "${lc_writer}",
                    "parameter": {
                        "username": "${lc_username}",
                        "password": "${lc_password}",
                        "writeMode": "insert",
                        "batchSize": "${batchSize}",
                        "memstoreThreshold": "${memstoreThreshold}",
                        "column": [
                            "CUST_MNG",
                            "CUST_NUM"
                        ],
                        "connection": [
                            {
                                "table": [
                                    "LCINFOJOB.CP_GJ_CUST_INFO"
                                ],
                                "jdbcUrl": "${lc_jdbcUrl}"
                            }
                        ],
                        "preSql": [
                            "truncate table LCINFOJOB.CP_GJ_CUST_INFO"
                        ]
                    }
                }
            }
        ],
        "setting": {
            "speed": {
                "channel": "${channel}"
            },
            "errorLimit": {
                "percentage": "${percentage}"
            }
        }
    }
}