{
    "job": {
        "content": [
            {
                "reader": {
                    "name": "${cp_reader}",
                    "parameter": {
                        "username": "${cp_username}",
                        "password": "${cp_password}",
                        "column": [
                            "TRADEDATE",
                            "ITEM_NAME",
                            "ITEM_CODE",
                            "ITEM_TYPE",
                            "PROVINCES",
                            "SEX",
                            "AGE_SEGMENT",
                            "QTY",
                            "QTY_ALL",
                            "ANT_ALL",
                            "ITEM_TYPE_SUPER",
                            "ITEM_CODE_SUPER",
                            "CNT"
                        ],
                        "connection": [
                            {
                                "table": [
                                    "XIAODAIGUEST.SJFW_PROD_JH_PAGE_STAT"
                                ],
                                "jdbcUrl": [
                                    "${cp_jdbcUrl}"
                                ]
                            }
                        ]
                    }
                },
                "writer": {
                    "name": "${lc_writer}",
                    "parameter": {
                        "username": "${lc_username}",
                        "password": "${lc_password}",
                        "writeMode": "insert",
                        "batchSize": "${batchSize}",
                        "memstoreThreshold": "${memstoreThreshold}",
                        "column": [
                            "TRADEDATE",
                            "ITEM_NAME",
                            "ITEM_CODE",
                            "ITEM_TYPE",
                            "PROVINCES",
                            "SEX",
                            "AGE_SEGMENT",
                            "QTY",
                            "QTY_ALL",
                            "ANT_ALL",
                            "ITEM_TYPE_SUPER",
                            "ITEM_CODE_SUPER",
                            "CNT"
                        ],
                        "connection": [
                            {
                                "table": [
                                    "LCINFOJOB.CP_SJFW_PROD_JH_PAGE_STAT"
                                ],
                                "jdbcUrl": "${lc_jdbcUrl}"
                            }
                        ],
                        "preSql": "delete table LCINFOJOB.CP_SJFW_PROD_JH_PAGE_STAT where TRADEDATE in          (SELECT distinct TRADEDATE FROM xiaodaiguest.SJFW_PROD_JH_PAGE_STAT)"
                    }
                }
            }
        ],
        "setting": {
            "speed": {
                "channel": "${channel}"
            },
            "errorLimit": {
                "percentage": "${percentage}"
            }
        }
    }
}