{
    "job": {
        "content": [
            {
                "reader": {
                    "name": "${cp_reader}",
                    "parameter": {
                        "username": "${cp_username}",
                        "password": "${cp_password}",
                        "column": [
                            "case                   when count(*) = 1 then                    0                   else                    sqrt(sum(power(a.TOT_NAV - b.tot_nav_avg_1y, 6)) /                         (count(*) - 1))                 end QP_1Y",
                            "a.pro_id"
                        ],
                        "connection": [
                            {
                                "table": [
                                    "OTC.GJ_PRO_NAV_VIEW A, OTC.GJ_PROD_CAL_INFO B           WHERE A.PRO_ID = B.PRO_ID             AND TO_DATE(NAV_DATE, 'YYYYMMDD') >=                 ADD_MONTHS(TO_DATE(#{BIZDATE}, 'YYYYMMDD'), -12)           GROUP BY A.PRO_ID"
                                ],
                                "jdbcUrl": [
                                    "${cp_jdbcUrl}"
                                ]
                            }
                        ]
                    }
                },
                "writer": {
                    "name": "${lc_writer}",
                    "parameter": {
                        "username": "${lc_username}",
                        "password": "${lc_password}",
                        "writeMode": "insert",
                        "batchSize": "${batchSize}",
                        "memstoreThreshold": "${memstoreThreshold}",
                        "column": [
                            "QP_1Y",
                            "PRO_ID"
                        ],
                        "connection": [
                            {
                                "table": [
                                    "LCINFOJOB.CP_GJ_PRO_NAV_VIEW A, OTC.GJ_PROD_CAL_INFO B           WHERE A.PRO_ID = B.PRO_ID             AND TO_DATE(NAV_DATE, 'YYYYMMDD') >=                 ADD_MONTHS(TO_DATE(#{BIZDATE}, 'YYYYMMDD'), -12)           GROUP BY A.PRO_ID"
                                ],
                                "jdbcUrl": "${lc_jdbcUrl}"
                            }
                        ],
                        "preSql": [
                            "truncate table LCINFOJOB.CP_GJ_PRO_NAV_VIEW A, OTC.GJ_PROD_CAL_INFO B           WHERE A.PRO_ID = B.PRO_ID             AND TO_DATE(NAV_DATE, 'YYYYMMDD') >=                 ADD_MONTHS(TO_DATE(#{BIZDATE}, 'YYYYMMDD'), -12)           GROUP BY A.PRO_ID"
                        ]
                    }
                }
            }
        ],
        "setting": {
            "speed": {
                "channel": "${channel}"
            },
            "errorLimit": {
                "percentage": "${percentage}"
            }
        }
    }
}