{
    "job": {
        "content": [
            {
                "reader": {
                    "name": "${cp_reader}",
                    "parameter": {
                        "username": "${cp_username}",
                        "password": "${cp_password}",
                        "column": [
                            "AVG(A.COMM_1Y)"
                        ],
                        "connection": [
                            {
                                "table": [
                                    "otc.GJ_PROD_CAL_INFO_COM a    WHERE A.INVEST_TYPE = 'h11025'"
                                ],
                                "jdbcUrl": [
                                    "${cp_jdbcUrl}"
                                ]
                            }
                        ]
                    }
                },
                "writer": {
                    "name": "${lc_writer}",
                    "parameter": {
                        "username": "${lc_username}",
                        "password": "${lc_password}",
                        "writeMode": "insert",
                        "batchSize": "${batchSize}",
                        "memstoreThreshold": "${memstoreThreshold}",
                        "column": [
                            "V_H_COMM_1Y"
                        ],
                        "connection": [
                            {
                                "table": [
                                    "lcinfojob.GJ_PROD_CAL_INFO_COM a    WHERE A.INVEST_TYPE = 'h11025'"
                                ],
                                "jdbcUrl": "${lc_jdbcUrl}"
                            }
                        ]
                    }
                }
            },
            {
                "reader": {
                    "name": "${cp_reader}",
                    "parameter": {
                        "username": "${cp_username}",
                        "password": "${cp_password}",
                        "column": [],
                        "connection": [
                            {
                                "table": [
                                    "default_from_table"
                                ],
                                "jdbcUrl": [
                                    "${cp_jdbcUrl}"
                                ]
                            }
                        ]
                    }
                },
                "writer": {
                    "name": "${lc_writer}",
                    "parameter": {
                        "username": "${lc_username}",
                        "password": "${lc_password}",
                        "writeMode": "insert",
                        "batchSize": "${batchSize}",
                        "memstoreThreshold": "${memstoreThreshold}",
                        "column": [],
                        "connection": [
                            {
                                "table": [
                                    "lcinfojob"
                                ],
                                "jdbcUrl": "${lc_jdbcUrl}"
                            }
                        ]
                    }
                }
            },
            {
                "reader": {
                    "name": "${cp_reader}",
                    "parameter": {
                        "username": "${cp_username}",
                        "password": "${cp_password}",
                        "column": [],
                        "connection": [
                            {
                                "table": [
                                    "default_from_table"
                                ],
                                "jdbcUrl": [
                                    "${cp_jdbcUrl}"
                                ]
                            }
                        ]
                    }
                },
                "writer": {
                    "name": "${lc_writer}",
                    "parameter": {
                        "username": "${lc_username}",
                        "password": "${lc_password}",
                        "writeMode": "insert",
                        "batchSize": "${batchSize}",
                        "memstoreThreshold": "${memstoreThreshold}",
                        "column": [],
                        "connection": [
                            {
                                "table": [
                                    "lcinfojob"
                                ],
                                "jdbcUrl": "${lc_jdbcUrl}"
                            }
                        ]
                    }
                }
            },
            {
                "reader": {
                    "name": "${cp_reader}",
                    "parameter": {
                        "username": "${cp_username}",
                        "password": "${cp_password}",
                        "column": [],
                        "connection": [
                            {
                                "table": [
                                    "default_from_table"
                                ],
                                "jdbcUrl": [
                                    "${cp_jdbcUrl}"
                                ]
                            }
                        ]
                    }
                },
                "writer": {
                    "name": "${lc_writer}",
                    "parameter": {
                        "username": "${lc_username}",
                        "password": "${lc_password}",
                        "writeMode": "insert",
                        "batchSize": "${batchSize}",
                        "memstoreThreshold": "${memstoreThreshold}",
                        "column": [],
                        "connection": [
                            {
                                "table": [
                                    "lcinfojob"
                                ],
                                "jdbcUrl": "${lc_jdbcUrl}"
                            }
                        ]
                    }
                }
            },
            {
                "reader": {
                    "name": "${cp_reader}",
                    "parameter": {
                        "username": "${cp_username}",
                        "password": "${cp_password}",
                        "column": [
                            "PRO_CODE",
                            "PRO_ID",
                            "ADD_DATE",
                            "INVEST_CNT",
                            "INVEST_CNT_ALL",
                            "INVEST_RATE",
                            "MAX_BACK",
                            "FUND_COMM_1Y",
                            "QP_1Y",
                            "TOT_NAV_MAX_1Y",
                            "TOT_NAV_MAX_1Y_DATE",
                            "TOT_NAV_MIN_1Y",
                            "TOT_NAV_AVG_1Y",
                            "SHARP_RATE_1Y",
                            "INVEST_TYPE",
                            "INVEST_CNT_7D",
                            "INVEST_CNT_1M",
                            "INVEST_CNT_3M",
                            "INVEST_CNT_6M",
                            "INVEST_CNT_ALL_7D",
                            "INVEST_CNT_ALL_1M",
                            "INVEST_CNT_ALL_3M",
                            "INVEST_CNT_ALL_6M",
                            "INVEST_RATE_7D",
                            "INVEST_RATE_1M",
                            "INVEST_RATE_3M",
                            "INVEST_RATE_6M"
                        ],
                        "connection": [
                            {
                                "table": [
                                    "otc.GJ_PROD_CAL_INFO"
                                ],
                                "jdbcUrl": [
                                    "${cp_jdbcUrl}"
                                ]
                            }
                        ]
                    }
                },
                "writer": {
                    "name": "${lc_writer}",
                    "parameter": {
                        "username": "${lc_username}",
                        "password": "${lc_password}",
                        "writeMode": "insert",
                        "batchSize": "${batchSize}",
                        "memstoreThreshold": "${memstoreThreshold}",
                        "column": [
                            "PRO_CODE",
                            "PRO_ID",
                            "ADD_DATE",
                            "INVEST_CNT",
                            "INVEST_CNT_ALL",
                            "INVEST_RATE",
                            "MAX_BACK",
                            "FUND_COMM_1Y",
                            "QP_1Y",
                            "TOT_NAV_MAX_1Y",
                            "TOT_NAV_MAX_1Y_DATE",
                            "TOT_NAV_MIN_1Y",
                            "TOT_NAV_AVG_1Y",
                            "SHARP_RATE_1Y",
                            "INVEST_TYPE",
                            "INVEST_CNT_7D",
                            "INVEST_CNT_1M",
                            "INVEST_CNT_3M",
                            "INVEST_CNT_6M",
                            "INVEST_CNT_ALL_7D",
                            "INVEST_CNT_ALL_1M",
                            "INVEST_CNT_ALL_3M",
                            "INVEST_CNT_ALL_6M",
                            "INVEST_RATE_7D",
                            "INVEST_RATE_1M",
                            "INVEST_RATE_3M",
                            "INVEST_RATE_6M"
                        ],
                        "connection": [
                            {
                                "table": [
                                    "lcinfojob.GJ_PROD_CAL_INFO"
                                ],
                                "jdbcUrl": "${lc_jdbcUrl}"
                            }
                        ],
                        "preSql": [
                            "truncate table lcinfojob.GJ_PROD_CAL_INFO"
                        ]
                    }
                }
            },
            {
                "reader": {
                    "name": "${cp_reader}",
                    "parameter": {
                        "username": "${cp_username}",
                        "password": "${cp_password}",
                        "column": [
                            "INVEST_TYPE",
                            "SHARP_RATE_1Y",
                            "MAX_BACK",
                            "COMM_1Y",
                            "CLOSE_RRC",
                            "CLOSE_RRC_1Y",
                            "CLOSE_RRC_AVG_1Y",
                            "QP_1Y",
                            "CLOSE_RRC_MAX_1Y",
                            "CLOSE_RRC_MAX_1Y_DATE",
                            "CLOSE_RRC_MIN_1Y"
                        ],
                        "connection": [
                            {
                                "table": [
                                    "otc.GJ_PROD_CAL_INFO_COM"
                                ],
                                "jdbcUrl": [
                                    "${cp_jdbcUrl}"
                                ]
                            }
                        ]
                    }
                },
                "writer": {
                    "name": "${lc_writer}",
                    "parameter": {
                        "username": "${lc_username}",
                        "password": "${lc_password}",
                        "writeMode": "insert",
                        "batchSize": "${batchSize}",
                        "memstoreThreshold": "${memstoreThreshold}",
                        "column": [
                            "INVEST_TYPE",
                            "SHARP_RATE_1Y",
                            "MAX_BACK",
                            "COMM_1Y",
                            "CLOSE_RRC",
                            "CLOSE_RRC_1Y",
                            "CLOSE_RRC_AVG_1Y",
                            "QP_1Y",
                            "CLOSE_RRC_MAX_1Y",
                            "CLOSE_RRC_MAX_1Y_DATE",
                            "CLOSE_RRC_MIN_1Y"
                        ],
                        "connection": [
                            {
                                "table": [
                                    "lcinfojob.GJ_PROD_CAL_INFO_COM"
                                ],
                                "jdbcUrl": "${lc_jdbcUrl}"
                            }
                        ],
                        "preSql": [
                            "truncate table lcinfojob.GJ_PROD_CAL_INFO_COM"
                        ]
                    }
                }
            }
        ],
        "setting": {
            "speed": {
                "channel": "${channel}"
            },
            "errorLimit": {
                "percentage": "${percentage}"
            }
        }
    }
}