{
    "job": {
        "content": [
            {
                "reader": {
                    "name": "${cp_reader}",
                    "parameter": {
                        "username": "${cp_username}",
                        "password": "${cp_password}",
                        "column": [
                            "A_001",
                            "A_002",
                            "A_003",
                            "A_004",
                            "A_005",
                            "A_006",
                            "A_007",
                            "A_008",
                            "A_009",
                            "A_010",
                            "A_011",
                            "A_012",
                            "A_013",
                            "A_014",
                            "A_015",
                            "A_016",
                            "A_017",
                            "A_018",
                            "A_019",
                            "A_020",
                            "A_021",
                            "A_022",
                            "A_023",
                            "A_024",
                            "A_025",
                            "A_026",
                            "A_027",
                            "A_028",
                            "A_029",
                            "A_030",
                            "A_031",
                            "A_032",
                            "A_033",
                            "A_034",
                            "A_035",
                            "A_036",
                            "A_037",
                            "A_038",
                            "A_039",
                            "A_040",
                            "A_041",
                            "A_042",
                            "A_043",
                            "A_044",
                            "A_045",
                            "A_046",
                            "A_047",
                            "A_048",
                            "A_049",
                            "A_050",
                            "FIVE_001",
                            "FIVE_002",
                            "FIVE_003",
                            "FIVE_004",
                            "FIVE_005",
                            "FIVE_006",
                            "FIVE_007",
                            "FIVE_008",
                            "FIVE_009",
                            "FIVE_010",
                            "FIVE_011",
                            "FIVE_012",
                            "FIVE_013",
                            "FIVE_014",
                            "FIVE_015",
                            "FIVE_016",
                            "FIVE_017",
                            "FIVE_018",
                            "FIVE_019",
                            "FIVE_020",
                            "FIVE_021",
                            "FIVE_022",
                            "FIVE_023",
                            "FIVE_024",
                            "FIVE_025",
                            "FIVE_026",
                            "FIVE_027",
                            "FIVE_028",
                            "FIVE_029",
                            "FIVE_030",
                            "FIVE_031",
                            "FIVE_032",
                            "FIVE_033",
                            "FIVE_034",
                            "FIVE_035",
                            "FIVE_036",
                            "FIVE_037",
                            "FIVE_038",
                            "FIVE_039",
                            "FIVE_040",
                            "FIVE_041",
                            "FIVE_042",
                            "FIVE_043",
                            "FIVE_044",
                            "FIVE_045",
                            "FIVE_046",
                            "FIVE_047",
                            "FIVE_048",
                            "FIVE_049",
                            "FIVE_050",
                            "ONE_001",
                            "ONE_002",
                            "ONE_003",
                            "ONE_004",
                            "ONE_005",
                            "ONE_006",
                            "ONE_007",
                            "ONE_008",
                            "ONE_009",
                            "ONE_010",
                            "ONE_011",
                            "ONE_012",
                            "ONE_013",
                            "ONE_014",
                            "ONE_015",
                            "ONE_016",
                            "ONE_017",
                            "ONE_018",
                            "ONE_019",
                            "ONE_020",
                            "ONE_021",
                            "ONE_022",
                            "ONE_023",
                            "ONE_024",
                            "ONE_025",
                            "ONE_026",
                            "ONE_027",
                            "ONE_028",
                            "ONE_029",
                            "ONE_030",
                            "ONE_031",
                            "ONE_032",
                            "ONE_033",
                            "ONE_034",
                            "ONE_035",
                            "ONE_036",
                            "ONE_037",
                            "ONE_038",
                            "ONE_039",
                            "ONE_040",
                            "ONE_041",
                            "ONE_042",
                            "ONE_043",
                            "ONE_044",
                            "ONE_045",
                            "ONE_046",
                            "ONE_047",
                            "ONE_048",
                            "ONE_049",
                            "ONE_050",
                            "TEN_001",
                            "TEN_002",
                            "TEN_003",
                            "TEN_004",
                            "TEN_005",
                            "TEN_006",
                            "TEN_007",
                            "TEN_008",
                            "TEN_009",
                            "TEN_010",
                            "TEN_011",
                            "TEN_012",
                            "TEN_013",
                            "TEN_014",
                            "TEN_015",
                            "TEN_016",
                            "TEN_017",
                            "TEN_018",
                            "TEN_019",
                            "TEN_020",
                            "TEN_021",
                            "TEN_022",
                            "TEN_023",
                            "TEN_024",
                            "TEN_025",
                            "TEN_026",
                            "TEN_027",
                            "TEN_028",
                            "TEN_029",
                            "TEN_030",
                            "TEN_031",
                            "TEN_032",
                            "TEN_033",
                            "TEN_034",
                            "TEN_035",
                            "TEN_036",
                            "TEN_037",
                            "TEN_038",
                            "TEN_039",
                            "TEN_040",
                            "TEN_041",
                            "TEN_042",
                            "TEN_043",
                            "TEN_044",
                            "TEN_045",
                            "TEN_046",
                            "TEN_047",
                            "TEN_048",
                            "TEN_049",
                            "TEN_050",
                            "THREE_001",
                            "THREE_002",
                            "THREE_003",
                            "THREE_004",
                            "THREE_005",
                            "THREE_006",
                            "THREE_007",
                            "THREE_008",
                            "THREE_009",
                            "THREE_010",
                            "THREE_011",
                            "THREE_012",
                            "THREE_013",
                            "THREE_014",
                            "THREE_015",
                            "THREE_016",
                            "THREE_017",
                            "THREE_018",
                            "THREE_019",
                            "THREE_020",
                            "THREE_021",
                            "THREE_022",
                            "THREE_023",
                            "THREE_024",
                            "THREE_025",
                            "THREE_026",
                            "THREE_027",
                            "THREE_028",
                            "THREE_029",
                            "THREE_030",
                            "THREE_031",
                            "THREE_032",
                            "THREE_033",
                            "THREE_034",
                            "THREE_035",
                            "THREE_036",
                            "THREE_037",
                            "THREE_038",
                            "THREE_039",
                            "THREE_040",
                            "THREE_041",
                            "THREE_042",
                            "THREE_043",
                            "THREE_044",
                            "THREE_045",
                            "THREE_046",
                            "THREE_047",
                            "THREE_048",
                            "THREE_049",
                            "THREE_050"
                        ],
                        "connection": [
                            {
                                "table": [
                                    "OTC.G2020_MBYDT_PROD_INFO"
                                ],
                                "jdbcUrl": [
                                    "${cp_jdbcUrl}"
                                ]
                            }
                        ]
                    }
                },
                "writer": {
                    "name": "${lc_writer}",
                    "parameter": {
                        "username": "${lc_username}",
                        "password": "${lc_password}",
                        "writeMode": "insert",
                        "batchSize": "${batchSize}",
                        "memstoreThreshold": "${memstoreThreshold}",
                        "column": [
                            "A_001",
                            "A_002",
                            "A_003",
                            "A_004",
                            "A_005",
                            "A_006",
                            "A_007",
                            "A_008",
                            "A_009",
                            "A_010",
                            "A_011",
                            "A_012",
                            "A_013",
                            "A_014",
                            "A_015",
                            "A_016",
                            "A_017",
                            "A_018",
                            "A_019",
                            "A_020",
                            "A_021",
                            "A_022",
                            "A_023",
                            "A_024",
                            "A_025",
                            "A_026",
                            "A_027",
                            "A_028",
                            "A_029",
                            "A_030",
                            "A_031",
                            "A_032",
                            "A_033",
                            "A_034",
                            "A_035",
                            "A_036",
                            "A_037",
                            "A_038",
                            "A_039",
                            "A_040",
                            "A_041",
                            "A_042",
                            "A_043",
                            "A_044",
                            "A_045",
                            "A_046",
                            "A_047",
                            "A_048",
                            "A_049",
                            "A_050",
                            "FIVE_001",
                            "FIVE_002",
                            "FIVE_003",
                            "FIVE_004",
                            "FIVE_005",
                            "FIVE_006",
                            "FIVE_007",
                            "FIVE_008",
                            "FIVE_009",
                            "FIVE_010",
                            "FIVE_011",
                            "FIVE_012",
                            "FIVE_013",
                            "FIVE_014",
                            "FIVE_015",
                            "FIVE_016",
                            "FIVE_017",
                            "FIVE_018",
                            "FIVE_019",
                            "FIVE_020",
                            "FIVE_021",
                            "FIVE_022",
                            "FIVE_023",
                            "FIVE_024",
                            "FIVE_025",
                            "FIVE_026",
                            "FIVE_027",
                            "FIVE_028",
                            "FIVE_029",
                            "FIVE_030",
                            "FIVE_031",
                            "FIVE_032",
                            "FIVE_033",
                            "FIVE_034",
                            "FIVE_035",
                            "FIVE_036",
                            "FIVE_037",
                            "FIVE_038",
                            "FIVE_039",
                            "FIVE_040",
                            "FIVE_041",
                            "FIVE_042",
                            "FIVE_043",
                            "FIVE_044",
                            "FIVE_045",
                            "FIVE_046",
                            "FIVE_047",
                            "FIVE_048",
                            "FIVE_049",
                            "FIVE_050",
                            "ONE_001",
                            "ONE_002",
                            "ONE_003",
                            "ONE_004",
                            "ONE_005",
                            "ONE_006",
                            "ONE_007",
                            "ONE_008",
                            "ONE_009",
                            "ONE_010",
                            "ONE_011",
                            "ONE_012",
                            "ONE_013",
                            "ONE_014",
                            "ONE_015",
                            "ONE_016",
                            "ONE_017",
                            "ONE_018",
                            "ONE_019",
                            "ONE_020",
                            "ONE_021",
                            "ONE_022",
                            "ONE_023",
                            "ONE_024",
                            "ONE_025",
                            "ONE_026",
                            "ONE_027",
                            "ONE_028",
                            "ONE_029",
                            "ONE_030",
                            "ONE_031",
                            "ONE_032",
                            "ONE_033",
                            "ONE_034",
                            "ONE_035",
                            "ONE_036",
                            "ONE_037",
                            "ONE_038",
                            "ONE_039",
                            "ONE_040",
                            "ONE_041",
                            "ONE_042",
                            "ONE_043",
                            "ONE_044",
                            "ONE_045",
                            "ONE_046",
                            "ONE_047",
                            "ONE_048",
                            "ONE_049",
                            "ONE_050",
                            "TEN_001",
                            "TEN_002",
                            "TEN_003",
                            "TEN_004",
                            "TEN_005",
                            "TEN_006",
                            "TEN_007",
                            "TEN_008",
                            "TEN_009",
                            "TEN_010",
                            "TEN_011",
                            "TEN_012",
                            "TEN_013",
                            "TEN_014",
                            "TEN_015",
                            "TEN_016",
                            "TEN_017",
                            "TEN_018",
                            "TEN_019",
                            "TEN_020",
                            "TEN_021",
                            "TEN_022",
                            "TEN_023",
                            "TEN_024",
                            "TEN_025",
                            "TEN_026",
                            "TEN_027",
                            "TEN_028",
                            "TEN_029",
                            "TEN_030",
                            "TEN_031",
                            "TEN_032",
                            "TEN_033",
                            "TEN_034",
                            "TEN_035",
                            "TEN_036",
                            "TEN_037",
                            "TEN_038",
                            "TEN_039",
                            "TEN_040",
                            "TEN_041",
                            "TEN_042",
                            "TEN_043",
                            "TEN_044",
                            "TEN_045",
                            "TEN_046",
                            "TEN_047",
                            "TEN_048",
                            "TEN_049",
                            "TEN_050",
                            "THREE_001",
                            "THREE_002",
                            "THREE_003",
                            "THREE_004",
                            "THREE_005",
                            "THREE_006",
                            "THREE_007",
                            "THREE_008",
                            "THREE_009",
                            "THREE_010",
                            "THREE_011",
                            "THREE_012",
                            "THREE_013",
                            "THREE_014",
                            "THREE_015",
                            "THREE_016",
                            "THREE_017",
                            "THREE_018",
                            "THREE_019",
                            "THREE_020",
                            "THREE_021",
                            "THREE_022",
                            "THREE_023",
                            "THREE_024",
                            "THREE_025",
                            "THREE_026",
                            "THREE_027",
                            "THREE_028",
                            "THREE_029",
                            "THREE_030",
                            "THREE_031",
                            "THREE_032",
                            "THREE_033",
                            "THREE_034",
                            "THREE_035",
                            "THREE_036",
                            "THREE_037",
                            "THREE_038",
                            "THREE_039",
                            "THREE_040",
                            "THREE_041",
                            "THREE_042",
                            "THREE_043",
                            "THREE_044",
                            "THREE_045",
                            "THREE_046",
                            "THREE_047",
                            "THREE_048",
                            "THREE_049",
                            "THREE_050"
                        ],
                        "connection": [
                            {
                                "table": [
                                    "LCINFOJOB.CP_G2020_MBYDT_PROD_INFO"
                                ],
                                "jdbcUrl": "${lc_jdbcUrl}"
                            }
                        ],
                        "preSql": [
                            "truncate table LCINFOJOB.CP_G2020_MBYDT_PROD_INFO"
                        ]
                    }
                }
            }
        ],
        "setting": {
            "speed": {
                "channel": "${channel}"
            },
            "errorLimit": {
                "percentage": "${percentage}"
            }
        }
    }
}