{
    "job": {
        "content": [
            {
                "reader": {
                    "name": "${cp_reader}",
                    "parameter": {
                        "username": "${cp_username}",
                        "password": "${cp_password}",
                        "column": [
                            "count(*)"
                        ],
                        "connection": [
                            {
                                "table": [
                                    "otc.GJ_PRI_ASSET_DATA_CAL"
                                ],
                                "jdbcUrl": [
                                    "${cp_jdbcUrl}"
                                ]
                            }
                        ]
                    }
                },
                "writer": {
                    "name": "${lc_writer}",
                    "parameter": {
                        "username": "${lc_username}",
                        "password": "${lc_password}",
                        "writeMode": "insert",
                        "batchSize": "${batchSize}",
                        "memstoreThreshold": "${memstoreThreshold}",
                        "column": [
                            "V_CNT"
                        ],
                        "connection": [
                            {
                                "table": [
                                    "lcinfojob.GJ_PRI_ASSET_DATA_CAL"
                                ],
                                "jdbcUrl": "${lc_jdbcUrl}"
                            }
                        ]
                    }
                }
            },
            {
                "reader": {
                    "name": "${cp_reader}",
                    "parameter": {
                        "username": "${cp_username}",
                        "password": "${cp_password}",
                        "column": [],
                        "connection": [
                            {
                                "table": [
                                    "default_from_table"
                                ],
                                "jdbcUrl": [
                                    "${cp_jdbcUrl}"
                                ]
                            }
                        ]
                    }
                },
                "writer": {
                    "name": "${lc_writer}",
                    "parameter": {
                        "username": "${lc_username}",
                        "password": "${lc_password}",
                        "writeMode": "insert",
                        "batchSize": "${batchSize}",
                        "memstoreThreshold": "${memstoreThreshold}",
                        "column": [],
                        "connection": [
                            {
                                "table": [
                                    "lcinfojob"
                                ],
                                "jdbcUrl": "${lc_jdbcUrl}"
                            }
                        ]
                    }
                }
            },
            {
                "reader": {
                    "name": "${cp_reader}",
                    "parameter": {
                        "username": "${cp_username}",
                        "password": "${cp_password}",
                        "column": [
                            "ONEACCOUNT_CODE",
                            "ORGID",
                            "CUST_CODE",
                            "CUST_ACCOUNT",
                            "INV_CUST_CODE",
                            "INV_CUST_ACCOUNT",
                            "END_DT",
                            "TOTAL_ASSET",
                            "INCOME_YES",
                            "SUMINCOME",
                            "ZX_ASSET",
                            "ZX_INCOME_YES",
                            "ZX_SUM_INCOME",
                            "RX_ASSET",
                            "RX_INCOME_YES",
                            "RX_SUM_INCOME",
                            "ZH_ASSET",
                            "ZH_INCOME_YES",
                            "ZH_SUM_INCOME"
                        ],
                        "connection": [
                            {
                                "table": [
                                    "otc.GJ_PRI_ASSET_DATA_CAL"
                                ],
                                "jdbcUrl": [
                                    "${cp_jdbcUrl}"
                                ]
                            }
                        ]
                    }
                },
                "writer": {
                    "name": "${lc_writer}",
                    "parameter": {
                        "username": "${lc_username}",
                        "password": "${lc_password}",
                        "writeMode": "insert",
                        "batchSize": "${batchSize}",
                        "memstoreThreshold": "${memstoreThreshold}",
                        "column": [
                            "ONEACCOUNT_CODE",
                            "ORGID",
                            "CUST_CODE",
                            "CUST_ACCOUNT",
                            "INV_CUST_CODE",
                            "INV_CUST_ACCOUNT",
                            "END_DT",
                            "TOTAL_ASSET",
                            "INCOME_YES",
                            "SUMINCOME",
                            "ZX_ASSET",
                            "ZX_INCOME_YES",
                            "ZX_SUM_INCOME",
                            "RX_ASSET",
                            "RX_INCOME_YES",
                            "RX_SUM_INCOME",
                            "ZH_ASSET",
                            "ZH_INCOME_YES",
                            "ZH_SUM_INCOME"
                        ],
                        "connection": [
                            {
                                "table": [
                                    "lcinfojob.GJ_PRI_ASSET_DATA_CAL"
                                ],
                                "jdbcUrl": "${lc_jdbcUrl}"
                            }
                        ],
                        "preSql": [
                            "truncate table lcinfojob.GJ_PRI_ASSET_DATA_CAL"
                        ]
                    }
                }
            },
            {
                "reader": {
                    "name": "${cp_reader}",
                    "parameter": {
                        "username": "${cp_username}",
                        "password": "${cp_password}",
                        "column": [
                            "ONEACCOUNT_CODE",
                            "ORGID",
                            "CUST_CODE",
                            "CUST_ACCOUNT",
                            "INV_CUST_CODE",
                            "INV_CUST_ACCOUNT",
                            "END_DT",
                            "TOTAL_ASSET",
                            "INCOME_YES",
                            "SUMINCOME",
                            "ZX_ASSET",
                            "ZX_INCOME_YES",
                            "ZX_SUM_INCOME",
                            "RX_ASSET",
                            "RX_INCOME_YES",
                            "RX_SUM_INCOME",
                            "ZH_ASSET",
                            "ZH_INCOME_YES",
                            "ZH_SUM_INCOME"
                        ],
                        "connection": [
                            {
                                "table": [
                                    "otc.GJ_PRI_ASSET_DATA"
                                ],
                                "jdbcUrl": [
                                    "${cp_jdbcUrl}"
                                ]
                            }
                        ]
                    }
                },
                "writer": {
                    "name": "${lc_writer}",
                    "parameter": {
                        "username": "${lc_username}",
                        "password": "${lc_password}",
                        "writeMode": "insert",
                        "batchSize": "${batchSize}",
                        "memstoreThreshold": "${memstoreThreshold}",
                        "column": [
                            "ONEACCOUNT_CODE",
                            "ORGID",
                            "CUST_CODE",
                            "CUST_ACCOUNT",
                            "INV_CUST_CODE",
                            "INV_CUST_ACCOUNT",
                            "END_DT",
                            "TOTAL_ASSET",
                            "INCOME_YES",
                            "SUMINCOME",
                            "ZX_ASSET",
                            "ZX_INCOME_YES",
                            "ZX_SUM_INCOME",
                            "RX_ASSET",
                            "RX_INCOME_YES",
                            "RX_SUM_INCOME",
                            "ZH_ASSET",
                            "ZH_INCOME_YES",
                            "ZH_SUM_INCOME"
                        ],
                        "connection": [
                            {
                                "table": [
                                    "lcinfojob.GJ_PRI_ASSET_DATA"
                                ],
                                "jdbcUrl": "${lc_jdbcUrl}"
                            }
                        ],
                        "preSql": [
                            "truncate table lcinfojob.GJ_PRI_ASSET_DATA"
                        ]
                    }
                }
            }
        ],
        "setting": {
            "speed": {
                "channel": "${channel}"
            },
            "errorLimit": {
                "percentage": "${percentage}"
            }
        }
    }
}