{
    "job": {
        "content": [
            {
                "reader": {
                    "name": "${cp_reader}",
                    "parameter": {
                        "username": "${cp_username}",
                        "password": "${cp_password}",
                        "column": [
                            "count(*)"
                        ],
                        "connection": [
                            {
                                "table": [
                                    "otc.GJ_RX_POSITION_DATA_CAL"
                                ],
                                "jdbcUrl": [
                                    "${cp_jdbcUrl}"
                                ]
                            }
                        ]
                    }
                },
                "writer": {
                    "name": "${lc_writer}",
                    "parameter": {
                        "username": "${lc_username}",
                        "password": "${lc_password}",
                        "writeMode": "insert",
                        "batchSize": "${batchSize}",
                        "memstoreThreshold": "${memstoreThreshold}",
                        "column": [
                            "V_CNT"
                        ],
                        "connection": [
                            {
                                "table": [
                                    "lcinfojob.GJ_RX_POSITION_DATA_CAL"
                                ],
                                "jdbcUrl": "${lc_jdbcUrl}"
                            }
                        ]
                    }
                }
            },
            {
                "reader": {
                    "name": "${cp_reader}",
                    "parameter": {
                        "username": "${cp_username}",
                        "password": "${cp_password}",
                        "column": [],
                        "connection": [
                            {
                                "table": [
                                    "default_from_table"
                                ],
                                "jdbcUrl": [
                                    "${cp_jdbcUrl}"
                                ]
                            }
                        ]
                    }
                },
                "writer": {
                    "name": "${lc_writer}",
                    "parameter": {
                        "username": "${lc_username}",
                        "password": "${lc_password}",
                        "writeMode": "insert",
                        "batchSize": "${batchSize}",
                        "memstoreThreshold": "${memstoreThreshold}",
                        "column": [],
                        "connection": [
                            {
                                "table": [
                                    "lcinfojob"
                                ],
                                "jdbcUrl": "${lc_jdbcUrl}"
                            }
                        ]
                    }
                }
            },
            {
                "reader": {
                    "name": "${cp_reader}",
                    "parameter": {
                        "username": "${cp_username}",
                        "password": "${cp_password}",
                        "column": [
                            "ONEACCOUNT_CODE",
                            "END_DT",
                            "RX_ASSET",
                            "RIGHT_ASSET",
                            "RIGHT_INCOME_YES",
                            "RIGHT_SUM_INCOME",
                            "FIX_INCOME_ASSET",
                            "FIX_INCOME_INCOME_YES",
                            "FIX_INCOME_SUM_INCOME",
                            "OTHER_ASSET",
                            "OTHER_INCOME_YES",
                            "OTHER_SUM_INCOME",
                            "PROFIT_TOTAL",
                            "PROFIT_YES",
                            "RIGHT_PERCENT",
                            "FIX_PERCENT",
                            "OTHER_PERCENT"
                        ],
                        "connection": [
                            {
                                "table": [
                                    "otc.GJ_RX_POSITION_DATA_CAL"
                                ],
                                "jdbcUrl": [
                                    "${cp_jdbcUrl}"
                                ]
                            }
                        ]
                    }
                },
                "writer": {
                    "name": "${lc_writer}",
                    "parameter": {
                        "username": "${lc_username}",
                        "password": "${lc_password}",
                        "writeMode": "insert",
                        "batchSize": "${batchSize}",
                        "memstoreThreshold": "${memstoreThreshold}",
                        "column": [
                            "ONEACCOUNT_CODE",
                            "END_DT",
                            "RX_ASSET",
                            "RIGHT_ASSET",
                            "RIGHT_INCOME_YES",
                            "RIGHT_SUM_INCOME",
                            "FIX_INCOME_ASSET",
                            "FIX_INCOME_INCOME_YES",
                            "FIX_INCOME_SUM_INCOME",
                            "OTHER_ASSET",
                            "OTHER_INCOME_YES",
                            "OTHER_SUM_INCOME",
                            "PROFIT_TOTAL",
                            "PROFIT_YES",
                            "RIGHT_PERCENT",
                            "FIX_PERCENT",
                            "OTHER_PERCENT"
                        ],
                        "connection": [
                            {
                                "table": [
                                    "lcinfojob.GJ_RX_POSITION_DATA_CAL"
                                ],
                                "jdbcUrl": "${lc_jdbcUrl}"
                            }
                        ],
                        "preSql": [
                            "truncate table lcinfojob.GJ_RX_POSITION_DATA_CAL"
                        ]
                    }
                }
            },
            {
                "reader": {
                    "name": "${cp_reader}",
                    "parameter": {
                        "username": "${cp_username}",
                        "password": "${cp_password}",
                        "column": [
                            "ONEACCOUNT_CODE",
                            "END_DT",
                            "RX_ASSET",
                            "RIGHT_ASSET",
                            "RIGHT_INCOME_YES",
                            "RIGHT_SUM_INCOME",
                            "FIX_INCOME_ASSET",
                            "FIX_INCOME_INCOME_YES",
                            "FIX_INCOME_SUM_INCOME",
                            "OTHER_ASSET",
                            "OTHER_INCOME_YES",
                            "OTHER_SUM_INCOME",
                            "PROFIT_TOTAL",
                            "PROFIT_YES",
                            "RIGHT_PERCENT",
                            "FIX_PERCENT",
                            "OTHER_PERCENT"
                        ],
                        "connection": [
                            {
                                "table": [
                                    "otc.GJ_RX_POSITION_DATA"
                                ],
                                "jdbcUrl": [
                                    "${cp_jdbcUrl}"
                                ]
                            }
                        ]
                    }
                },
                "writer": {
                    "name": "${lc_writer}",
                    "parameter": {
                        "username": "${lc_username}",
                        "password": "${lc_password}",
                        "writeMode": "insert",
                        "batchSize": "${batchSize}",
                        "memstoreThreshold": "${memstoreThreshold}",
                        "column": [
                            "ONEACCOUNT_CODE",
                            "END_DT",
                            "RX_ASSET",
                            "RIGHT_ASSET",
                            "RIGHT_INCOME_YES",
                            "RIGHT_SUM_INCOME",
                            "FIX_INCOME_ASSET",
                            "FIX_INCOME_INCOME_YES",
                            "FIX_INCOME_SUM_INCOME",
                            "OTHER_ASSET",
                            "OTHER_INCOME_YES",
                            "OTHER_SUM_INCOME",
                            "PROFIT_TOTAL",
                            "PROFIT_YES",
                            "RIGHT_PERCENT",
                            "FIX_PERCENT",
                            "OTHER_PERCENT"
                        ],
                        "connection": [
                            {
                                "table": [
                                    "lcinfojob.GJ_RX_POSITION_DATA"
                                ],
                                "jdbcUrl": "${lc_jdbcUrl}"
                            }
                        ],
                        "preSql": [
                            "truncate table lcinfojob.GJ_RX_POSITION_DATA"
                        ]
                    }
                }
            }
        ],
        "setting": {
            "speed": {
                "channel": "${channel}"
            },
            "errorLimit": {
                "percentage": "${percentage}"
            }
        }
    }
}