{
    "job": {
        "content": [
            {
                "reader": {
                    "name": "${cp_reader}",
                    "parameter": {
                        "username": "${cp_username}",
                        "password": "${cp_password}",
                        "column": [
                            "PRO_ID",
                            "TRD_CODE",
                            "SECU_SHT",
                            "HLD_VOL",
                            "HLD_VAL",
                            "HLD_NAV_RAT",
                            "INDU",
                            "PRO_CODE",
                            "CODE_TYPE",
                            "PUB_DT",
                            "RPT_TYP",
                            "BGN_DT",
                            "END_DT",
                            "COM_PRE_QUAR",
                            "MARKETRELEATION",
                            "MARKETNAME",
                            "SWLEVEL2NAME"
                        ],
                        "connection": [
                            {
                                "table": [
                                    "(select * from otc.GJ_T_PRO_HOLDERALL b where b.CODE_TYPE = '1' and b.end_dt = trunc(sysdate, 'Q') - 1           union           select * from otc.GJ_T_PRO_HOLDERALL b where b.CODE_TYPE = '1' and b.end_dt = add_months(trunc(sysdate, 'Q') - 1, -3)           and pro_code not in (select pro_code from otc.GJ_T_PRO_HOLDERALL b where b.CODE_TYPE = '1' and b.end_dt = trunc(sysdate, 'Q') - 1))"
                                ],
                                "jdbcUrl": [
                                    "${cp_jdbcUrl}"
                                ]
                            }
                        ]
                    }
                },
                "writer": {
                    "name": "${lc_writer}",
                    "parameter": {
                        "username": "${lc_username}",
                        "password": "${lc_password}",
                        "writeMode": "insert",
                        "batchSize": "${batchSize}",
                        "memstoreThreshold": "${memstoreThreshold}",
                        "column": [
                            "PRO_ID",
                            "TRD_CODE",
                            "SECU_SHT",
                            "HLD_VOL",
                            "HLD_VAL",
                            "HLD_NAV_RAT",
                            "INDU",
                            "PRO_CODE",
                            "CODE_TYPE",
                            "PUB_DT",
                            "RPT_TYP",
                            "BGN_DT",
                            "END_DT",
                            "COM_PRE_QUAR",
                            "MARKETRELEATION",
                            "MARKETNAME",
                            "SWLEVEL2NAME"
                        ],
                        "connection": [
                            {
                                "table": [
                                    "lcinfojob.GJ_T_PRO_HOLDERALL b where b.CODE_TYPE = '1' and b.end_dt = trunc(sysdate, 'Q') - 1           union           select * from otc.GJ_T_PRO_HOLDERALL b where b.CODE_TYPE = '1' and b.end_dt = add_months(trunc(sysdate, 'Q') - 1, -3)           and pro_code not in (select pro_code from otc.GJ_T_PRO_HOLDERALL b where b.CODE_TYPE = '1' and b.end_dt = trunc(sysdate, 'Q') - 1))"
                                ],
                                "jdbcUrl": "${lc_jdbcUrl}"
                            }
                        ],
                        "preSql": [
                            "truncate table lcinfojob.GJ_T_PRO_HOLDERALL b where b.CODE_TYPE = '1' and b.end_dt = trunc(sysdate, 'Q') - 1           union           select * from otc.GJ_T_PRO_HOLDERALL b where b.CODE_TYPE = '1' and b.end_dt = add_months(trunc(sysdate, 'Q') - 1, -3)           and pro_code not in (select pro_code from otc.GJ_T_PRO_HOLDERALL b where b.CODE_TYPE = '1' and b.end_dt = trunc(sysdate, 'Q') - 1))"
                        ]
                    }
                }
            },
            {
                "reader": {
                    "name": "${cp_reader}",
                    "parameter": {
                        "username": "${cp_username}",
                        "password": "${cp_password}",
                        "column": [
                            "PRO_ID",
                            "TRD_CODE",
                            "SECU_SHT",
                            "HLD_VOL",
                            "HLD_VAL",
                            "HLD_NAV_RAT",
                            "INDU",
                            "PRO_CODE",
                            "CODE_TYPE",
                            "PUB_DT",
                            "RPT_TYP",
                            "BGN_DT",
                            "END_DT",
                            "COM_PRE_QUAR",
                            "MARKETRELEATION",
                            "MARKETNAME",
                            "SWLEVEL2NAME"
                        ],
                        "connection": [
                            {
                                "table": [
                                    "(select * from otc.GJ_T_PRO_HOLDERALL b where b.CODE_TYPE = '1' and b.end_dt = add_months(trunc(sysdate, 'Q') - 1, -3)           and pro_code in (select pro_code from otc.GJ_T_PRO_HOLDERALL b where b.CODE_TYPE = '1' and b.end_dt = trunc(sysdate, 'Q') - 1)           union           select * from otc.GJ_T_PRO_HOLDERALL b where b.CODE_TYPE = '1' and b.end_dt = add_months(trunc(sysdate, 'Q') - 1, -6)           and pro_code not in (select pro_code from otc.GJ_T_PRO_HOLDERALL b where b.CODE_TYPE = '1' and b.end_dt = trunc(sysdate, 'Q') - 1))"
                                ],
                                "jdbcUrl": [
                                    "${cp_jdbcUrl}"
                                ]
                            }
                        ]
                    }
                },
                "writer": {
                    "name": "${lc_writer}",
                    "parameter": {
                        "username": "${lc_username}",
                        "password": "${lc_password}",
                        "writeMode": "insert",
                        "batchSize": "${batchSize}",
                        "memstoreThreshold": "${memstoreThreshold}",
                        "column": [
                            "PRO_ID",
                            "TRD_CODE",
                            "SECU_SHT",
                            "HLD_VOL",
                            "HLD_VAL",
                            "HLD_NAV_RAT",
                            "INDU",
                            "PRO_CODE",
                            "CODE_TYPE",
                            "PUB_DT",
                            "RPT_TYP",
                            "BGN_DT",
                            "END_DT",
                            "COM_PRE_QUAR",
                            "MARKETRELEATION",
                            "MARKETNAME",
                            "SWLEVEL2NAME"
                        ],
                        "connection": [
                            {
                                "table": [
                                    "lcinfojob.GJ_T_PRO_HOLDERALL b where b.CODE_TYPE = '1' and b.end_dt = add_months(trunc(sysdate, 'Q') - 1, -3)           and pro_code in (select pro_code from otc.GJ_T_PRO_HOLDERALL b where b.CODE_TYPE = '1' and b.end_dt = trunc(sysdate, 'Q') - 1)           union           select * from otc.GJ_T_PRO_HOLDERALL b where b.CODE_TYPE = '1' and b.end_dt = add_months(trunc(sysdate, 'Q') - 1, -6)           and pro_code not in (select pro_code from otc.GJ_T_PRO_HOLDERALL b where b.CODE_TYPE = '1' and b.end_dt = trunc(sysdate, 'Q') - 1))"
                                ],
                                "jdbcUrl": "${lc_jdbcUrl}"
                            }
                        ],
                        "preSql": [
                            "truncate table lcinfojob.GJ_T_PRO_HOLDERALL b where b.CODE_TYPE = '1' and b.end_dt = add_months(trunc(sysdate, 'Q') - 1, -3)           and pro_code in (select pro_code from otc.GJ_T_PRO_HOLDERALL b where b.CODE_TYPE = '1' and b.end_dt = trunc(sysdate, 'Q') - 1)           union           select * from otc.GJ_T_PRO_HOLDERALL b where b.CODE_TYPE = '1' and b.end_dt = add_months(trunc(sysdate, 'Q') - 1, -6)           and pro_code not in (select pro_code from otc.GJ_T_PRO_HOLDERALL b where b.CODE_TYPE = '1' and b.end_dt = trunc(sysdate, 'Q') - 1))"
                        ]
                    }
                }
            },
            {
                "reader": {
                    "name": "${cp_reader}",
                    "parameter": {
                        "username": "${cp_username}",
                        "password": "${cp_password}",
                        "column": [
                            "b.PERSONCODE",
                            "b.STOCK_CODE",
                            "b.MARKETRELEATION",
                            "b.MARKETNAME",
                            "b.STOCK_NAME",
                            "Round(case when a.MANAGE_SCALE = 0             then 0           else             b.HLD_VAL/(a.MANAGE_SCALE) end,8) as HLD_NAV_RAT",
                            "to_char(b.END_DT,'YYYYMMDD')"
                        ],
                        "connection": [
                            {
                                "table": [
                                    "otc.FUND_MNG_INFO_CRON a,                     (SELECT a.PERSONCODE,b.trd_code as STOCK_CODE,sum(b.HLD_VAL) as HLD_VAL,             max(b.MARKETRELEATION) as MARKETRELEATION,             max(b.MARKETNAME) as MARKETNAME,             max(b.SECU_SHT) as STOCK_NAME,max(b.END_DT) END_DT  FROM otc.GJ_FNDCN_FUND_MNG a,otc.GJ_T_PRO_HOLDERALL_CUR b where a.trd_code = b.pro_code and POST='004' and ISPOSITION = '1' and b.CODE_TYPE = '1'             group by a.PERSONCODE,b.trd_code) b where a.PERSONCODE = b.PERSONCODE"
                                ],
                                "jdbcUrl": [
                                    "${cp_jdbcUrl}"
                                ]
                            }
                        ]
                    }
                },
                "writer": {
                    "name": "${lc_writer}",
                    "parameter": {
                        "username": "${lc_username}",
                        "password": "${lc_password}",
                        "writeMode": "insert",
                        "batchSize": "${batchSize}",
                        "memstoreThreshold": "${memstoreThreshold}",
                        "column": [
                            "PERSONCODE",
                            "STOCK_CODE",
                            "MARKETRELEATION",
                            "MARKETNAME",
                            "STOCK_NAME",
                            "HLD_NAV_RAT",
                            "END_DT"
                        ],
                        "connection": [
                            {
                                "table": [
                                    "lcinfojob.FUND_MNG_INFO_CRON a,                     (SELECT a.PERSONCODE,b.trd_code as STOCK_CODE,sum(b.HLD_VAL) as HLD_VAL,             max(b.MARKETRELEATION) as MARKETRELEATION,             max(b.MARKETNAME) as MARKETNAME,             max(b.SECU_SHT) as STOCK_NAME,max(b.END_DT) END_DT  FROM otc.GJ_FNDCN_FUND_MNG a,otc.GJ_T_PRO_HOLDERALL_CUR b where a.trd_code = b.pro_code and POST='004' and ISPOSITION = '1' and b.CODE_TYPE = '1'             group by a.PERSONCODE,b.trd_code) b where a.PERSONCODE = b.PERSONCODE"
                                ],
                                "jdbcUrl": "${lc_jdbcUrl}"
                            }
                        ],
                        "preSql": [
                            "truncate table lcinfojob.FUND_MNG_INFO_CRON a,                     (SELECT a.PERSONCODE,b.trd_code as STOCK_CODE,sum(b.HLD_VAL) as HLD_VAL,             max(b.MARKETRELEATION) as MARKETRELEATION,             max(b.MARKETNAME) as MARKETNAME,             max(b.SECU_SHT) as STOCK_NAME,max(b.END_DT) END_DT  FROM otc.GJ_FNDCN_FUND_MNG a,otc.GJ_T_PRO_HOLDERALL_CUR b where a.trd_code = b.pro_code and POST='004' and ISPOSITION = '1' and b.CODE_TYPE = '1'             group by a.PERSONCODE,b.trd_code) b where a.PERSONCODE = b.PERSONCODE"
                        ]
                    }
                }
            },
            {
                "reader": {
                    "name": "${cp_reader}",
                    "parameter": {
                        "username": "${cp_username}",
                        "password": "${cp_password}",
                        "column": [],
                        "connection": [
                            {
                                "table": [
                                    "default_from_table"
                                ],
                                "jdbcUrl": [
                                    "${cp_jdbcUrl}"
                                ]
                            }
                        ]
                    }
                },
                "writer": {
                    "name": "${lc_writer}",
                    "parameter": {
                        "username": "${lc_username}",
                        "password": "${lc_password}",
                        "writeMode": "insert",
                        "batchSize": "${batchSize}",
                        "memstoreThreshold": "${memstoreThreshold}",
                        "column": [],
                        "connection": [
                            {
                                "table": [
                                    "lcinfojob"
                                ],
                                "jdbcUrl": "${lc_jdbcUrl}"
                            }
                        ]
                    }
                }
            },
            {
                "reader": {
                    "name": "${cp_reader}",
                    "parameter": {
                        "username": "${cp_username}",
                        "password": "${cp_password}",
                        "column": [],
                        "connection": [
                            {
                                "table": [
                                    "default_from_table"
                                ],
                                "jdbcUrl": [
                                    "${cp_jdbcUrl}"
                                ]
                            }
                        ]
                    }
                },
                "writer": {
                    "name": "${lc_writer}",
                    "parameter": {
                        "username": "${lc_username}",
                        "password": "${lc_password}",
                        "writeMode": "insert",
                        "batchSize": "${batchSize}",
                        "memstoreThreshold": "${memstoreThreshold}",
                        "column": [],
                        "connection": [
                            {
                                "table": [
                                    "lcinfojob"
                                ],
                                "jdbcUrl": "${lc_jdbcUrl}"
                            }
                        ]
                    }
                }
            },
            {
                "reader": {
                    "name": "${cp_reader}",
                    "parameter": {
                        "username": "${cp_username}",
                        "password": "${cp_password}",
                        "column": [],
                        "connection": [
                            {
                                "table": [
                                    "default_from_table"
                                ],
                                "jdbcUrl": [
                                    "${cp_jdbcUrl}"
                                ]
                            }
                        ]
                    }
                },
                "writer": {
                    "name": "${lc_writer}",
                    "parameter": {
                        "username": "${lc_username}",
                        "password": "${lc_password}",
                        "writeMode": "insert",
                        "batchSize": "${batchSize}",
                        "memstoreThreshold": "${memstoreThreshold}",
                        "column": [],
                        "connection": [
                            {
                                "table": [
                                    "lcinfojob"
                                ],
                                "jdbcUrl": "${lc_jdbcUrl}"
                            }
                        ]
                    }
                }
            }
        ],
        "setting": {
            "speed": {
                "channel": "${channel}"
            },
            "errorLimit": {
                "percentage": "${percentage}"
            }
        }
    }
}