{
    "job": {
        "content": [
            {
                "reader": {
                    "name": "${cp_reader}",
                    "parameter": {
                        "username": "${cp_username}",
                        "password": "${cp_password}",
                        "column": [
                            "EID",
                            "ESEQID",
                            "EISDEL",
                            "AYIELDSINCES",
                            "ATYIELDGEO",
                            "SECURITYNAME",
                            "PERSONCODE",
                            "REMARK",
                            "ATYIELDARI",
                            "HOLDDAYS",
                            "YIELDSINCE2Y",
                            "YIELDSINCES",
                            "TRD_CODE",
                            "YIELDSINCET",
                            "YIELDSINCEL1M",
                            "POSTSDATE",
                            "YIELDSSL",
                            "SECINNERCODE",
                            "ATYIELDARIL",
                            "YIELDSINCE1Y",
                            "YIELDSINCE6M",
                            "YIELDSINCEL3M",
                            "MANAGER",
                            "UPDATEDATE",
                            "TYIELD",
                            "POSTSTATE",
                            "ATYIELDGEOL",
                            "YIELDSINCE3Y",
                            "POSTEDATE",
                            "ESOURCEMEMO"
                        ],
                        "connection": [
                            {
                                "table": [
                                    "OTC.GJ_PRO_MNG_PFMANCE"
                                ],
                                "jdbcUrl": [
                                    "${cp_jdbcUrl}"
                                ]
                            }
                        ]
                    }
                },
                "writer": {
                    "name": "${lc_writer}",
                    "parameter": {
                        "username": "${lc_username}",
                        "password": "${lc_password}",
                        "writeMode": "insert",
                        "batchSize": "${batchSize}",
                        "memstoreThreshold": "${memstoreThreshold}",
                        "column": [
                            "EID",
                            "ESEQID",
                            "EISDEL",
                            "AYIELDSINCES",
                            "ATYIELDGEO",
                            "SECURITYNAME",
                            "PERSONCODE",
                            "REMARK",
                            "ATYIELDARI",
                            "HOLDDAYS",
                            "YIELDSINCE2Y",
                            "YIELDSINCES",
                            "TRD_CODE",
                            "YIELDSINCET",
                            "YIELDSINCEL1M",
                            "POSTSDATE",
                            "YIELDSSL",
                            "SECINNERCODE",
                            "ATYIELDARIL",
                            "YIELDSINCE1Y",
                            "YIELDSINCE6M",
                            "YIELDSINCEL3M",
                            "MANAGER",
                            "UPDATEDATE",
                            "TYIELD",
                            "POSTSTATE",
                            "ATYIELDGEOL",
                            "YIELDSINCE3Y",
                            "POSTEDATE",
                            "ESOURCEMEMO"
                        ],
                        "connection": [
                            {
                                "table": [
                                    "LCINFOJOB.CP_GJ_PRO_MNG_PFMANCE"
                                ],
                                "jdbcUrl": "${lc_jdbcUrl}"
                            }
                        ],
                        "preSql": [
                            "truncate table LCINFOJOB.CP_GJ_PRO_MNG_PFMANCE"
                        ]
                    }
                }
            },
            {
                "reader": {
                    "name": "${cp_reader}",
                    "parameter": {
                        "username": "${cp_username}",
                        "password": "${cp_password}",
                        "column": [
                            "TRD_CODE",
                            "ENDDATE",
                            "NOTICEDATE",
                            "REPORTTYPE",
                            "SIPCTNV",
                            "BSPCTNV",
                            "MPCTNV",
                            "OIPCTNV",
                            "NEW_VOL",
                            "FNVSUM",
                            "NEW_VOL_DT"
                        ],
                        "connection": [
                            {
                                "table": [
                                    "OTC.ASSETALLOCT"
                                ],
                                "jdbcUrl": [
                                    "${cp_jdbcUrl}"
                                ]
                            }
                        ]
                    }
                },
                "writer": {
                    "name": "${lc_writer}",
                    "parameter": {
                        "username": "${lc_username}",
                        "password": "${lc_password}",
                        "writeMode": "insert",
                        "batchSize": "${batchSize}",
                        "memstoreThreshold": "${memstoreThreshold}",
                        "column": [
                            "TRD_CODE",
                            "ENDDATE",
                            "NOTICEDATE",
                            "REPORTTYPE",
                            "SIPCTNV",
                            "BSPCTNV",
                            "MPCTNV",
                            "OIPCTNV",
                            "NEW_VOL",
                            "FNVSUM",
                            "NEW_VOL_DT"
                        ],
                        "connection": [
                            {
                                "table": [
                                    "LCINFOJOB.CP_ASSETALLOCT"
                                ],
                                "jdbcUrl": "${lc_jdbcUrl}"
                            }
                        ],
                        "preSql": [
                            "truncate table LCINFOJOB.CP_ASSETALLOCT"
                        ]
                    }
                }
            }
        ],
        "setting": {
            "speed": {
                "channel": "${channel}"
            },
            "errorLimit": {
                "percentage": "${percentage}"
            }
        }
    }
}