{
    "job": {
        "content": [
            {
                "reader": {
                    "name": "${cp_reader}",
                    "parameter": {
                        "username": "${cp_username}",
                        "password": "${cp_password}",
                        "column": [
                            "ITEM_CODE",
                            "PROD_CODE",
                            "PROD_NAME",
                            "AUDIT_STATUS",
                            "CREATE_PERSONNEL",
                            "STATUS",
                            "sysdate",
                            "UPD_PERSONNEL",
                            "OPER_ID",
                            "PRIORITY",
                            "SOURCE",
                            "PROD_STATUS"
                        ],
                        "connection": [
                            {
                                "table": [
                                    "(SELECT ITEM_CODE,            PROD_CODE,            PROD_NAME,            AUDIT_STATUS,            CREATE_PERSONNEL,            STATUS,            SYSDATE,            UPD_PERSONNEL,            OPER_ID,            PRIORITY,            SOURCE,            1 PROD_STATUS       FROM OTC.GJ_G2010_SECOND_ITEM_PRO_INF_1 A     MINUS     SELECT ITEM_CODE,            PROD_CODE,            PROD_NAME,            AUDIT_STATUS,            CREATE_PERSONNEL,            STATUS,            SYSDATE,            UPD_PERSONNEL,            OPER_ID,            PRIORITY,            SOURCE,            1 PROD_STATUS       FROM OTC142.GJ_G2010_SECOND_ITEM_PROD_INFO      WHERE STATUS = 1        AND SOURCE != '1')"
                                ],
                                "jdbcUrl": [
                                    "${cp_jdbcUrl}"
                                ]
                            }
                        ]
                    }
                },
                "writer": {
                    "name": "${lc_writer}",
                    "parameter": {
                        "username": "${lc_username}",
                        "password": "${lc_password}",
                        "writeMode": "insert",
                        "batchSize": "${batchSize}",
                        "memstoreThreshold": "${memstoreThreshold}",
                        "column": [
                            "ITEM_CODE",
                            "PROD_CODE",
                            "PROD_NAME",
                            "AUDIT_STATUS",
                            "CREATE_PERSONNEL",
                            "STATUS",
                            "UPD_TIME",
                            "UPD_PERSONNEL",
                            "OPER_ID",
                            "PRIORITY",
                            "SOURCE",
                            "PROD_STATUS"
                        ],
                        "connection": [
                            {
                                "table": [
                                    "LCINFOJOB.CP_GJ_G2010_SECOND_ITEM_PRO_INF_1 A     MINUS     SELECT ITEM_CODE,            PROD_CODE,            PROD_NAME,            AUDIT_STATUS,            CREATE_PERSONNEL,            STATUS,            SYSDATE,            UPD_PERSONNEL,            OPER_ID,            PRIORITY,            SOURCE,            1 PROD_STATUS       FROM OTC142.GJ_G2010_SECOND_ITEM_PROD_INFO      WHERE STATUS = 1        AND SOURCE != '1')"
                                ],
                                "jdbcUrl": "${lc_jdbcUrl}"
                            }
                        ],
                        "preSql": [
                            "truncate table LCINFOJOB.CP_GJ_G2010_SECOND_ITEM_PRO_INF_1 A     MINUS     SELECT ITEM_CODE,            PROD_CODE,            PROD_NAME,            AUDIT_STATUS,            CREATE_PERSONNEL,            STATUS,            SYSDATE,            UPD_PERSONNEL,            OPER_ID,            PRIORITY,            SOURCE,            1 PROD_STATUS       FROM OTC142.GJ_G2010_SECOND_ITEM_PROD_INFO      WHERE STATUS = 1        AND SOURCE != '1')"
                        ]
                    }
                }
            },
            {
                "reader": {
                    "name": "${cp_reader}",
                    "parameter": {
                        "username": "${cp_username}",
                        "password": "${cp_password}",
                        "column": [
                            "ITEM_CODE",
                            "PROD_CODE",
                            "PROD_NAME",
                            "AUDIT_STATUS",
                            "CREATE_PERSONNEL",
                            "STATUS",
                            "sysdate",
                            "UPD_PERSONNEL",
                            "OPER_ID",
                            "PRIORITY",
                            "SOURCE",
                            "PROD_STATUS"
                        ],
                        "connection": [
                            {
                                "table": [
                                    "(SELECT      ITEM_CODE,      PROD_CODE,      PROD_NAME,      AUDIT_STATUS,      CREATE_PERSONNEL,      STATUS,      SYSDATE,      UPD_PERSONNEL,      OPER_ID,      PRIORITY,      SOURCE,      2 PROD_STATUS       FROM OTC142.GJ_G2010_SECOND_ITEM_PROD_INFO A      WHERE STATUS = 1        AND SOURCE != '1'     MINUS     SELECT      ITEM_CODE,      PROD_CODE,      PROD_NAME,      AUDIT_STATUS,      CREATE_PERSONNEL,      STATUS,      SYSDATE,      UPD_PERSONNEL,      OPER_ID,      PRIORITY,      SOURCE,      2 PROD_STATUS       FROM OTC.GJ_G2010_SECOND_ITEM_PRO_INF_1)"
                                ],
                                "jdbcUrl": [
                                    "${cp_jdbcUrl}"
                                ]
                            }
                        ]
                    }
                },
                "writer": {
                    "name": "${lc_writer}",
                    "parameter": {
                        "username": "${lc_username}",
                        "password": "${lc_password}",
                        "writeMode": "insert",
                        "batchSize": "${batchSize}",
                        "memstoreThreshold": "${memstoreThreshold}",
                        "column": [
                            "ITEM_CODE",
                            "PROD_CODE",
                            "PROD_NAME",
                            "AUDIT_STATUS",
                            "CREATE_PERSONNEL",
                            "STATUS",
                            "UPD_TIME",
                            "UPD_PERSONNEL",
                            "OPER_ID",
                            "PRIORITY",
                            "SOURCE",
                            "PROD_STATUS"
                        ],
                        "connection": [
                            {
                                "table": [
                                    "LCINFOJOB.CP_GJ_G2010_SECOND_ITEM_PROD_INFO A      WHERE STATUS = 1        AND SOURCE != '1'     MINUS     SELECT      ITEM_CODE,      PROD_CODE,      PROD_NAME,      AUDIT_STATUS,      CREATE_PERSONNEL,      STATUS,      SYSDATE,      UPD_PERSONNEL,      OPER_ID,      PRIORITY,      SOURCE,      2 PROD_STATUS       FROM OTC.GJ_G2010_SECOND_ITEM_PRO_INF_1)"
                                ],
                                "jdbcUrl": "${lc_jdbcUrl}"
                            }
                        ]
                    }
                }
            }
        ],
        "setting": {
            "speed": {
                "channel": "${channel}"
            },
            "errorLimit": {
                "percentage": "${percentage}"
            }
        }
    }
}