{
    "job": {
        "content": [
            {
                "reader": {
                    "name": "${cp_reader}",
                    "parameter": {
                        "username": "${cp_username}",
                        "password": "${cp_password}",
                        "column": [
                            "PRO_ID",
                            "PRO_CODE",
                            "SECU_ID",
                            "TRD_DT",
                            "TRD_CODE",
                            "SECU_SHT",
                            "INV_CODE",
                            "CHG_RAT_1W",
                            "CHG_RAT_1M",
                            "CHG_RAT_3M",
                            "CHG_RAT_6M",
                            "CHG_RAT_1Y",
                            "CHG_RAT_2Y",
                            "CHG_RAT_3Y",
                            "CHG_RAT_BGN",
                            "CHG_RAT_TY",
                            "RK_1W",
                            "RK_1M",
                            "RK_3M",
                            "RK_6M",
                            "RK_1Y",
                            "RK_2Y",
                            "RK_3Y",
                            "RK_BGN",
                            "RK_TY",
                            "AVG_YLD_1W",
                            "AVG_YLD_1M",
                            "AVG_YLD_3M",
                            "AVG_YLD_6M",
                            "AVG_YLD_1Y",
                            "AVG_YLD_2Y",
                            "AVG_YLD_3Y",
                            "AVG_YLD_BGN",
                            "AVG_YLD_TY"
                        ],
                        "connection": [
                            {
                                "table": [
                                    "OTC.GJ_G2010_PRO_FUND_RAT_RK"
                                ],
                                "jdbcUrl": [
                                    "${cp_jdbcUrl}"
                                ]
                            }
                        ]
                    }
                },
                "writer": {
                    "name": "${lc_writer}",
                    "parameter": {
                        "username": "${lc_username}",
                        "password": "${lc_password}",
                        "writeMode": "insert",
                        "batchSize": "${batchSize}",
                        "memstoreThreshold": "${memstoreThreshold}",
                        "column": [
                            "PRO_ID",
                            "PRO_CODE",
                            "SECU_ID",
                            "TRD_DT",
                            "TRD_CODE",
                            "SECU_SHT",
                            "INV_CODE",
                            "CHG_RAT_1W",
                            "CHG_RAT_1M",
                            "CHG_RAT_3M",
                            "CHG_RAT_6M",
                            "CHG_RAT_1Y",
                            "CHG_RAT_2Y",
                            "CHG_RAT_3Y",
                            "CHG_RAT_BGN",
                            "CHG_RAT_TY",
                            "RK_1W",
                            "RK_1M",
                            "RK_3M",
                            "RK_6M",
                            "RK_1Y",
                            "RK_2Y",
                            "RK_3Y",
                            "RK_BGN",
                            "RK_TY",
                            "AVG_YLD_1W",
                            "AVG_YLD_1M",
                            "AVG_YLD_3M",
                            "AVG_YLD_6M",
                            "AVG_YLD_1Y",
                            "AVG_YLD_2Y",
                            "AVG_YLD_3Y",
                            "AVG_YLD_BGN",
                            "AVG_YLD_TY"
                        ],
                        "connection": [
                            {
                                "table": [
                                    "LCINFOJOB.CP_GJ_G2010_PRO_FUND_RAT_RK"
                                ],
                                "jdbcUrl": "${lc_jdbcUrl}"
                            }
                        ],
                        "preSql": [
                            "truncate table LCINFOJOB.CP_GJ_G2010_PRO_FUND_RAT_RK"
                        ]
                    }
                }
            },
            {
                "reader": {
                    "name": "${cp_reader}",
                    "parameter": {
                        "username": "${cp_username}",
                        "password": "${cp_password}",
                        "column": [
                            "ID",
                            "PRO_CODE",
                            "BGN_DT",
                            "END_DT",
                            "IDX_CODE",
                            "IDX_NAME",
                            "BEN_RAT",
                            "BEN_DESC"
                        ],
                        "connection": [
                            {
                                "table": [
                                    "OTC.PRO_FUND_BEN"
                                ],
                                "jdbcUrl": [
                                    "${cp_jdbcUrl}"
                                ]
                            }
                        ]
                    }
                },
                "writer": {
                    "name": "${lc_writer}",
                    "parameter": {
                        "username": "${lc_username}",
                        "password": "${lc_password}",
                        "writeMode": "insert",
                        "batchSize": "${batchSize}",
                        "memstoreThreshold": "${memstoreThreshold}",
                        "column": [
                            "ID",
                            "PRO_CODE",
                            "BGN_DT",
                            "END_DT",
                            "IDX_CODE",
                            "IDX_NAME",
                            "BEN_RAT",
                            "BEN_DESC"
                        ],
                        "connection": [
                            {
                                "table": [
                                    "LCINFOJOB.CP_PRO_FUND_BEN"
                                ],
                                "jdbcUrl": "${lc_jdbcUrl}"
                            }
                        ],
                        "preSql": [
                            "truncate table LCINFOJOB.CP_PRO_FUND_BEN"
                        ]
                    }
                }
            }
        ],
        "setting": {
            "speed": {
                "channel": "${channel}"
            },
            "errorLimit": {
                "percentage": "${percentage}"
            }
        }
    }
}