{
    "job": {
        "content": [
            {
                "reader": {
                    "name": "${cp_reader}",
                    "parameter": {
                        "username": "${cp_username}",
                        "password": "${cp_password}",
                        "column": [
                            "2",
                            "1",
                            "sysdate",
                            "item_code"
                        ],
                        "connection": [
                            {
                                "table": [
                                    "(SELECT ITEM_CODE,SIGN1       FROM       (           SELECT ITEM_CODE,DECODE(SHELF_BROWSE_WAY,1,SIGN(CNT-2),2,SIGN(CNT-3),3,SIGN(CNT-4),4,SIGN(CNT-2),5,SIGN(CNT-3),6,SIGN(CNT-4),7,SIGN(CNT-2),SIGN(CNT-2)) SIGN1           FROM           (               SELECT A.ITEM_CODE,NVL(C.CNT,0) CNT,A.SHELF_BROWSE_WAY               FROM OTC142.GJ_G2010_ITEM_INFO A               LEFT JOIN               (                 SELECT B.ITEM_CODE,COUNT(*) CNT                 FROM OTC142.GJ_G2010_SECOND_ITEM_PROD_INFO B                 WHERE B.STATUS=1                 AND B.AUDIT_STATUS=1                 GROUP BY B.ITEM_CODE) C               ON A.ITEM_CODE=C.ITEM_CODE               WHERE A.ANOTHER_BATCH=1           )       )       WHERE SIGN1=-1)"
                                ],
                                "jdbcUrl": [
                                    "${cp_jdbcUrl}"
                                ]
                            }
                        ]
                    }
                },
                "writer": {
                    "name": "${lc_writer}",
                    "parameter": {
                        "username": "${lc_username}",
                        "password": "${lc_password}",
                        "writeMode": "insert",
                        "batchSize": "${batchSize}",
                        "memstoreThreshold": "${memstoreThreshold}",
                        "column": [
                            "another_batch",
                            "upd_personnel",
                            "upd_time",
                            "item_code"
                        ],
                        "connection": [
                            {
                                "table": [
                                    "LCINFOJOB.CP_ITEM_CODE,NVL(C.CNT,0) CNT,A.SHELF_BROWSE_WAY               FROM OTC142.GJ_G2010_ITEM_INFO A               LEFT JOIN               (                 SELECT B.ITEM_CODE,COUNT(*) CNT                 FROM OTC142.GJ_G2010_SECOND_ITEM_PROD_INFO B                 WHERE B.STATUS=1                 AND B.AUDIT_STATUS=1                 GROUP BY B.ITEM_CODE) C               ON A.ITEM_CODE=C.ITEM_CODE               WHERE A.ANOTHER_BATCH=1           )       )       WHERE SIGN1=-1)"
                                ],
                                "jdbcUrl": "${lc_jdbcUrl}"
                            }
                        ],
                        "preSql": [
                            "truncate table LCINFOJOB.CP_ITEM_CODE,NVL(C.CNT,0) CNT,A.SHELF_BROWSE_WAY               FROM OTC142.GJ_G2010_ITEM_INFO A               LEFT JOIN               (                 SELECT B.ITEM_CODE,COUNT(*) CNT                 FROM OTC142.GJ_G2010_SECOND_ITEM_PROD_INFO B                 WHERE B.STATUS=1                 AND B.AUDIT_STATUS=1                 GROUP BY B.ITEM_CODE) C               ON A.ITEM_CODE=C.ITEM_CODE               WHERE A.ANOTHER_BATCH=1           )       )       WHERE SIGN1=-1)"
                        ]
                    }
                }
            },
            {
                "reader": {
                    "name": "${cp_reader}",
                    "parameter": {
                        "username": "${cp_username}",
                        "password": "${cp_password}",
                        "column": [
                            "2",
                            "1",
                            "sysdate",
                            "item_code"
                        ],
                        "connection": [
                            {
                                "table": [
                                    "(SELECT DISTINCT A.ITEM_CODE         FROM OTC142.GJ_G2010_ITEM_INFO A         LEFT JOIN OTC142.GJ_G2010_SECOND_ITEM_PROD_INFO B         ON A.ITEM_CODE=B.ITEM_CODE         LEFT JOIN OTC142.GJ_G2010_MANUAL_PROD_INFO C         ON B.PROD_CODE=C.PROD_CODE         WHERE C.PROD_FEATURE_DESCRIBE IS NULL         AND A.NAME_DESCRI_DISPLACE=1         AND B.AUDIT_STATUS=1         AND B.STATUS=1         AND A.ITEM_STATUS=1         AND A.AUDIT_STATUS=1)"
                                ],
                                "jdbcUrl": [
                                    "${cp_jdbcUrl}"
                                ]
                            }
                        ]
                    }
                },
                "writer": {
                    "name": "${lc_writer}",
                    "parameter": {
                        "username": "${lc_username}",
                        "password": "${lc_password}",
                        "writeMode": "insert",
                        "batchSize": "${batchSize}",
                        "memstoreThreshold": "${memstoreThreshold}",
                        "column": [
                            "name_descri_displace",
                            "upd_personnel",
                            "upd_time",
                            "item_code"
                        ],
                        "connection": [
                            {
                                "table": [
                                    "LCINFOJOB.CP_ITEM_CODE         FROM OTC142.GJ_G2010_ITEM_INFO A         LEFT JOIN OTC142.GJ_G2010_SECOND_ITEM_PROD_INFO B         ON A.ITEM_CODE=B.ITEM_CODE         LEFT JOIN OTC142.GJ_G2010_MANUAL_PROD_INFO C         ON B.PROD_CODE=C.PROD_CODE         WHERE C.PROD_FEATURE_DESCRIBE IS NULL         AND A.NAME_DESCRI_DISPLACE=1         AND B.AUDIT_STATUS=1         AND B.STATUS=1         AND A.ITEM_STATUS=1         AND A.AUDIT_STATUS=1)"
                                ],
                                "jdbcUrl": "${lc_jdbcUrl}"
                            }
                        ],
                        "preSql": [
                            "truncate table LCINFOJOB.CP_ITEM_CODE         FROM OTC142.GJ_G2010_ITEM_INFO A         LEFT JOIN OTC142.GJ_G2010_SECOND_ITEM_PROD_INFO B         ON A.ITEM_CODE=B.ITEM_CODE         LEFT JOIN OTC142.GJ_G2010_MANUAL_PROD_INFO C         ON B.PROD_CODE=C.PROD_CODE         WHERE C.PROD_FEATURE_DESCRIBE IS NULL         AND A.NAME_DESCRI_DISPLACE=1         AND B.AUDIT_STATUS=1         AND B.STATUS=1         AND A.ITEM_STATUS=1         AND A.AUDIT_STATUS=1)"
                        ]
                    }
                }
            }
        ],
        "setting": {
            "speed": {
                "channel": "${channel}"
            },
            "errorLimit": {
                "percentage": "${percentage}"
            }
        }
    }
}