{
    "job": {
        "content": [
            {
                "reader": {
                    "name": "${cp_reader}",
                    "parameter": {
                        "username": "${cp_username}",
                        "password": "${cp_password}",
                        "column": [
                            "ID",
                            "ITEM_CODE",
                            "RULE_CODE",
                            "DESC_START",
                            "BOLT_NUM",
                            "OPER_ID",
                            "CREATE_PERSONNEL",
                            "CREATE_TIME",
                            "UPD_TIME",
                            "UPD_PERSONNEL",
                            "AUDIT_STATUS",
                            "USER_RULE_ID",
                            "USER_RULE_ID_SPARE",
                            "RULE_UUID",
                            "BUTTON_IS_DISPLAY",
                            "BUTTON_WORD_SHOW",
                            "PC_BUTTON_LINK",
                            "BUTTON_LINK",
                            "BUTTON_LINK_TYPE",
                            "PROD_DESCRIBE",
                            "AUTO_REPLACE_DESCRIBE",
                            "AUDIT_STATUS_SH",
                            "IS_SUPPORT_RED_DOT",
                            "IS_FIVE_PART",
                            "URL",
                            "LCODER_CREATE_TIME",
                            "LCODER_UPDATE_TIME"
                        ],
                        "connection": [
                            {
                                "table": [
                                    "OTC142.GJ_G2010_ITEM_RULE_INFO"
                                ],
                                "jdbcUrl": [
                                    "${cp_jdbcUrl}"
                                ]
                            }
                        ]
                    }
                },
                "writer": {
                    "name": "${lc_writer}",
                    "parameter": {
                        "username": "${lc_username}",
                        "password": "${lc_password}",
                        "writeMode": "insert",
                        "batchSize": "${batchSize}",
                        "memstoreThreshold": "${memstoreThreshold}",
                        "column": [
                            "ID",
                            "ITEM_CODE",
                            "RULE_CODE",
                            "DESC_START",
                            "BOLT_NUM",
                            "OPER_ID",
                            "CREATE_PERSONNEL",
                            "CREATE_TIME",
                            "UPD_TIME",
                            "UPD_PERSONNEL",
                            "AUDIT_STATUS",
                            "USER_RULE_ID",
                            "USER_RULE_ID_SPARE",
                            "RULE_UUID",
                            "BUTTON_IS_DISPLAY",
                            "BUTTON_WORD_SHOW",
                            "PC_BUTTON_LINK",
                            "BUTTON_LINK",
                            "BUTTON_LINK_TYPE",
                            "PROD_DESCRIBE",
                            "AUTO_REPLACE_DESCRIBE",
                            "AUDIT_STATUS_SH",
                            "IS_SUPPORT_RED_DOT",
                            "IS_FIVE_PART",
                            "URL",
                            "LCODER_CREATE_TIME",
                            "LCODER_UPDATE_TIME"
                        ],
                        "connection": [
                            {
                                "table": [
                                    "LCINFOJOB.CP_GJ_G2010_ITEM_RULE_INFO"
                                ],
                                "jdbcUrl": "${lc_jdbcUrl}"
                            }
                        ],
                        "preSql": [
                            "truncate table LCINFOJOB.CP_GJ_G2010_ITEM_RULE_INFO"
                        ]
                    }
                }
            },
            {
                "reader": {
                    "name": "${cp_reader}",
                    "parameter": {
                        "username": "${cp_username}",
                        "password": "${cp_password}",
                        "column": [
                            "ID",
                            "ITEM_CODE",
                            "ITEM_NAME",
                            "ITEM_REMARK",
                            "ITEM_URL",
                            "ITEM_TYPE",
                            "AUDIT_STATUS",
                            "PRIORITY",
                            "ITEM_CODE_SUPER",
                            "CREATE_PERSONNEL",
                            "CREATE_TIME",
                            "UPD_TIME",
                            "UPD_PERSONNEL",
                            "ITEM_STATUS",
                            "TOP_ADVERTISE_NAME",
                            "TOP_ADVERTISE_TIME",
                            "TOP_ADVERTISE_DISPLAY_TYPE",
                            "NOTICE_DISPLAY_TIME",
                            "SECOND_ITEM_STYLE",
                            "SELL_REMIND",
                            "LOGO_URL",
                            "NOTICE_DISPLAY_TYPE",
                            "LOGO_IMG_NAME",
                            "LOGO_IMG_ID",
                            "LOGO_IMG_SOURCE_NAME",
                            "MORE_TYPE",
                            "OPER_ID",
                            "UPD_RECORD",
                            "MORE_TYPE_ID",
                            "NOLOGIN_IS_DISPLAY",
                            "TICKET_NUM",
                            "MORE_WORD",
                            "CUSTOMIZATION",
                            "DEPT_NUM",
                            "ORG_NUM",
                            "ITEM_URL_OLD",
                            "MALL_URL",
                            "ITEM_PURPOSE",
                            "POSITION_IS_DISPLAY",
                            "EXPIRATION_IS_DISPLAY",
                            "ITEM_PURPOSE_SHOW",
                            "LOGIN_TO_JUMP",
                            "QUALIF_INVESTOR_JUMP",
                            "SHELF_TYPE",
                            "ITEM_NS_IS_DISPLAY",
                            "SHELF_BROWSE_WAY",
                            "SHELF_IS_CARIYSEL",
                            "SHELF_CARIYSEL_TIME",
                            "PROD_WITH_ENHANCED",
                            "NAME_DESCRI_DISPLACE",
                            "LIMIT_SHOW_BAR",
                            "BUY_BUTTON_SHOW",
                            "MOULD_CODE",
                            "SPARE_MOULD_CODE",
                            "MOULD_CALCULATE_DATE",
                            "ITEM_SUPER_PURPOSE",
                            "ANOTHER_BATCH",
                            "BUY_BUTTON_URL",
                            "ICON_AFTER_URL",
                            "ICON_AFTER_ID",
                            "ICON_AFTER_NAME",
                            "ANOTHER_BATCH_WORD",
                            "USER_RULE_ID",
                            "BLACK_ICON_URL",
                            "BLACK_ICON_ID",
                            "BLACK_ICON_NAME",
                            "BLACK_ICON_AFTER_URL",
                            "BLACK_ICON_AFTER_ID",
                            "BLACK_ICON_AFTER_NAME",
                            "USER_RULE_ID_SPARE",
                            "ITEM_UUID",
                            "PC_LOGO_URL",
                            "PC_LOGO_ID",
                            "PC_LOGO_NAME",
                            "PC_ITEM_URL",
                            "THIRD_ITEM_TYPE",
                            "RED_POINT_DISPLAY",
                            "AUTO_SORT_IDENTIF",
                            "RATE_TYPE",
                            "VERSION_NUM",
                            "VERSION_NUM_SHOW",
                            "BOTTEM_FLOAT_STYLE",
                            "FLOAT_WORD",
                            "APP_FLOAT_URL",
                            "JHW_FLOAT_URL",
                            "PC_FLOAT_URL",
                            "IS_ENABLE",
                            "AGGREG_NAME",
                            "AGGREG_REMARK",
                            "SHARE_PIC_ON_MOBILE_ID",
                            "SHARE_PIC_ON_MOBILE_SOURCE",
                            "SHARE_PIC_ON_MOBILE_URL",
                            "AUDIT_STATUS_SH",
                            "SHARE_CODE",
                            "SHARE_MINI_PROGRAM_WHETHER",
                            "YD_URL_NAME",
                            "PC_URL_NAME",
                            "JH_URL_NAME",
                            "IS_FUNCTION",
                            "FUNCTION_NAME",
                            "IS_DISPLAY_LIKE",
                            "DISPLAY_TITLE",
                            "IS_PLACE_TOP",
                            "ZONE_INFO_URL",
                            "IS_SUPPORT_RED_DOT",
                            "XIAODIAN_URL",
                            "OUTSIDE_PATH",
                            "POPULARIZE_FLAG",
                            "CHANNEL_ID",
                            "FUNC_TYPE",
                            "SHOP_TO_OPEN_ACCOUNT",
                            "IS_FOUR_ELEMENTS",
                            "LCODER_CREATE_TIME",
                            "LCODER_UPDATE_TIME"
                        ],
                        "connection": [
                            {
                                "table": [
                                    "OTC142.GJ_G2010_ITEM_INFO"
                                ],
                                "jdbcUrl": [
                                    "${cp_jdbcUrl}"
                                ]
                            }
                        ]
                    }
                },
                "writer": {
                    "name": "${lc_writer}",
                    "parameter": {
                        "username": "${lc_username}",
                        "password": "${lc_password}",
                        "writeMode": "insert",
                        "batchSize": "${batchSize}",
                        "memstoreThreshold": "${memstoreThreshold}",
                        "column": [
                            "ID",
                            "ITEM_CODE",
                            "ITEM_NAME",
                            "ITEM_REMARK",
                            "ITEM_URL",
                            "ITEM_TYPE",
                            "AUDIT_STATUS",
                            "PRIORITY",
                            "ITEM_CODE_SUPER",
                            "CREATE_PERSONNEL",
                            "CREATE_TIME",
                            "UPD_TIME",
                            "UPD_PERSONNEL",
                            "ITEM_STATUS",
                            "TOP_ADVERTISE_NAME",
                            "TOP_ADVERTISE_TIME",
                            "TOP_ADVERTISE_DISPLAY_TYPE",
                            "NOTICE_DISPLAY_TIME",
                            "SECOND_ITEM_STYLE",
                            "SELL_REMIND",
                            "LOGO_URL",
                            "NOTICE_DISPLAY_TYPE",
                            "LOGO_IMG_NAME",
                            "LOGO_IMG_ID",
                            "LOGO_IMG_SOURCE_NAME",
                            "MORE_TYPE",
                            "OPER_ID",
                            "UPD_RECORD",
                            "MORE_TYPE_ID",
                            "NOLOGIN_IS_DISPLAY",
                            "TICKET_NUM",
                            "MORE_WORD",
                            "CUSTOMIZATION",
                            "DEPT_NUM",
                            "ORG_NUM",
                            "ITEM_URL_OLD",
                            "MALL_URL",
                            "ITEM_PURPOSE",
                            "POSITION_IS_DISPLAY",
                            "EXPIRATION_IS_DISPLAY",
                            "ITEM_PURPOSE_SHOW",
                            "LOGIN_TO_JUMP",
                            "QUALIF_INVESTOR_JUMP",
                            "SHELF_TYPE",
                            "ITEM_NS_IS_DISPLAY",
                            "SHELF_BROWSE_WAY",
                            "SHELF_IS_CARIYSEL",
                            "SHELF_CARIYSEL_TIME",
                            "PROD_WITH_ENHANCED",
                            "NAME_DESCRI_DISPLACE",
                            "LIMIT_SHOW_BAR",
                            "BUY_BUTTON_SHOW",
                            "MOULD_CODE",
                            "SPARE_MOULD_CODE",
                            "MOULD_CALCULATE_DATE",
                            "ITEM_SUPER_PURPOSE",
                            "ANOTHER_BATCH",
                            "BUY_BUTTON_URL",
                            "ICON_AFTER_URL",
                            "ICON_AFTER_ID",
                            "ICON_AFTER_NAME",
                            "ANOTHER_BATCH_WORD",
                            "USER_RULE_ID",
                            "BLACK_ICON_URL",
                            "BLACK_ICON_ID",
                            "BLACK_ICON_NAME",
                            "BLACK_ICON_AFTER_URL",
                            "BLACK_ICON_AFTER_ID",
                            "BLACK_ICON_AFTER_NAME",
                            "USER_RULE_ID_SPARE",
                            "ITEM_UUID",
                            "PC_LOGO_URL",
                            "PC_LOGO_ID",
                            "PC_LOGO_NAME",
                            "PC_ITEM_URL",
                            "THIRD_ITEM_TYPE",
                            "RED_POINT_DISPLAY",
                            "AUTO_SORT_IDENTIF",
                            "RATE_TYPE",
                            "VERSION_NUM",
                            "VERSION_NUM_SHOW",
                            "BOTTEM_FLOAT_STYLE",
                            "FLOAT_WORD",
                            "APP_FLOAT_URL",
                            "JHW_FLOAT_URL",
                            "PC_FLOAT_URL",
                            "IS_ENABLE",
                            "AGGREG_NAME",
                            "AGGREG_REMARK",
                            "SHARE_PIC_ON_MOBILE_ID",
                            "SHARE_PIC_ON_MOBILE_SOURCE",
                            "SHARE_PIC_ON_MOBILE_URL",
                            "AUDIT_STATUS_SH",
                            "SHARE_CODE",
                            "SHARE_MINI_PROGRAM_WHETHER",
                            "YD_URL_NAME",
                            "PC_URL_NAME",
                            "JH_URL_NAME",
                            "IS_FUNCTION",
                            "FUNCTION_NAME",
                            "IS_DISPLAY_LIKE",
                            "DISPLAY_TITLE",
                            "IS_PLACE_TOP",
                            "ZONE_INFO_URL",
                            "IS_SUPPORT_RED_DOT",
                            "XIAODIAN_URL",
                            "OUTSIDE_PATH",
                            "POPULARIZE_FLAG",
                            "CHANNEL_ID",
                            "FUNC_TYPE",
                            "SHOP_TO_OPEN_ACCOUNT",
                            "IS_FOUR_ELEMENTS",
                            "LCODER_CREATE_TIME",
                            "LCODER_UPDATE_TIME"
                        ],
                        "connection": [
                            {
                                "table": [
                                    "LCINFOJOB.CP_GJ_G2010_ITEM_INFO"
                                ],
                                "jdbcUrl": "${lc_jdbcUrl}"
                            }
                        ],
                        "preSql": [
                            "truncate table LCINFOJOB.CP_GJ_G2010_ITEM_INFO"
                        ]
                    }
                }
            },
            {
                "reader": {
                    "name": "${cp_reader}",
                    "parameter": {
                        "username": "${cp_username}",
                        "password": "${cp_password}",
                        "column": [
                            "ID",
                            "ITEM_CODE",
                            "ADVERTISE_NAME",
                            "ADVERTISE_REMARK",
                            "ADVERTISE_IMG_URL",
                            "ADVERTISE_URL",
                            "ADVERTISE_TYPE",
                            "PRIORITY",
                            "ADVERTISE_START_TIME",
                            "ADVERTISE_END_TIME",
                            "AUDIT_STATUS",
                            "CREATE_PERSONNEL",
                            "CREATE_TIME",
                            "UPD_TIME",
                            "UPD_PERSONNEL",
                            "ADVERTISE_IMG_NAME",
                            "ADVERTISE_IMG_ID",
                            "ADVERTISE_SOURCE_NAME",
                            "OPER_ID",
                            "UPD_RECORD",
                            "WEEKS",
                            "PROD_CODE",
                            "DEPT_NUM",
                            "ORG_NUM",
                            "TICKET_HOLD_RIGHTS",
                            "LOGIN_HOLD_RIGHTS",
                            "NOLOGIN_IS_DISPLAY",
                            "TICKET_NUM",
                            "ADVERTISE_URL_OLD",
                            "MALL_URL",
                            "NEW_ORG_NUM",
                            "USER_RULE_ID",
                            "USER_RULE_ID_SPARE",
                            "ADVERTISE_UUID",
                            "PC_ADVERTISE_URL",
                            "PC_ADVERTISE_ID",
                            "PC_ADVERTISE_NAME",
                            "PC_LINK",
                            "BLACK_IMAGE_URL",
                            "BLACK_IMAGE_ID",
                            "BLACK_IMAGE_NAME",
                            "AUDIT_STATUS_SH",
                            "YD_URL_NAME",
                            "PC_URL_NAME",
                            "JH_URL_NAME",
                            "MARKETING_TAG",
                            "XIAODIAN_LINK",
                            "XIAODIAN_URL_NAME",
                            "LCODER_CREATE_TIME",
                            "LCODER_UPDATE_TIME"
                        ],
                        "connection": [
                            {
                                "table": [
                                    "OTC142.GJ_G2010_ADVERTISE_INFO"
                                ],
                                "jdbcUrl": [
                                    "${cp_jdbcUrl}"
                                ]
                            }
                        ]
                    }
                },
                "writer": {
                    "name": "${lc_writer}",
                    "parameter": {
                        "username": "${lc_username}",
                        "password": "${lc_password}",
                        "writeMode": "insert",
                        "batchSize": "${batchSize}",
                        "memstoreThreshold": "${memstoreThreshold}",
                        "column": [
                            "ID",
                            "ITEM_CODE",
                            "ADVERTISE_NAME",
                            "ADVERTISE_REMARK",
                            "ADVERTISE_IMG_URL",
                            "ADVERTISE_URL",
                            "ADVERTISE_TYPE",
                            "PRIORITY",
                            "ADVERTISE_START_TIME",
                            "ADVERTISE_END_TIME",
                            "AUDIT_STATUS",
                            "CREATE_PERSONNEL",
                            "CREATE_TIME",
                            "UPD_TIME",
                            "UPD_PERSONNEL",
                            "ADVERTISE_IMG_NAME",
                            "ADVERTISE_IMG_ID",
                            "ADVERTISE_SOURCE_NAME",
                            "OPER_ID",
                            "UPD_RECORD",
                            "WEEKS",
                            "PROD_CODE",
                            "DEPT_NUM",
                            "ORG_NUM",
                            "TICKET_HOLD_RIGHTS",
                            "LOGIN_HOLD_RIGHTS",
                            "NOLOGIN_IS_DISPLAY",
                            "TICKET_NUM",
                            "ADVERTISE_URL_OLD",
                            "MALL_URL",
                            "NEW_ORG_NUM",
                            "USER_RULE_ID",
                            "USER_RULE_ID_SPARE",
                            "ADVERTISE_UUID",
                            "PC_ADVERTISE_URL",
                            "PC_ADVERTISE_ID",
                            "PC_ADVERTISE_NAME",
                            "PC_LINK",
                            "BLACK_IMAGE_URL",
                            "BLACK_IMAGE_ID",
                            "BLACK_IMAGE_NAME",
                            "AUDIT_STATUS_SH",
                            "YD_URL_NAME",
                            "PC_URL_NAME",
                            "JH_URL_NAME",
                            "MARKETING_TAG",
                            "XIAODIAN_LINK",
                            "XIAODIAN_URL_NAME",
                            "LCODER_CREATE_TIME",
                            "LCODER_UPDATE_TIME"
                        ],
                        "connection": [
                            {
                                "table": [
                                    "LCINFOJOB.CP_GJ_G2010_ADVERTISE_INFO"
                                ],
                                "jdbcUrl": "${lc_jdbcUrl}"
                            }
                        ],
                        "preSql": [
                            "truncate table LCINFOJOB.CP_GJ_G2010_ADVERTISE_INFO"
                        ]
                    }
                }
            },
            {
                "reader": {
                    "name": "${cp_reader}",
                    "parameter": {
                        "username": "${cp_username}",
                        "password": "${cp_password}",
                        "column": [
                            "ID",
                            "PROD_CODE",
                            "SHT_NAME",
                            "SHT_NAME_IDENTIF",
                            "RATE",
                            "RATE_IDENTIF",
                            "PROD_FEATURE_LABEL",
                            "PROD_LABEL_IDENTIF",
                            "RATE_LABEL",
                            "PROD_LABEL",
                            "PROD_FEATURE_DESCRIBE",
                            "PRIORITY",
                            "WEEKS",
                            "BEGIN_DATE",
                            "END_DATE",
                            "BEGIN_TIME",
                            "END_TIME",
                            "AUDIT_STATUS",
                            "CREATE_PERSONNEL",
                            "CREATE_TIME",
                            "UPD_TIME",
                            "UPD_PERSONNEL",
                            "PROD_FEATURE",
                            "FORCE_SHOW_KEY",
                            "FIRST_DETAIL_DISPLAY",
                            "SECOND_DETAIL_DISPLAY",
                            "LIMIT_TYPE",
                            "PROD_STATUS",
                            "FIRST_DETAIL_DISPLAY_CH",
                            "SECOND_DETAIL_DISPLAY_CH",
                            "NO_OPEN_KEY",
                            "RATE_LABEL_CTXT",
                            "PROD_RIGHT_LABEL_CTXT",
                            "SHOW_BEGIN",
                            "SHOW_END",
                            "DETAIL_URL",
                            "OPER_ID",
                            "UPD_RECORD",
                            "NO_OPEN_CONTXT",
                            "RATE_LABEL_IDENTIF",
                            "NO_SELL_DISPLAY",
                            "PROD_TYPE_CHILD",
                            "BIZDATE",
                            "RATE_POSTFIX",
                            "DEPT_NUM",
                            "ORG_NUM",
                            "TICKET_HOLD_RIGHTS",
                            "LOGIN_HOLD_RIGHTS",
                            "TICKET_NUM",
                            "NOLOGIN_IS_DISPLAY",
                            "DETAIL_URL_OLD",
                            "MALL_URL",
                            "ENTERED_RATE_IS_SHOW",
                            "DAILY_BEGIN_TIME",
                            "DAILY_END_TIME",
                            "FUNCTION_SUPPORTED",
                            "REDEEM_URL",
                            "DIVIDEND_URL",
                            "CONVERT_URL",
                            "TRANSFER_URL",
                            "ENHANCED_LOGO_URL",
                            "ENHANCED_LOGO_ID",
                            "ENHANCED_LOGO_NAME",
                            "DETAIL_URL_PC",
                            "BLACK_IMAGE_URL",
                            "BLACK_IMAGE_ID",
                            "BLACK_IMAGE_NAME",
                            "PC_ENHANCED_LOGO_URL",
                            "PC_ENHANCED_LOGO_ID",
                            "PC_ENHANCED_LOGO_NAME",
                            "PROD_FEATURE_LABEL_ENHANCED",
                            "PROD_FEATURE_LABEL_SHOW",
                            "SEARCH_IS_ALLOWED",
                            "SHARE_CODE",
                            "SHARE_MINI_PROGRAM_WHETHER",
                            "YD_URL_NAME",
                            "PC_URL_NAME",
                            "JH_URL_NAME",
                            "TRUSTEE_BANK",
                            "NO_BANK_TRANSFER_BUY",
                            "NO_ADD_COUPON_REMINDER",
                            "IS_VALID_URL",
                            "XIAODIAN_URL_NAME",
                            "XIAODIAN_LINK",
                            "SHOP_SHARE_PIC_URL",
                            "SHOP_SHARE_PIC_ID",
                            "SHOP_SHARE_PIC_NAME",
                            "SHOP_POSTER_URL",
                            "SHOP_POSTER_ID",
                            "SHOP_POSTER_NAME",
                            "SEARCH_START",
                            "SEARCH_END",
                            "XINFA_ID",
                            "XINFA_NAME",
                            "XINFA_URL",
                            "F_XINFA_STYLE",
                            "VIDEO_URL",
                            "VIDEO_DESC",
                            "HOT_TAG",
                            "VIDEO_DESC_CUSTOM",
                            "VIDEO_TITLE",
                            "SHU_URL",
                            "DH_VIDEO_URL",
                            "LCODER_CREATE_TIME",
                            "LCODER_UPDATE_TIME"
                        ],
                        "connection": [
                            {
                                "table": [
                                    "OTC142.GJ_G2010_MANUAL_PROD_INFO"
                                ],
                                "jdbcUrl": [
                                    "${cp_jdbcUrl}"
                                ]
                            }
                        ]
                    }
                },
                "writer": {
                    "name": "${lc_writer}",
                    "parameter": {
                        "username": "${lc_username}",
                        "password": "${lc_password}",
                        "writeMode": "insert",
                        "batchSize": "${batchSize}",
                        "memstoreThreshold": "${memstoreThreshold}",
                        "column": [
                            "ID",
                            "PROD_CODE",
                            "SHT_NAME",
                            "SHT_NAME_IDENTIF",
                            "RATE",
                            "RATE_IDENTIF",
                            "PROD_FEATURE_LABEL",
                            "PROD_LABEL_IDENTIF",
                            "RATE_LABEL",
                            "PROD_LABEL",
                            "PROD_FEATURE_DESCRIBE",
                            "PRIORITY",
                            "WEEKS",
                            "BEGIN_DATE",
                            "END_DATE",
                            "BEGIN_TIME",
                            "END_TIME",
                            "AUDIT_STATUS",
                            "CREATE_PERSONNEL",
                            "CREATE_TIME",
                            "UPD_TIME",
                            "UPD_PERSONNEL",
                            "PROD_FEATURE",
                            "FORCE_SHOW_KEY",
                            "FIRST_DETAIL_DISPLAY",
                            "SECOND_DETAIL_DISPLAY",
                            "LIMIT_TYPE",
                            "PROD_STATUS",
                            "FIRST_DETAIL_DISPLAY_CH",
                            "SECOND_DETAIL_DISPLAY_CH",
                            "NO_OPEN_KEY",
                            "RATE_LABEL_CTXT",
                            "PROD_RIGHT_LABEL_CTXT",
                            "SHOW_BEGIN",
                            "SHOW_END",
                            "DETAIL_URL",
                            "OPER_ID",
                            "UPD_RECORD",
                            "NO_OPEN_CONTXT",
                            "RATE_LABEL_IDENTIF",
                            "NO_SELL_DISPLAY",
                            "PROD_TYPE_CHILD",
                            "BIZDATE",
                            "RATE_POSTFIX",
                            "DEPT_NUM",
                            "ORG_NUM",
                            "TICKET_HOLD_RIGHTS",
                            "LOGIN_HOLD_RIGHTS",
                            "TICKET_NUM",
                            "NOLOGIN_IS_DISPLAY",
                            "DETAIL_URL_OLD",
                            "MALL_URL",
                            "ENTERED_RATE_IS_SHOW",
                            "DAILY_BEGIN_TIME",
                            "DAILY_END_TIME",
                            "FUNCTION_SUPPORTED",
                            "REDEEM_URL",
                            "DIVIDEND_URL",
                            "CONVERT_URL",
                            "TRANSFER_URL",
                            "ENHANCED_LOGO_URL",
                            "ENHANCED_LOGO_ID",
                            "ENHANCED_LOGO_NAME",
                            "DETAIL_URL_PC",
                            "BLACK_IMAGE_URL",
                            "BLACK_IMAGE_ID",
                            "BLACK_IMAGE_NAME",
                            "PC_ENHANCED_LOGO_URL",
                            "PC_ENHANCED_LOGO_ID",
                            "PC_ENHANCED_LOGO_NAME",
                            "PROD_FEATURE_LABEL_ENHANCED",
                            "PROD_FEATURE_LABEL_SHOW",
                            "SEARCH_IS_ALLOWED",
                            "SHARE_CODE",
                            "SHARE_MINI_PROGRAM_WHETHER",
                            "YD_URL_NAME",
                            "PC_URL_NAME",
                            "JH_URL_NAME",
                            "TRUSTEE_BANK",
                            "NO_BANK_TRANSFER_BUY",
                            "NO_ADD_COUPON_REMINDER",
                            "IS_VALID_URL",
                            "XIAODIAN_URL_NAME",
                            "XIAODIAN_LINK",
                            "SHOP_SHARE_PIC_URL",
                            "SHOP_SHARE_PIC_ID",
                            "SHOP_SHARE_PIC_NAME",
                            "SHOP_POSTER_URL",
                            "SHOP_POSTER_ID",
                            "SHOP_POSTER_NAME",
                            "SEARCH_START",
                            "SEARCH_END",
                            "XINFA_ID",
                            "XINFA_NAME",
                            "XINFA_URL",
                            "F_XINFA_STYLE",
                            "VIDEO_URL",
                            "VIDEO_DESC",
                            "HOT_TAG",
                            "VIDEO_DESC_CUSTOM",
                            "VIDEO_TITLE",
                            "SHU_URL",
                            "DH_VIDEO_URL",
                            "LCODER_CREATE_TIME",
                            "LCODER_UPDATE_TIME"
                        ],
                        "connection": [
                            {
                                "table": [
                                    "LCINFOJOB.CP_GJ_G2010_MANUAL_PROD_INFO"
                                ],
                                "jdbcUrl": "${lc_jdbcUrl}"
                            }
                        ],
                        "preSql": [
                            "truncate table LCINFOJOB.CP_GJ_G2010_MANUAL_PROD_INFO"
                        ]
                    }
                }
            },
            {
                "reader": {
                    "name": "${cp_reader}",
                    "parameter": {
                        "username": "${cp_username}",
                        "password": "${cp_password}",
                        "column": [
                            "ID",
                            "ITEM_CODE",
                            "PROD_CODE",
                            "PROD_NAME",
                            "AUDIT_STATUS",
                            "CREATE_PERSONNEL",
                            "CREATE_TIME",
                            "STATUS",
                            "UPD_TIME",
                            "UPD_PERSONNEL",
                            "OPER_ID",
                            "PRIORITY",
                            "SOURCE",
                            "USER_RULE_ID",
                            "USER_RULE_ID_SPARE",
                            "ITEM_PROD_UUID",
                            "BUTTON_IS_DISPLAY",
                            "BUTTON_WORD_SHOW",
                            "PC_BUTTON_LINK",
                            "BUTTON_LINK",
                            "BUTTON_LINK_TYPE",
                            "AUDIT_STATUS_SH",
                            "IS_VALID_URL",
                            "DETAIL_URL",
                            "MALL_URL",
                            "DETAIL_URL_PC",
                            "YD_URL_NAME",
                            "PC_URL_NAME",
                            "JH_URL_NAME",
                            "SHOP_BUTTON_LINK",
                            "SHOP_URL",
                            "SHOP_URL_NAME",
                            "F_XINFA_STYLE",
                            "XINFA_URL",
                            "XINFA_NAME",
                            "XINFA_ID",
                            "LCODER_CREATE_TIME",
                            "LCODER_UPDATE_TIME"
                        ],
                        "connection": [
                            {
                                "table": [
                                    "OTC142.GJ_G2010_SECOND_ITEM_PROD_INFO"
                                ],
                                "jdbcUrl": [
                                    "${cp_jdbcUrl}"
                                ]
                            }
                        ]
                    }
                },
                "writer": {
                    "name": "${lc_writer}",
                    "parameter": {
                        "username": "${lc_username}",
                        "password": "${lc_password}",
                        "writeMode": "insert",
                        "batchSize": "${batchSize}",
                        "memstoreThreshold": "${memstoreThreshold}",
                        "column": [
                            "ID",
                            "ITEM_CODE",
                            "PROD_CODE",
                            "PROD_NAME",
                            "AUDIT_STATUS",
                            "CREATE_PERSONNEL",
                            "CREATE_TIME",
                            "STATUS",
                            "UPD_TIME",
                            "UPD_PERSONNEL",
                            "OPER_ID",
                            "PRIORITY",
                            "SOURCE",
                            "USER_RULE_ID",
                            "USER_RULE_ID_SPARE",
                            "ITEM_PROD_UUID",
                            "BUTTON_IS_DISPLAY",
                            "BUTTON_WORD_SHOW",
                            "PC_BUTTON_LINK",
                            "BUTTON_LINK",
                            "BUTTON_LINK_TYPE",
                            "AUDIT_STATUS_SH",
                            "IS_VALID_URL",
                            "DETAIL_URL",
                            "MALL_URL",
                            "DETAIL_URL_PC",
                            "YD_URL_NAME",
                            "PC_URL_NAME",
                            "JH_URL_NAME",
                            "SHOP_BUTTON_LINK",
                            "SHOP_URL",
                            "SHOP_URL_NAME",
                            "F_XINFA_STYLE",
                            "XINFA_URL",
                            "XINFA_NAME",
                            "XINFA_ID",
                            "LCODER_CREATE_TIME",
                            "LCODER_UPDATE_TIME"
                        ],
                        "connection": [
                            {
                                "table": [
                                    "LCINFOJOB.CP_GJ_G2010_SECOND_ITEM_PROD_INFO"
                                ],
                                "jdbcUrl": "${lc_jdbcUrl}"
                            }
                        ],
                        "preSql": [
                            "truncate table LCINFOJOB.CP_GJ_G2010_SECOND_ITEM_PROD_INFO"
                        ]
                    }
                }
            },
            {
                "reader": {
                    "name": "${cp_reader}",
                    "parameter": {
                        "username": "${cp_username}",
                        "password": "${cp_password}",
                        "column": [
                            "ID",
                            "ITEM_CODE",
                            "NEWS_CODE",
                            "AUDIT_STATUS",
                            "CREATE_DATE",
                            "CREATE_PERSONNEL",
                            "UPDATE_DATE",
                            "UPDATE_PERSONNEL",
                            "PRIORITY",
                            "OPER_ID",
                            "AUDIT_STATUS_SH",
                            "USER_RULE_ID",
                            "SOURCE",
                            "NEWS_UUID",
                            "LCODER_CREATE_TIME",
                            "LCODER_UPDATE_TIME"
                        ],
                        "connection": [
                            {
                                "table": [
                                    "OTC142.GJ_G2010_ITEM_NEWS_INFO"
                                ],
                                "jdbcUrl": [
                                    "${cp_jdbcUrl}"
                                ]
                            }
                        ]
                    }
                },
                "writer": {
                    "name": "${lc_writer}",
                    "parameter": {
                        "username": "${lc_username}",
                        "password": "${lc_password}",
                        "writeMode": "insert",
                        "batchSize": "${batchSize}",
                        "memstoreThreshold": "${memstoreThreshold}",
                        "column": [
                            "ID",
                            "ITEM_CODE",
                            "NEWS_CODE",
                            "AUDIT_STATUS",
                            "CREATE_DATE",
                            "CREATE_PERSONNEL",
                            "UPDATE_DATE",
                            "UPDATE_PERSONNEL",
                            "PRIORITY",
                            "OPER_ID",
                            "AUDIT_STATUS_SH",
                            "USER_RULE_ID",
                            "SOURCE",
                            "NEWS_UUID",
                            "LCODER_CREATE_TIME",
                            "LCODER_UPDATE_TIME"
                        ],
                        "connection": [
                            {
                                "table": [
                                    "LCINFOJOB.CP_GJ_G2010_ITEM_NEWS_INFO"
                                ],
                                "jdbcUrl": "${lc_jdbcUrl}"
                            }
                        ],
                        "preSql": [
                            "truncate table LCINFOJOB.CP_GJ_G2010_ITEM_NEWS_INFO"
                        ]
                    }
                }
            },
            {
                "reader": {
                    "name": "${cp_reader}",
                    "parameter": {
                        "username": "${cp_username}",
                        "password": "${cp_password}",
                        "column": [
                            "ID",
                            "ITEM_CODE",
                            "RULE_ID",
                            "DESC_START",
                            "BOLT_NUM",
                            "AUDIT_STATUS",
                            "CREATE_DATE",
                            "CREATE_PERSONNEL",
                            "UPDATE_DATE",
                            "UPDATE_PERSONNEL",
                            "OPER_ID",
                            "AUDIT_STATUS_SH",
                            "USER_RULE_ID",
                            "NEWS_RULE_UUID",
                            "LCODER_CREATE_TIME",
                            "LCODER_UPDATE_TIME"
                        ],
                        "connection": [
                            {
                                "table": [
                                    "OTC142.GJ_G2010_ITEM_NEWS_RULE"
                                ],
                                "jdbcUrl": [
                                    "${cp_jdbcUrl}"
                                ]
                            }
                        ]
                    }
                },
                "writer": {
                    "name": "${lc_writer}",
                    "parameter": {
                        "username": "${lc_username}",
                        "password": "${lc_password}",
                        "writeMode": "insert",
                        "batchSize": "${batchSize}",
                        "memstoreThreshold": "${memstoreThreshold}",
                        "column": [
                            "ID",
                            "ITEM_CODE",
                            "RULE_ID",
                            "DESC_START",
                            "BOLT_NUM",
                            "AUDIT_STATUS",
                            "CREATE_DATE",
                            "CREATE_PERSONNEL",
                            "UPDATE_DATE",
                            "UPDATE_PERSONNEL",
                            "OPER_ID",
                            "AUDIT_STATUS_SH",
                            "USER_RULE_ID",
                            "NEWS_RULE_UUID",
                            "LCODER_CREATE_TIME",
                            "LCODER_UPDATE_TIME"
                        ],
                        "connection": [
                            {
                                "table": [
                                    "LCINFOJOB.CP_GJ_G2010_ITEM_NEWS_RULE"
                                ],
                                "jdbcUrl": "${lc_jdbcUrl}"
                            }
                        ],
                        "preSql": [
                            "truncate table LCINFOJOB.CP_GJ_G2010_ITEM_NEWS_RULE"
                        ]
                    }
                }
            },
            {
                "reader": {
                    "name": "${cp_reader}",
                    "parameter": {
                        "username": "${cp_username}",
                        "password": "${cp_password}",
                        "column": [
                            "ID",
                            "CFH_CODE",
                            "CFH_NAME",
                            "APP_JUMP_URL",
                            "PC_JUMP_URL",
                            "JH_JUMP_URL",
                            "CREATE_TIME",
                            "UPD_TIME",
                            "UPD_PERSONNEL",
                            "AUDIT_STATUS",
                            "OPER_STATUS",
                            "APP_MANAGER_LOGO_NAME",
                            "APP_MANAGER_LOGO_URL",
                            "APP_MANAGER_LOGO_ID",
                            "PC_MANAGER_LOGO_NAME",
                            "PC_MANAGER_LOGO_URL",
                            "PC_MANAGER_LOGO_ID",
                            "JH_MANAGER_LOGO_NAME",
                            "JH_MANAGER_LOGO_URL",
                            "JH_MANAGER_LOGO_ID",
                            "SUP_NAME",
                            "PRO_PROVIDER",
                            "CFH_INTRODUCT",
                            "ROOM_ID",
                            "NAME",
                            "PHONE",
                            "MAIL_BOX",
                            "CFH_LABEL",
                            "PUSH_STATUS",
                            "LCODER_CREATE_TIME",
                            "LCODER_UPDATE_TIME"
                        ],
                        "connection": [
                            {
                                "table": [
                                    "OTC142.GJ_CFH_HOMEPAGE_INFO"
                                ],
                                "jdbcUrl": [
                                    "${cp_jdbcUrl}"
                                ]
                            }
                        ]
                    }
                },
                "writer": {
                    "name": "${lc_writer}",
                    "parameter": {
                        "username": "${lc_username}",
                        "password": "${lc_password}",
                        "writeMode": "insert",
                        "batchSize": "${batchSize}",
                        "memstoreThreshold": "${memstoreThreshold}",
                        "column": [
                            "ID",
                            "CFH_CODE",
                            "CFH_NAME",
                            "APP_JUMP_URL",
                            "PC_JUMP_URL",
                            "JH_JUMP_URL",
                            "CREATE_TIME",
                            "UPD_TIME",
                            "UPD_PERSONNEL",
                            "AUDIT_STATUS",
                            "OPER_STATUS",
                            "APP_MANAGER_LOGO_NAME",
                            "APP_MANAGER_LOGO_URL",
                            "APP_MANAGER_LOGO_ID",
                            "PC_MANAGER_LOGO_NAME",
                            "PC_MANAGER_LOGO_URL",
                            "PC_MANAGER_LOGO_ID",
                            "JH_MANAGER_LOGO_NAME",
                            "JH_MANAGER_LOGO_URL",
                            "JH_MANAGER_LOGO_ID",
                            "SUP_NAME",
                            "PRO_PROVIDER",
                            "CFH_INTRODUCT",
                            "ROOM_ID",
                            "NAME",
                            "PHONE",
                            "MAIL_BOX",
                            "CFH_LABEL",
                            "PUSH_STATUS",
                            "LCODER_CREATE_TIME",
                            "LCODER_UPDATE_TIME"
                        ],
                        "connection": [
                            {
                                "table": [
                                    "LCINFOJOB.CP_GJ_CFH_HOMEPAGE_INFO"
                                ],
                                "jdbcUrl": "${lc_jdbcUrl}"
                            }
                        ],
                        "preSql": [
                            "truncate table LCINFOJOB.CP_GJ_CFH_HOMEPAGE_INFO"
                        ]
                    }
                }
            }
        ],
        "setting": {
            "speed": {
                "channel": "${channel}"
            },
            "errorLimit": {
                "percentage": "${percentage}"
            }
        }
    }
}