{
    "job": {
        "content": [
            {
                "reader": {
                    "name": "${cp_reader}",
                    "parameter": {
                        "username": "${cp_username}",
                        "password": "${cp_password}",
                        "column": [
                            "ID",
                            "STAT_DATE",
                            "SECU_TYPE",
                            "AFA_3M_AVG",
                            "AFA_6M_AVG",
                            "AFA_1Y_AVG",
                            "RANK_3M_AVG",
                            "RANK_6M_AVG",
                            "RANK_1Y_AVG",
                            "DRAW_3M__AVG",
                            "DRAW_6M__AVG",
                            "DRAW_1Y__AVG",
                            "VOL_3M_AVG",
                            "VOL_6M_AVG",
                            "VOL_1Y_AVG",
                            "ERR_3M_AVG",
                            "ERR_6M_AVG",
                            "ERR_1Y_AVG",
                            "RAT_3M_AVG",
                            "RAT_6M_AVG",
                            "RAT_1Y_AVG",
                            "SCARE_3M_AVG",
                            "SCARE_6M_AVG",
                            "SCARE_1Y_AVG",
                            "RET_3M_AVG",
                            "RET_6M_AVG",
                            "RET_1Y_AVG",
                            "AFA_3M_TAVG",
                            "AFA_6M_TAVG",
                            "AFA_1Y_TAVG",
                            "RANK_3M_TAVG",
                            "RANK_6M_TAVG",
                            "RANK_1Y_TAVG",
                            "DRAW_3M__TAVG",
                            "DRAW_6M__TAVG",
                            "DRAW_1Y__TAVG",
                            "VOL_3M_TAVG",
                            "VOL_6M_TAVG",
                            "VOL_1Y_TAVG",
                            "ERR_3M_TAVG",
                            "ERR_6M_TAVG",
                            "ERR_1Y_TAVG",
                            "RAT_3M_TAVG",
                            "RAT_6M_TAVG",
                            "RAT_1Y_TAVG",
                            "SCARE_3M_TAVG",
                            "SCARE_6M_TAVG",
                            "SCARE_1Y_TAVG",
                            "RET_3M_TAVG",
                            "RET_6M_TAVG",
                            "RET_1Y_TAVG",
                            "FINAL_3M_TAVG",
                            "FINAL_6M_TAVG",
                            "FINAL_1Y_TAVG",
                            "ENT_TIME"
                        ],
                        "connection": [
                            {
                                "table": [
                                    "otc.pro_quot_avgscore"
                                ],
                                "jdbcUrl": [
                                    "${cp_jdbcUrl}"
                                ]
                            }
                        ]
                    }
                },
                "writer": {
                    "name": "${lc_writer}",
                    "parameter": {
                        "username": "${lc_username}",
                        "password": "${lc_password}",
                        "writeMode": "insert",
                        "batchSize": "${batchSize}",
                        "memstoreThreshold": "${memstoreThreshold}",
                        "column": [
                            "ID",
                            "STAT_DATE",
                            "SECU_TYPE",
                            "AFA_3M_AVG",
                            "AFA_6M_AVG",
                            "AFA_1Y_AVG",
                            "RANK_3M_AVG",
                            "RANK_6M_AVG",
                            "RANK_1Y_AVG",
                            "DRAW_3M__AVG",
                            "DRAW_6M__AVG",
                            "DRAW_1Y__AVG",
                            "VOL_3M_AVG",
                            "VOL_6M_AVG",
                            "VOL_1Y_AVG",
                            "ERR_3M_AVG",
                            "ERR_6M_AVG",
                            "ERR_1Y_AVG",
                            "RAT_3M_AVG",
                            "RAT_6M_AVG",
                            "RAT_1Y_AVG",
                            "SCARE_3M_AVG",
                            "SCARE_6M_AVG",
                            "SCARE_1Y_AVG",
                            "RET_3M_AVG",
                            "RET_6M_AVG",
                            "RET_1Y_AVG",
                            "AFA_3M_TAVG",
                            "AFA_6M_TAVG",
                            "AFA_1Y_TAVG",
                            "RANK_3M_TAVG",
                            "RANK_6M_TAVG",
                            "RANK_1Y_TAVG",
                            "DRAW_3M__TAVG",
                            "DRAW_6M__TAVG",
                            "DRAW_1Y__TAVG",
                            "VOL_3M_TAVG",
                            "VOL_6M_TAVG",
                            "VOL_1Y_TAVG",
                            "ERR_3M_TAVG",
                            "ERR_6M_TAVG",
                            "ERR_1Y_TAVG",
                            "RAT_3M_TAVG",
                            "RAT_6M_TAVG",
                            "RAT_1Y_TAVG",
                            "SCARE_3M_TAVG",
                            "SCARE_6M_TAVG",
                            "SCARE_1Y_TAVG",
                            "RET_3M_TAVG",
                            "RET_6M_TAVG",
                            "RET_1Y_TAVG",
                            "FINAL_3M_TAVG",
                            "FINAL_6M_TAVG",
                            "FINAL_1Y_TAVG",
                            "ENT_TIME"
                        ],
                        "connection": [
                            {
                                "table": [
                                    "lcinfojob.pro_quot_avgscore"
                                ],
                                "jdbcUrl": "${lc_jdbcUrl}"
                            }
                        ],
                        "preSql": [
                            "truncate table lcinfojob.pro_quot_avgscore"
                        ]
                    }
                }
            },
            {
                "reader": {
                    "name": "${cp_reader}",
                    "parameter": {
                        "username": "${cp_username}",
                        "password": "${cp_password}",
                        "column": [],
                        "connection": [
                            {
                                "table": [
                                    "default_from_table"
                                ],
                                "jdbcUrl": [
                                    "${cp_jdbcUrl}"
                                ]
                            }
                        ]
                    }
                },
                "writer": {
                    "name": "${lc_writer}",
                    "parameter": {
                        "username": "${lc_username}",
                        "password": "${lc_password}",
                        "writeMode": "insert",
                        "batchSize": "${batchSize}",
                        "memstoreThreshold": "${memstoreThreshold}",
                        "column": [],
                        "connection": [
                            {
                                "table": [
                                    "lcinfojob"
                                ],
                                "jdbcUrl": "${lc_jdbcUrl}"
                            }
                        ]
                    }
                }
            },
            {
                "reader": {
                    "name": "${cp_reader}",
                    "parameter": {
                        "username": "${cp_username}",
                        "password": "${cp_password}",
                        "column": [],
                        "connection": [
                            {
                                "table": [
                                    "default_from_table"
                                ],
                                "jdbcUrl": [
                                    "${cp_jdbcUrl}"
                                ]
                            }
                        ]
                    }
                },
                "writer": {
                    "name": "${lc_writer}",
                    "parameter": {
                        "username": "${lc_username}",
                        "password": "${lc_password}",
                        "writeMode": "insert",
                        "batchSize": "${batchSize}",
                        "memstoreThreshold": "${memstoreThreshold}",
                        "column": [],
                        "connection": [
                            {
                                "table": [
                                    "lcinfojob"
                                ],
                                "jdbcUrl": "${lc_jdbcUrl}"
                            }
                        ]
                    }
                }
            }
        ],
        "setting": {
            "speed": {
                "channel": "${channel}"
            },
            "errorLimit": {
                "percentage": "${percentage}"
            }
        }
    }
}