{
    "job": {
        "content": [
            {
                "reader": {
                    "name": "${cp_reader}",
                    "parameter": {
                        "username": "${cp_username}",
                        "password": "${cp_password}",
                        "column": [
                            "TRADEDATE",
                            "PROD_CODE",
                            "PROD_NAME",
                            "MODULE_CODE",
                            "MODULE_NAME",
                            "MODELE_RATE",
                            "RANK",
                            "MODULE_ASCEND_W",
                            "MODULE_ASCEND_M",
                            "MODULE_ASCEND_Q",
                            "MODULE_ASCEND_HY",
                            "MODULE_ASCEND_Y",
                            "MODULE_ASCEND_D",
                            "HOT_SCORE_D",
                            "HOT_LEVEL_D",
                            "HOT_SCORE_W",
                            "HOT_LEVEL_W",
                            "HOT_SCORE_M",
                            "HOT_LEVEL_M",
                            "HOT_SCORE_Q",
                            "HOT_LEVEL_Q",
                            "HOT_SCORE_HY",
                            "HOT_LEVEL_HY",
                            "HOT_SCORE_Y",
                            "HOT_LEVEL_Y",
                            "CLOSE_PRICE"
                        ],
                        "connection": [
                            {
                                "table": [
                                    "(SELECT ROW_NUMBER() OVER(PARTITION BY module_code ORDER BY prod_code) rn,                         T.*                    FROM (SELECT TRADEDATE,                                 PROD_CODE,                                 PROD_NAME,                                 MODULE_CODE,                                 MODULE_NAME,                                 MODELE_RATE,                                 RANK,                                 MODULE_ASCEND_W,                                 MODULE_ASCEND_M,                                 MODULE_ASCEND_Q,                                 MODULE_ASCEND_HY,                                 MODULE_ASCEND_Y,                                 MODULE_ASCEND_D,                                 HOT_SCORE_D,                                 HOT_LEVEL_D,                                 HOT_SCORE_W,                                 HOT_LEVEL_W,                                 HOT_SCORE_M,                                 HOT_LEVEL_M,                                 HOT_SCORE_Q,                                 HOT_LEVEL_Q,                                 HOT_SCORE_HY,                                 HOT_LEVEL_HY,                                 HOT_SCORE_Y,                                 HOT_LEVEL_Y,                                 CLOSE_PRICE                            FROM xiaodaiguest.PROD_INVEST_MODULE_TOP                           where MODULE_CODE is not null) T)           WHERE rn = 1"
                                ],
                                "jdbcUrl": [
                                    "${cp_jdbcUrl}"
                                ]
                            }
                        ]
                    }
                },
                "writer": {
                    "name": "${lc_writer}",
                    "parameter": {
                        "username": "${lc_username}",
                        "password": "${lc_password}",
                        "writeMode": "insert",
                        "batchSize": "${batchSize}",
                        "memstoreThreshold": "${memstoreThreshold}",
                        "column": [
                            "TRADEDATE",
                            "PROD_CODE",
                            "PROD_NAME",
                            "MODULE_CODE",
                            "MODULE_NAME",
                            "MODELE_RATE",
                            "RANK",
                            "MODULE_ASCEND_W",
                            "MODULE_ASCEND_M",
                            "MODULE_ASCEND_Q",
                            "MODULE_ASCEND_HY",
                            "MODULE_ASCEND_Y",
                            "MODULE_ASCEND_D",
                            "HOT_SCORE_D",
                            "HOT_LEVEL_D",
                            "HOT_SCORE_W",
                            "HOT_LEVEL_W",
                            "HOT_SCORE_M",
                            "HOT_LEVEL_M",
                            "HOT_SCORE_Q",
                            "HOT_LEVEL_Q",
                            "HOT_SCORE_HY",
                            "HOT_LEVEL_HY",
                            "HOT_SCORE_Y",
                            "HOT_LEVEL_Y",
                            "CLOSE_PRICE"
                        ],
                        "connection": [
                            {
                                "table": [
                                    "lcinfojob.*                    FROM (SELECT TRADEDATE,                                 PROD_CODE,                                 PROD_NAME,                                 MODULE_CODE,                                 MODULE_NAME,                                 MODELE_RATE,                                 RANK,                                 MODULE_ASCEND_W,                                 MODULE_ASCEND_M,                                 MODULE_ASCEND_Q,                                 MODULE_ASCEND_HY,                                 MODULE_ASCEND_Y,                                 MODULE_ASCEND_D,                                 HOT_SCORE_D,                                 HOT_LEVEL_D,                                 HOT_SCORE_W,                                 HOT_LEVEL_W,                                 HOT_SCORE_M,                                 HOT_LEVEL_M,                                 HOT_SCORE_Q,                                 HOT_LEVEL_Q,                                 HOT_SCORE_HY,                                 HOT_LEVEL_HY,                                 HOT_SCORE_Y,                                 HOT_LEVEL_Y,                                 CLOSE_PRICE                            FROM xiaodaiguest.PROD_INVEST_MODULE_TOP                           where MODULE_CODE is not null) T)           WHERE rn = 1"
                                ],
                                "jdbcUrl": "${lc_jdbcUrl}"
                            }
                        ],
                        "preSql": [
                            "truncate table lcinfojob.*                    FROM (SELECT TRADEDATE,                                 PROD_CODE,                                 PROD_NAME,                                 MODULE_CODE,                                 MODULE_NAME,                                 MODELE_RATE,                                 RANK,                                 MODULE_ASCEND_W,                                 MODULE_ASCEND_M,                                 MODULE_ASCEND_Q,                                 MODULE_ASCEND_HY,                                 MODULE_ASCEND_Y,                                 MODULE_ASCEND_D,                                 HOT_SCORE_D,                                 HOT_LEVEL_D,                                 HOT_SCORE_W,                                 HOT_LEVEL_W,                                 HOT_SCORE_M,                                 HOT_LEVEL_M,                                 HOT_SCORE_Q,                                 HOT_LEVEL_Q,                                 HOT_SCORE_HY,                                 HOT_LEVEL_HY,                                 HOT_SCORE_Y,                                 HOT_LEVEL_Y,                                 CLOSE_PRICE                            FROM xiaodaiguest.PROD_INVEST_MODULE_TOP                           where MODULE_CODE is not null) T)           WHERE rn = 1"
                        ]
                    }
                }
            },
            {
                "reader": {
                    "name": "${cp_reader}",
                    "parameter": {
                        "username": "${cp_username}",
                        "password": "${cp_password}",
                        "column": [],
                        "connection": [
                            {
                                "table": [
                                    "default_from_table"
                                ],
                                "jdbcUrl": [
                                    "${cp_jdbcUrl}"
                                ]
                            }
                        ]
                    }
                },
                "writer": {
                    "name": "${lc_writer}",
                    "parameter": {
                        "username": "${lc_username}",
                        "password": "${lc_password}",
                        "writeMode": "insert",
                        "batchSize": "${batchSize}",
                        "memstoreThreshold": "${memstoreThreshold}",
                        "column": [],
                        "connection": [
                            {
                                "table": [
                                    "lcinfojob"
                                ],
                                "jdbcUrl": "${lc_jdbcUrl}"
                            }
                        ]
                    }
                }
            },
            {
                "reader": {
                    "name": "${cp_reader}",
                    "parameter": {
                        "username": "${cp_username}",
                        "password": "${cp_password}",
                        "column": [],
                        "connection": [
                            {
                                "table": [
                                    "default_from_table"
                                ],
                                "jdbcUrl": [
                                    "${cp_jdbcUrl}"
                                ]
                            }
                        ]
                    }
                },
                "writer": {
                    "name": "${lc_writer}",
                    "parameter": {
                        "username": "${lc_username}",
                        "password": "${lc_password}",
                        "writeMode": "insert",
                        "batchSize": "${batchSize}",
                        "memstoreThreshold": "${memstoreThreshold}",
                        "column": [],
                        "connection": [
                            {
                                "table": [
                                    "lcinfojob"
                                ],
                                "jdbcUrl": "${lc_jdbcUrl}"
                            }
                        ]
                    }
                }
            },
            {
                "reader": {
                    "name": "${cp_reader}",
                    "parameter": {
                        "username": "${cp_username}",
                        "password": "${cp_password}",
                        "column": [],
                        "connection": [
                            {
                                "table": [
                                    "default_from_table"
                                ],
                                "jdbcUrl": [
                                    "${cp_jdbcUrl}"
                                ]
                            }
                        ]
                    }
                },
                "writer": {
                    "name": "${lc_writer}",
                    "parameter": {
                        "username": "${lc_username}",
                        "password": "${lc_password}",
                        "writeMode": "insert",
                        "batchSize": "${batchSize}",
                        "memstoreThreshold": "${memstoreThreshold}",
                        "column": [],
                        "connection": [
                            {
                                "table": [
                                    "lcinfojob"
                                ],
                                "jdbcUrl": "${lc_jdbcUrl}"
                            }
                        ]
                    }
                }
            },
            {
                "reader": {
                    "name": "${cp_reader}",
                    "parameter": {
                        "username": "${cp_username}",
                        "password": "${cp_password}",
                        "column": [],
                        "connection": [
                            {
                                "table": [
                                    "default_from_table"
                                ],
                                "jdbcUrl": [
                                    "${cp_jdbcUrl}"
                                ]
                            }
                        ]
                    }
                },
                "writer": {
                    "name": "${lc_writer}",
                    "parameter": {
                        "username": "${lc_username}",
                        "password": "${lc_password}",
                        "writeMode": "insert",
                        "batchSize": "${batchSize}",
                        "memstoreThreshold": "${memstoreThreshold}",
                        "column": [],
                        "connection": [
                            {
                                "table": [
                                    "lcinfojob"
                                ],
                                "jdbcUrl": "${lc_jdbcUrl}"
                            }
                        ]
                    }
                }
            },
            {
                "reader": {
                    "name": "${cp_reader}",
                    "parameter": {
                        "username": "${cp_username}",
                        "password": "${cp_password}",
                        "column": [],
                        "connection": [
                            {
                                "table": [
                                    "default_from_table"
                                ],
                                "jdbcUrl": [
                                    "${cp_jdbcUrl}"
                                ]
                            }
                        ]
                    }
                },
                "writer": {
                    "name": "${lc_writer}",
                    "parameter": {
                        "username": "${lc_username}",
                        "password": "${lc_password}",
                        "writeMode": "insert",
                        "batchSize": "${batchSize}",
                        "memstoreThreshold": "${memstoreThreshold}",
                        "column": [],
                        "connection": [
                            {
                                "table": [
                                    "lcinfojob"
                                ],
                                "jdbcUrl": "${lc_jdbcUrl}"
                            }
                        ]
                    }
                }
            },
            {
                "reader": {
                    "name": "${cp_reader}",
                    "parameter": {
                        "username": "${cp_username}",
                        "password": "${cp_password}",
                        "column": [],
                        "connection": [
                            {
                                "table": [
                                    "default_from_table"
                                ],
                                "jdbcUrl": [
                                    "${cp_jdbcUrl}"
                                ]
                            }
                        ]
                    }
                },
                "writer": {
                    "name": "${lc_writer}",
                    "parameter": {
                        "username": "${lc_username}",
                        "password": "${lc_password}",
                        "writeMode": "insert",
                        "batchSize": "${batchSize}",
                        "memstoreThreshold": "${memstoreThreshold}",
                        "column": [],
                        "connection": [
                            {
                                "table": [
                                    "lcinfojob"
                                ],
                                "jdbcUrl": "${lc_jdbcUrl}"
                            }
                        ]
                    }
                }
            },
            {
                "reader": {
                    "name": "${cp_reader}",
                    "parameter": {
                        "username": "${cp_username}",
                        "password": "${cp_password}",
                        "column": [],
                        "connection": [
                            {
                                "table": [
                                    "default_from_table"
                                ],
                                "jdbcUrl": [
                                    "${cp_jdbcUrl}"
                                ]
                            }
                        ]
                    }
                },
                "writer": {
                    "name": "${lc_writer}",
                    "parameter": {
                        "username": "${lc_username}",
                        "password": "${lc_password}",
                        "writeMode": "insert",
                        "batchSize": "${batchSize}",
                        "memstoreThreshold": "${memstoreThreshold}",
                        "column": [],
                        "connection": [
                            {
                                "table": [
                                    "lcinfojob"
                                ],
                                "jdbcUrl": "${lc_jdbcUrl}"
                            }
                        ]
                    }
                }
            },
            {
                "reader": {
                    "name": "${cp_reader}",
                    "parameter": {
                        "username": "${cp_username}",
                        "password": "${cp_password}",
                        "column": [
                            "a.TRADEDATE",
                            "b.PROD_CODE",
                            "b.PROD_NAME",
                            "a.MODULE_CODE",
                            "a.MODULE_NAME",
                            "b.MODELE_RATE",
                            "a.RANK",
                            "a.MODULE_ASCEND_W",
                            "a.MODULE_ASCEND_M",
                            "a.MODULE_ASCEND_Q",
                            "a.MODULE_ASCEND_D",
                            "a.HOT_SCORE_D",
                            "a.HOT_LEVEL_D",
                            "a.HOT_SCORE_W",
                            "a.HOT_LEVEL_W",
                            "a.HOT_SCORE_M",
                            "a.HOT_LEVEL_M",
                            "a.HOT_SCORE_Q",
                            "a.HOT_LEVEL_Q",
                            "a.MODULE_ASCEND_HY",
                            "a.MODULE_ASCEND_Y",
                            "a.HOT_SCORE_HY",
                            "a.HOT_LEVEL_HY",
                            "a.HOT_SCORE_Y",
                            "a.HOT_LEVEL_Y",
                            "a.CLOSE_PRICE"
                        ],
                        "connection": [
                            {
                                "table": [
                                    "OTC.PROD_INVEST_MODULE_TOP_XG a,OTC.PROD_NEW_MODULE_TOP b"
                                ],
                                "jdbcUrl": [
                                    "${cp_jdbcUrl}"
                                ]
                            }
                        ]
                    }
                },
                "writer": {
                    "name": "${lc_writer}",
                    "parameter": {
                        "username": "${lc_username}",
                        "password": "${lc_password}",
                        "writeMode": "insert",
                        "batchSize": "${batchSize}",
                        "memstoreThreshold": "${memstoreThreshold}",
                        "column": [
                            "TRADEDATE",
                            "PROD_CODE",
                            "PROD_NAME",
                            "MODULE_CODE",
                            "MODULE_NAME",
                            "MODELE_RATE",
                            "RANK",
                            "MODULE_ASCEND_W",
                            "MODULE_ASCEND_M",
                            "MODULE_ASCEND_Q",
                            "MODULE_ASCEND_D",
                            "HOT_SCORE_D",
                            "HOT_LEVEL_D",
                            "HOT_SCORE_W",
                            "HOT_LEVEL_W",
                            "HOT_SCORE_M",
                            "HOT_LEVEL_M",
                            "HOT_SCORE_Q",
                            "HOT_LEVEL_Q",
                            "MODULE_ASCEND_HY",
                            "MODULE_ASCEND_Y",
                            "HOT_SCORE_HY",
                            "HOT_LEVEL_HY",
                            "HOT_SCORE_Y",
                            "HOT_LEVEL_Y",
                            "CLOSE_PRICE"
                        ],
                        "connection": [
                            {
                                "table": [
                                    "lcinfojob.PROD_INVEST_MODULE_TOP_XG a,OTC.PROD_NEW_MODULE_TOP b"
                                ],
                                "jdbcUrl": "${lc_jdbcUrl}"
                            }
                        ],
                        "preSql": [
                            "truncate table lcinfojob.PROD_INVEST_MODULE_TOP_XG a,OTC.PROD_NEW_MODULE_TOP b"
                        ]
                    }
                }
            },
            {
                "reader": {
                    "name": "${cp_reader}",
                    "parameter": {
                        "username": "${cp_username}",
                        "password": "${cp_password}",
                        "column": [
                            "PROD_CODE",
                            "PROD_NAME",
                            "MODULE_CODE",
                            "MODULE_NAME",
                            "MODELE_RATE"
                        ],
                        "connection": [
                            {
                                "table": [
                                    "xiaodaiguest.PROD_NEW_MODULE_TOP_ALL"
                                ],
                                "jdbcUrl": [
                                    "${cp_jdbcUrl}"
                                ]
                            }
                        ]
                    }
                },
                "writer": {
                    "name": "${lc_writer}",
                    "parameter": {
                        "username": "${lc_username}",
                        "password": "${lc_password}",
                        "writeMode": "insert",
                        "batchSize": "${batchSize}",
                        "memstoreThreshold": "${memstoreThreshold}",
                        "column": [
                            "PROD_CODE",
                            "PROD_NAME",
                            "MODULE_CODE",
                            "MODULE_NAME",
                            "MODELE_RATE"
                        ],
                        "connection": [
                            {
                                "table": [
                                    "lcinfojob.PROD_NEW_MODULE_TOP_ALL"
                                ],
                                "jdbcUrl": "${lc_jdbcUrl}"
                            }
                        ],
                        "preSql": [
                            "truncate table lcinfojob.PROD_NEW_MODULE_TOP_ALL"
                        ]
                    }
                }
            },
            {
                "reader": {
                    "name": "${cp_reader}",
                    "parameter": {
                        "username": "${cp_username}",
                        "password": "${cp_password}",
                        "column": [
                            "PROD_CODE",
                            "PROD_NAME",
                            "MODULE_CODE",
                            "MODULE_NAME",
                            "MODELE_RATE",
                            "FUND_TYPE",
                            "MARKET_ID"
                        ],
                        "connection": [
                            {
                                "table": [
                                    "xiaodaiguest.PROD_NEW_MODULE_TOP_ALL"
                                ],
                                "jdbcUrl": [
                                    "${cp_jdbcUrl}"
                                ]
                            }
                        ]
                    }
                },
                "writer": {
                    "name": "${lc_writer}",
                    "parameter": {
                        "username": "${lc_username}",
                        "password": "${lc_password}",
                        "writeMode": "insert",
                        "batchSize": "${batchSize}",
                        "memstoreThreshold": "${memstoreThreshold}",
                        "column": [
                            "PROD_CODE",
                            "PROD_NAME",
                            "MODULE_CODE",
                            "MODULE_NAME",
                            "MODELE_RATE",
                            "FUND_TYPE",
                            "MARKET_ID"
                        ],
                        "connection": [
                            {
                                "table": [
                                    "lcinfojob.PROD_NEW_MODULE_TOP_ALL"
                                ],
                                "jdbcUrl": "${lc_jdbcUrl}"
                            }
                        ],
                        "preSql": [
                            "truncate table lcinfojob.PROD_NEW_MODULE_TOP_ALL"
                        ]
                    }
                }
            }
        ],
        "setting": {
            "speed": {
                "channel": "${channel}"
            },
            "errorLimit": {
                "percentage": "${percentage}"
            }
        }
    }
}