{
    "job": {
        "content": [
            {
                "reader": {
                    "name": "${cp_reader}",
                    "parameter": {
                        "username": "${cp_username}",
                        "password": "${cp_password}",
                        "column": [
                            "CUST_NUM",
                            "USER_CODE",
                            "CIF_ACCOUNT",
                            "PROJECT_ID",
                            "PRIZE_NAME",
                            "AWARD_FLAG",
                            "LOTTERY_AMOUNT",
                            "LOTTERY_TIME",
                            "PHONE_NUM",
                            "sysdate"
                        ],
                        "connection": [
                            {
                                "table": [
                                    "OTC142.GJ_LOTTERY_LS"
                                ],
                                "jdbcUrl": [
                                    "${cp_jdbcUrl}"
                                ]
                            }
                        ]
                    }
                },
                "writer": {
                    "name": "${lc_writer}",
                    "parameter": {
                        "username": "${lc_username}",
                        "password": "${lc_password}",
                        "writeMode": "insert",
                        "batchSize": "${batchSize}",
                        "memstoreThreshold": "${memstoreThreshold}",
                        "column": [
                            "CUST_NUM",
                            "USER_CODE",
                            "CIF_ACCOUNT",
                            "PROJECT_ID",
                            "PRIZE_NAME",
                            "AWARD_FLAG",
                            "LOTTERY_AMOUNT",
                            "LOTTERY_TIME",
                            "PHONE_NUM",
                            "BIZ_TIME"
                        ],
                        "connection": [
                            {
                                "table": [
                                    "LCINFOJOB.CP_GJ_LOTTERY_LS"
                                ],
                                "jdbcUrl": "${lc_jdbcUrl}"
                            }
                        ]
                    }
                }
            }
        ],
        "setting": {
            "speed": {
                "channel": "${channel}"
            },
            "errorLimit": {
                "percentage": "${percentage}"
            }
        }
    }
}