{
    "job": {
        "content": [
            {
                "reader": {
                    "name": "${cp_reader}",
                    "parameter": {
                        "username": "${cp_username}",
                        "password": "${cp_password}",
                        "column": [
                            "ID",
                            "SECU_ID",
                            "SECU_SHT",
                            "TRD_CODE",
                            "TRD_DT",
                            "CHG_RAT_1Y",
                            "CHG_RAT_2Y",
                            "CHG_RAT_3Y",
                            "CHG_RAT_5Y",
                            "ENT_TIME",
                            "UPD_TIME",
                            "GRD_TIME",
                            "RS_ID",
                            "REC_ID"
                        ],
                        "connection": [
                            {
                                "table": [
                                    "OTC.GJ_FIRK_VIEW_ADD"
                                ],
                                "jdbcUrl": [
                                    "${cp_jdbcUrl}"
                                ]
                            }
                        ]
                    }
                },
                "writer": {
                    "name": "${lc_writer}",
                    "parameter": {
                        "username": "${lc_username}",
                        "password": "${lc_password}",
                        "writeMode": "insert",
                        "batchSize": "${batchSize}",
                        "memstoreThreshold": "${memstoreThreshold}",
                        "column": [
                            "ID",
                            "SECU_ID",
                            "SECU_SHT",
                            "TRD_CODE",
                            "TRD_DT",
                            "CHG_RAT_1Y",
                            "CHG_RAT_2Y",
                            "CHG_RAT_3Y",
                            "CHG_RAT_5Y",
                            "ENT_TIME",
                            "UPD_TIME",
                            "GRD_TIME",
                            "RS_ID",
                            "REC_ID"
                        ],
                        "connection": [
                            {
                                "table": [
                                    "LCINFOJOB.CP_GJ_FIRK_VIEW_ADD"
                                ],
                                "jdbcUrl": "${lc_jdbcUrl}"
                            }
                        ],
                        "preSql": "delete table LCINFOJOB.CP_GJ_FIRK_VIEW_ADD where TRD_DT > sysdate - 15"
                    }
                }
            }
        ],
        "setting": {
            "speed": {
                "channel": "${channel}"
            },
            "errorLimit": {
                "percentage": "${percentage}"
            }
        }
    }
}