{
    "job": {
        "content": [
            {
                "reader": {
                    "name": "${cp_reader}",
                    "parameter": {
                        "username": "${cp_username}",
                        "password": "${cp_password}",
                        "column": [
                            "'1'",
                            "prod_code"
                        ],
                        "connection": [
                            {
                                "table": [
                                    "(select prod_code            from (select a.id,                         a.prod_name,                         a.prod_code,                         a.COMM_1W,                         rank() OVER(ORDER BY a.COMM_1W desc nulls last) rank                    from otc.gj_g2010_prod_info_base a                   where a.invest_type = '3'                     and a.sub_sta = '1'                     and a.prod_type in ('1', '2')                     and a.prod_code not in                         ('952001', '952010', '253051', '253050')) a           where rank <= 9) t2"
                                ],
                                "jdbcUrl": [
                                    "${cp_jdbcUrl}"
                                ]
                            }
                        ]
                    }
                },
                "writer": {
                    "name": "${lc_writer}",
                    "parameter": {
                        "username": "${lc_username}",
                        "password": "${lc_password}",
                        "writeMode": "insert",
                        "batchSize": "${batchSize}",
                        "memstoreThreshold": "${memstoreThreshold}",
                        "column": [
                            "hqb_status",
                            "prod_code"
                        ],
                        "connection": [
                            {
                                "table": [
                                    "lcinfojob.id,                         a.prod_name,                         a.prod_code,                         a.COMM_1W,                         rank() OVER(ORDER BY a.COMM_1W desc nulls last) rank                    from otc.gj_g2010_prod_info_base a                   where a.invest_type = '3'                     and a.sub_sta = '1'                     and a.prod_type in ('1', '2')                     and a.prod_code not in                         ('952001', '952010', '253051', '253050')) a           where rank <= 9) t2"
                                ],
                                "jdbcUrl": "${lc_jdbcUrl}"
                            }
                        ],
                        "preSql": [
                            "truncate table lcinfojob.id,                         a.prod_name,                         a.prod_code,                         a.COMM_1W,                         rank() OVER(ORDER BY a.COMM_1W desc nulls last) rank                    from otc.gj_g2010_prod_info_base a                   where a.invest_type = '3'                     and a.sub_sta = '1'                     and a.prod_type in ('1', '2')                     and a.prod_code not in                         ('952001', '952010', '253051', '253050')) a           where rank <= 9) t2"
                        ]
                    }
                }
            },
            {
                "reader": {
                    "name": "${cp_reader}",
                    "parameter": {
                        "username": "${cp_username}",
                        "password": "${cp_password}",
                        "column": [],
                        "connection": [
                            {
                                "table": [
                                    "default_from_table"
                                ],
                                "jdbcUrl": [
                                    "${cp_jdbcUrl}"
                                ]
                            }
                        ]
                    }
                },
                "writer": {
                    "name": "${lc_writer}",
                    "parameter": {
                        "username": "${lc_username}",
                        "password": "${lc_password}",
                        "writeMode": "insert",
                        "batchSize": "${batchSize}",
                        "memstoreThreshold": "${memstoreThreshold}",
                        "column": [],
                        "connection": [
                            {
                                "table": [
                                    "lcinfojob"
                                ],
                                "jdbcUrl": "${lc_jdbcUrl}"
                            }
                        ]
                    }
                }
            },
            {
                "reader": {
                    "name": "${cp_reader}",
                    "parameter": {
                        "username": "${cp_username}",
                        "password": "${cp_password}",
                        "column": [
                            "'1'",
                            "prod_code"
                        ],
                        "connection": [
                            {
                                "table": [
                                    "(select prod_code            from (select a.id,                         a.prod_name,                         a.prod_code,                         a.COMM_1W,                         rank() OVER(ORDER BY a.COMM_1W desc nulls last) rank                    from otc.gj_g2010_prod_info_base a                   where a.invest_type = '3'                     and a.sub_sta = '1'                     and a.prod_type in ('1', '2')                     and a.prod_code not in                         ('952001', '952010', '253051', '253050')) a           where rank <= 9) t2"
                                ],
                                "jdbcUrl": [
                                    "${cp_jdbcUrl}"
                                ]
                            }
                        ]
                    }
                },
                "writer": {
                    "name": "${lc_writer}",
                    "parameter": {
                        "username": "${lc_username}",
                        "password": "${lc_password}",
                        "writeMode": "insert",
                        "batchSize": "${batchSize}",
                        "memstoreThreshold": "${memstoreThreshold}",
                        "column": [
                            "hqb_status",
                            "prod_code"
                        ],
                        "connection": [
                            {
                                "table": [
                                    "lcinfojob.id,                         a.prod_name,                         a.prod_code,                         a.COMM_1W,                         rank() OVER(ORDER BY a.COMM_1W desc nulls last) rank                    from otc.gj_g2010_prod_info_base a                   where a.invest_type = '3'                     and a.sub_sta = '1'                     and a.prod_type in ('1', '2')                     and a.prod_code not in                         ('952001', '952010', '253051', '253050')) a           where rank <= 9) t2"
                                ],
                                "jdbcUrl": "${lc_jdbcUrl}"
                            }
                        ],
                        "preSql": [
                            "truncate table lcinfojob.id,                         a.prod_name,                         a.prod_code,                         a.COMM_1W,                         rank() OVER(ORDER BY a.COMM_1W desc nulls last) rank                    from otc.gj_g2010_prod_info_base a                   where a.invest_type = '3'                     and a.sub_sta = '1'                     and a.prod_type in ('1', '2')                     and a.prod_code not in                         ('952001', '952010', '253051', '253050')) a           where rank <= 9) t2"
                        ]
                    }
                }
            },
            {
                "reader": {
                    "name": "${cp_reader}",
                    "parameter": {
                        "username": "${cp_username}",
                        "password": "${cp_password}",
                        "column": [],
                        "connection": [
                            {
                                "table": [
                                    "default_from_table"
                                ],
                                "jdbcUrl": [
                                    "${cp_jdbcUrl}"
                                ]
                            }
                        ]
                    }
                },
                "writer": {
                    "name": "${lc_writer}",
                    "parameter": {
                        "username": "${lc_username}",
                        "password": "${lc_password}",
                        "writeMode": "insert",
                        "batchSize": "${batchSize}",
                        "memstoreThreshold": "${memstoreThreshold}",
                        "column": [],
                        "connection": [
                            {
                                "table": [
                                    "lcinfojob"
                                ],
                                "jdbcUrl": "${lc_jdbcUrl}"
                            }
                        ]
                    }
                }
            }
        ],
        "setting": {
            "speed": {
                "channel": "${channel}"
            },
            "errorLimit": {
                "percentage": "${percentage}"
            }
        }
    }
}