{
    "job": {
        "content": [
            {
                "reader": {
                    "name": "${cp_reader}",
                    "parameter": {
                        "username": "${cp_username}",
                        "password": "${cp_password}",
                        "column": [
                            "otc.SEQ_G2010_PROD_INFO_BASE.Nextval",
                            "STOCK_CODE",
                            "STOCK_NAME",
                            "STOCK_NAME",
                            "'3'",
                            "'31'",
                            "PRODUCT_DAYS",
                            "RISK_LEVEL",
                            "NAV",
                            "NAV",
                            "PER_MYRIAD_INCOME",
                            "INVESTMENT_OPEN_DATE",
                            "IPO_END_DATE",
                            "decode(a.prod_status, '1', per_oneapp_max_balance, '2', per_onesub_max_balance)",
                            "MIN_AMOUNT",
                            "ADD_AMOUNT",
                            "decode(translate(PRODPRE_RATIO_STR, '.0123456789', '.'), '.', '' || PRODPRE_RATIO * 100, '.%', '' || PRODPRE_RATIO * 100, '%', '' || PRODPRE_RATIO * 100, ' ', '' || PRODPRE_RATIO * 100, PRODPRE_RATIO_STR)",
                            "PRODPRE_RATIO * 100",
                            "1",
                            "decode(prod_status, '1', '1', '8', '1', '2')",
                            "decode(prod_status, '2', '1', '2')",
                            "decode(prod_status, '1', '1', '7', '1', '2')",
                            "decode(b.prodcode_status, 0, 1, 2)",
                            "case when (PROD_STATUS = '2' or PROD_STATUS = '1' or PROD_STATUS = '8') and INVESTMENT_OPEN_DATE <= to_char(sysdate, 'YYYYMMDD') and IPO_END_DATE >= to_char(sysdate, 'YYYYMMDD') then '1' else '2' end",
                            "#{bizDate}",
                            "prod_begin_date",
                            "PUBLISH_DATE",
                            "PRODCOMPANY_NAME",
                            "DECODE(trim(TRUSTEE_BANK), 'FZDZ', NULL, trim(TRUSTEE_BANK))",
                            "end_date",
                            "decode(income_type, '1', '1', '4', '1', '2', '2', '3', '2', '9')",
                            "DATA_SOURCE",
                            "MAX_SUBSCRIBE_NUM",
                            "RISK_LEVEL",
                            "PRO_PCTRLKINDS",
                            "PRO_BUYFLOW",
                            "PROD_MAX_BALA",
                            "assess_level",
                            "income_type",
                            "prod_sponsor",
                            "INVESTMENT_OPEN_DATE",
                            "ipo_end_date",
                            "PRODTA_NO",
                            "b.buy_unit",
                            "b.sell_unit",
                            "b.min_orgfbuy_balance",
                            "b.min_perfbuy_balance",
                            "minsize",
                            "decode(prodcode_type_base, 'z', '1', '2')",
                            "SUM_SUB_BALANCE",
                            "SUBSTR(PRODCODE_CTRLSTR, 19, 1) || SUBSTR(PRODCODE_CTRLSTR, 20, 1) || SUBSTR(PRODCODE_CTRLSTR, 74, 1)",
                            "'1'",
                            "invest_kind",
                            "PROD_INVEST_TERM",
                            "case              when max_deficit_rate = 0 then               1              when max_deficit_rate > 0 and max_deficit_rate <= 0.1 then               2              when max_deficit_rate > 0.1 and max_deficit_rate <= 0.6 then               3              else               4            end max_deficit_rate"
                        ],
                        "connection": [
                            {
                                "table": [
                                    "OTC.GJ_OTC_PRODUCT_BASE a       left join OTC.GJ_OTC_PRODUCT_CAN_BUY b         on b.pro_code = a.stock_code        and b.type = 1      where a.prodcode_type_base in ('i')"
                                ],
                                "jdbcUrl": [
                                    "${cp_jdbcUrl}"
                                ]
                            }
                        ]
                    }
                },
                "writer": {
                    "name": "${lc_writer}",
                    "parameter": {
                        "username": "${lc_username}",
                        "password": "${lc_password}",
                        "writeMode": "insert",
                        "batchSize": "${batchSize}",
                        "memstoreThreshold": "${memstoreThreshold}",
                        "column": [
                            "id",
                            "prod_code",
                            "prod_name",
                            "sht_name",
                            "prod_type",
                            "PROD_TYPE_C",
                            "PROD_DAY",
                            "risk_type",
                            "new_nav",
                            "one_nav",
                            "unit_yld_rmb",
                            "ref_start_date",
                            "ref_end_date",
                            "most_origin_money",
                            "origin_money",
                            "add_money",
                            "prodpre_ratio1",
                            "prodpre_ratio",
                            "key",
                            "sub_sta",
                            "ref_sta",
                            "red_sta",
                            "trans_sta",
                            "buy_status",
                            "bizdate",
                            "prod_begin_date",
                            "found_date",
                            "sup_name",
                            "TRUSTEE_BANK",
                            "G_END_DATE",
                            "income_type",
                            "DATA_SOURCE",
                            "MAX_SUBSCRIBE_NUM",
                            "STL_RISK_TYPE",
                            "PRO_PCTRLKINDS",
                            "PRO_BUYFLOW",
                            "PROD_MAX_BALA",
                            "assess_level",
                            "income_type_otc",
                            "prod_sponsor",
                            "ipo_begin_date",
                            "ipo_end_date",
                            "PRODTA_NO",
                            "buy_unit",
                            "sell_unit",
                            "min_orgfbuy_balance",
                            "min_perfbuy_balance",
                            "minsize",
                            "NO_OPEN_KEY",
                            "SUM_SUB_BALANCE",
                            "PROD_BUY_CTR",
                            "PROD_SOURCE",
                            "pro_kind",
                            "pro_term",
                            "risk_appetite"
                        ],
                        "connection": [
                            {
                                "table": [
                                    "lcinfojob.GJ_OTC_PRODUCT_BASE a       left join OTC.GJ_OTC_PRODUCT_CAN_BUY b         on b.pro_code = a.stock_code        and b.type = 1      where a.prodcode_type_base in ('i')"
                                ],
                                "jdbcUrl": "${lc_jdbcUrl}"
                            }
                        ],
                        "preSql": "delete table lcinfojob.GJ_OTC_PRODUCT_BASE a       left join OTC.GJ_OTC_PRODUCT_CAN_BUY b         on b.pro_code = a.stock_code        and b.type = 1      where a.prodcode_type_base in ('i') where prod_type = '3'"
                    }
                }
            },
            {
                "reader": {
                    "name": "${cp_reader}",
                    "parameter": {
                        "username": "${cp_username}",
                        "password": "${cp_password}",
                        "column": [
                            "PRO_ID",
                            "prod_code",
                            "'3'"
                        ],
                        "connection": [
                            {
                                "table": [
                                    "(SELECT distinct a.prod_code, a.pro_id FROM otc.GJ_PROD_OTC a) T2"
                                ],
                                "jdbcUrl": [
                                    "${cp_jdbcUrl}"
                                ]
                            }
                        ]
                    }
                },
                "writer": {
                    "name": "${lc_writer}",
                    "parameter": {
                        "username": "${lc_username}",
                        "password": "${lc_password}",
                        "writeMode": "insert",
                        "batchSize": "${batchSize}",
                        "memstoreThreshold": "${memstoreThreshold}",
                        "column": [
                            "PROD_ID",
                            "prod_code",
                            "prod_type"
                        ],
                        "connection": [
                            {
                                "table": [
                                    "lcinfojob.prod_code, a.pro_id FROM otc.GJ_PROD_OTC a) T2"
                                ],
                                "jdbcUrl": "${lc_jdbcUrl}"
                            }
                        ],
                        "preSql": [
                            "truncate table lcinfojob.prod_code, a.pro_id FROM otc.GJ_PROD_OTC a) T2"
                        ]
                    }
                }
            },
            {
                "reader": {
                    "name": "${cp_reader}",
                    "parameter": {
                        "username": "${cp_username}",
                        "password": "${cp_password}",
                        "column": [
                            "'prod_type = ''3'''"
                        ],
                        "connection": [
                            {
                                "table": [
                                    "dual"
                                ],
                                "jdbcUrl": [
                                    "${cp_jdbcUrl}"
                                ]
                            }
                        ]
                    }
                },
                "writer": {
                    "name": "${lc_writer}",
                    "parameter": {
                        "username": "${lc_username}",
                        "password": "${lc_password}",
                        "writeMode": "insert",
                        "batchSize": "${batchSize}",
                        "memstoreThreshold": "${memstoreThreshold}",
                        "column": [
                            "prodType"
                        ],
                        "connection": [
                            {
                                "table": [
                                    "lcinfojob"
                                ],
                                "jdbcUrl": "${lc_jdbcUrl}"
                            }
                        ]
                    }
                }
            },
            {
                "reader": {
                    "name": "${cp_reader}",
                    "parameter": {
                        "username": "${cp_username}",
                        "password": "${cp_password}",
                        "column": [],
                        "connection": [
                            {
                                "table": [
                                    "default_from_table"
                                ],
                                "jdbcUrl": [
                                    "${cp_jdbcUrl}"
                                ]
                            }
                        ]
                    }
                },
                "writer": {
                    "name": "${lc_writer}",
                    "parameter": {
                        "username": "${lc_username}",
                        "password": "${lc_password}",
                        "writeMode": "insert",
                        "batchSize": "${batchSize}",
                        "memstoreThreshold": "${memstoreThreshold}",
                        "column": [],
                        "connection": [
                            {
                                "table": [
                                    "lcinfojob"
                                ],
                                "jdbcUrl": "${lc_jdbcUrl}"
                            }
                        ]
                    }
                }
            }
        ],
        "setting": {
            "speed": {
                "channel": "${channel}"
            },
            "errorLimit": {
                "percentage": "${percentage}"
            }
        }
    }
}