{
    "job": {
        "content": [
            {
                "reader": {
                    "name": "${cp_reader}",
                    "parameter": {
                        "username": "${cp_username}",
                        "password": "${cp_password}",
                        "column": [
                            "otc.SEQ_G2010_PROD_INFO_BASE.Nextval",
                            "prod_code",
                            "prod_name",
                            "prod_id",
                            "prod_name",
                            "'8'",
                            "'82'",
                            "STL_RISK_TYPE",
                            "invest_type",
                            "ISS_BEG_DATE",
                            "ISS_END_DATE",
                            "INVEST_FLOOR",
                            "ADDTO_MIN_BUY",
                            "L3M_PRFT_RATE",
                            "L6M_PRFT_RATE",
                            "L1Y_PRFT_RATE",
                            "L2Y_PRFT_RATE",
                            "L3Y_PRFT_RATE",
                            "1",
                            "CASE WHEN ((jzjy_status = '0' or jzjy_status = '2' or jzjy_status = '6' or jzjy_status = '7' or jzjy_status = '8') or (jzjy_status != 'a' and TO_CHAR(SYSDATE, 'YYYYMMDD') > ISS_END_DATE)) and preorder_flag = '1' THEN '1' ELSE '2' END",
                            "decode(jzjy_status, '1', '1', '2')",
                            "SELL_STATUS",
                            "decode(jzjy_status, '0', '1', '2', '1', '5', '1', '7', '1', '8', '1', '2')",
                            "CASE WHEN ((jzjy_status = '0' or jzjy_status = '2' or jzjy_status = '6' or jzjy_status = '7' or jzjy_status = '8' or jzjy_status = '1') or (jzjy_status != 'a' and TO_CHAR(SYSDATE, 'YYYYMMDD') > ISS_END_DATE)) and preorder_flag = '1' THEN '1' ELSE '2' END",
                            "1",
                            "#{bizDate}",
                            "FOUND_DAY",
                            "ISSUE_PERSON_DES",
                            "STL_RISK_TYPE",
                            "PRO_KIND",
                            "PRO_TERM",
                            "PRO_VIDEO",
                            "RISK_APPETITE",
                            "PRO_CTRLKIND",
                            "PRO_PCTRLKINDS",
                            "PPROFEINVEST",
                            "PMINLEVEL",
                            "PRO_BUYFLOW",
                            "CALMHOURS",
                            "EXTQTY1",
                            "FUND_SIZE",
                            "TRSTEE",
                            "D_BEGINDATE",
                            "D_ENDDATE",
                            "jzjy_status",
                            "ISS_END_DATE",
                            "'1'"
                        ],
                        "connection": [
                            {
                                "table": [
                                    "otc.gj_PROD_PRI"
                                ],
                                "jdbcUrl": [
                                    "${cp_jdbcUrl}"
                                ]
                            }
                        ]
                    }
                },
                "writer": {
                    "name": "${lc_writer}",
                    "parameter": {
                        "username": "${lc_username}",
                        "password": "${lc_password}",
                        "writeMode": "insert",
                        "batchSize": "${batchSize}",
                        "memstoreThreshold": "${memstoreThreshold}",
                        "column": [
                            "id",
                            "prod_code",
                            "prod_name",
                            "prod_id",
                            "sht_name",
                            "prod_type",
                            "PROD_TYPE_C",
                            "risk_type",
                            "invest_type",
                            "ref_start_date",
                            "ref_end_date",
                            "origin_money",
                            "add_money",
                            "comm_3m",
                            "comm_6m",
                            "comm_1y",
                            "comm_2y",
                            "comm_3y",
                            "key",
                            "sub_sta",
                            "ref_sta",
                            "sell_sta",
                            "red_sta",
                            "buy_status",
                            "NO_OPEN_KEY",
                            "bizdate",
                            "found_date",
                            "SUP_NAME",
                            "STL_RISK_TYPE",
                            "PRO_KIND",
                            "PRO_TERM",
                            "PRO_VIDEO",
                            "RISK_APPETITE",
                            "PRO_CTRLKIND",
                            "PRO_PCTRLKINDS",
                            "PPROFEINVEST",
                            "PMINLEVEL",
                            "PRO_BUYFLOW",
                            "CALMHOURS",
                            "EXTQTY1",
                            "act_max_scale",
                            "PROD_TRUSTEE",
                            "G_begin_date",
                            "G_end_date",
                            "jzjy_status",
                            "ipo_end_date",
                            "tk_status"
                        ],
                        "connection": [
                            {
                                "table": [
                                    "lcinfojob.gj_PROD_PRI"
                                ],
                                "jdbcUrl": "${lc_jdbcUrl}"
                            }
                        ],
                        "preSql": "delete table lcinfojob.gj_PROD_PRI where PROD_TYPE_C = '82'"
                    }
                }
            },
            {
                "reader": {
                    "name": "${cp_reader}",
                    "parameter": {
                        "username": "${cp_username}",
                        "password": "${cp_password}",
                        "column": [],
                        "connection": [
                            {
                                "table": [
                                    "default_from_table"
                                ],
                                "jdbcUrl": [
                                    "${cp_jdbcUrl}"
                                ]
                            }
                        ]
                    }
                },
                "writer": {
                    "name": "${lc_writer}",
                    "parameter": {
                        "username": "${lc_username}",
                        "password": "${lc_password}",
                        "writeMode": "insert",
                        "batchSize": "${batchSize}",
                        "memstoreThreshold": "${memstoreThreshold}",
                        "column": [],
                        "connection": [
                            {
                                "table": [
                                    "lcinfojob"
                                ],
                                "jdbcUrl": "${lc_jdbcUrl}"
                            }
                        ]
                    }
                }
            },
            {
                "reader": {
                    "name": "${cp_reader}",
                    "parameter": {
                        "username": "${cp_username}",
                        "password": "${cp_password}",
                        "column": [
                            "ISDOUBLERECORD",
                            "PRO_CODE"
                        ],
                        "connection": [
                            {
                                "table": [
                                    "OTC.GJ_PRO_DOUBLERECORD_VIEW"
                                ],
                                "jdbcUrl": [
                                    "${cp_jdbcUrl}"
                                ]
                            }
                        ]
                    }
                },
                "writer": {
                    "name": "${lc_writer}",
                    "parameter": {
                        "username": "${lc_username}",
                        "password": "${lc_password}",
                        "writeMode": "insert",
                        "batchSize": "${batchSize}",
                        "memstoreThreshold": "${memstoreThreshold}",
                        "column": [
                            "ISDOUBLERECORD",
                            "PROD_CODE"
                        ],
                        "connection": [
                            {
                                "table": [
                                    "lcinfojob.GJ_PRO_DOUBLERECORD_VIEW"
                                ],
                                "jdbcUrl": "${lc_jdbcUrl}"
                            }
                        ],
                        "preSql": [
                            "truncate table lcinfojob.GJ_PRO_DOUBLERECORD_VIEW"
                        ]
                    }
                }
            },
            {
                "reader": {
                    "name": "${cp_reader}",
                    "parameter": {
                        "username": "${cp_username}",
                        "password": "${cp_password}",
                        "column": [
                            "'PROD_TYPE_C = ''82'''"
                        ],
                        "connection": [
                            {
                                "table": [
                                    "dual"
                                ],
                                "jdbcUrl": [
                                    "${cp_jdbcUrl}"
                                ]
                            }
                        ]
                    }
                },
                "writer": {
                    "name": "${lc_writer}",
                    "parameter": {
                        "username": "${lc_username}",
                        "password": "${lc_password}",
                        "writeMode": "insert",
                        "batchSize": "${batchSize}",
                        "memstoreThreshold": "${memstoreThreshold}",
                        "column": [
                            "prodType"
                        ],
                        "connection": [
                            {
                                "table": [
                                    "lcinfojob"
                                ],
                                "jdbcUrl": "${lc_jdbcUrl}"
                            }
                        ]
                    }
                }
            },
            {
                "reader": {
                    "name": "${cp_reader}",
                    "parameter": {
                        "username": "${cp_username}",
                        "password": "${cp_password}",
                        "column": [],
                        "connection": [
                            {
                                "table": [
                                    "default_from_table"
                                ],
                                "jdbcUrl": [
                                    "${cp_jdbcUrl}"
                                ]
                            }
                        ]
                    }
                },
                "writer": {
                    "name": "${lc_writer}",
                    "parameter": {
                        "username": "${lc_username}",
                        "password": "${lc_password}",
                        "writeMode": "insert",
                        "batchSize": "${batchSize}",
                        "memstoreThreshold": "${memstoreThreshold}",
                        "column": [],
                        "connection": [
                            {
                                "table": [
                                    "lcinfojob"
                                ],
                                "jdbcUrl": "${lc_jdbcUrl}"
                            }
                        ]
                    }
                }
            }
        ],
        "setting": {
            "speed": {
                "channel": "${channel}"
            },
            "errorLimit": {
                "percentage": "${percentage}"
            }
        }
    }
}