{
    "job": {
        "content": [
            {
                "reader": {
                    "name": "${cp_reader}",
                    "parameter": {
                        "username": "${cp_username}",
                        "password": "${cp_password}",
                        "column": [
                            "otc.SEQ_G2010_PROD_INFO_BASE.Nextval",
                            "PROD_CODE",
                            "stock_code",
                            "PROD_NAME",
                            "PROD_NAME",
                            "4",
                            "GT_BJHG_CALLRATE",
                            "GT_BJHG_GHDAYS",
                            "1",
                            "20",
                            "END_DATE",
                            "one_lower_rpt_quota * 100",
                            "1000",
                            "GT_INTEREST_RATE",
                            "1",
                            "decode(gt_bjhg_buyflag, 0, 1, 2)",
                            "1",
                            "decode(gt_bjhg_buyflag, 0, 1, 2)",
                            "#{bizDate}",
                            "END_DATE",
                            "'1'",
                            "begin_date",
                            "gt_bjhg_autoflag",
                            "one_upper_rpt_quota * 100",
                            "begin_date",
                            "1"
                        ],
                        "connection": [
                            {
                                "table": [
                                    "OTC.GJ_10602436"
                                ],
                                "jdbcUrl": [
                                    "${cp_jdbcUrl}"
                                ]
                            }
                        ]
                    }
                },
                "writer": {
                    "name": "${lc_writer}",
                    "parameter": {
                        "username": "${lc_username}",
                        "password": "${lc_password}",
                        "writeMode": "insert",
                        "batchSize": "${batchSize}",
                        "memstoreThreshold": "${memstoreThreshold}",
                        "column": [
                            "id",
                            "prod_code",
                            "stock_code",
                            "prod_name",
                            "sht_name",
                            "prod_type",
                            "rate",
                            "PROD_DAY",
                            "risk_type",
                            "invest_type",
                            "ref_end_date",
                            "origin_money",
                            "add_money",
                            "prodpre_ratio",
                            "key",
                            "sell_sta",
                            "red_sta",
                            "buy_status",
                            "bizdate",
                            "G_END_DATE",
                            "STL_RISK_TYPE",
                            "prod_begin_date",
                            "AUTOBUYFLAG",
                            "most_origin_money",
                            "NAV_DATE",
                            "NO_OPEN_KEY"
                        ],
                        "connection": [
                            {
                                "table": [
                                    "lcinfojob.GJ_10602436"
                                ],
                                "jdbcUrl": "${lc_jdbcUrl}"
                            }
                        ],
                        "preSql": "delete table lcinfojob.GJ_10602436 where prod_type = '4'"
                    }
                }
            },
            {
                "reader": {
                    "name": "${cp_reader}",
                    "parameter": {
                        "username": "${cp_username}",
                        "password": "${cp_password}",
                        "column": [
                            "prodid",
                            "sell_sta",
                            "prodcode"
                        ],
                        "connection": [
                            {
                                "table": [
                                    "OTC.gj_prod_thb"
                                ],
                                "jdbcUrl": [
                                    "${cp_jdbcUrl}"
                                ]
                            }
                        ]
                    }
                },
                "writer": {
                    "name": "${lc_writer}",
                    "parameter": {
                        "username": "${lc_username}",
                        "password": "${lc_password}",
                        "writeMode": "insert",
                        "batchSize": "${batchSize}",
                        "memstoreThreshold": "${memstoreThreshold}",
                        "column": [
                            "prod_id",
                            "sell_sta",
                            "prod_code"
                        ],
                        "connection": [
                            {
                                "table": [
                                    "lcinfojob.gj_prod_thb"
                                ],
                                "jdbcUrl": "${lc_jdbcUrl}"
                            }
                        ],
                        "preSql": [
                            "truncate table lcinfojob.gj_prod_thb"
                        ]
                    }
                }
            },
            {
                "reader": {
                    "name": "${cp_reader}",
                    "parameter": {
                        "username": "${cp_username}",
                        "password": "${cp_password}",
                        "column": [
                            "otc.SEQ_G2010_PROD_INFO_BASE.Nextval",
                            "PROCODE",
                            "PRONAME",
                            "PRONAME",
                            "4",
                            "EARLY_YIELD",
                            "GH_DAYS",
                            "1",
                            "20",
                            "1000",
                            "1000",
                            "EXP_GAINS dueprice",
                            "1",
                            "2",
                            "1",
                            "1",
                            "PROCODE",
                            "#{bizDate}",
                            "to_char(to_date(sysdate), 'YYYYMMDD')",
                            "to_char(to_date(sysdate + GH_DAYS), 'YYYYMMDD')",
                            "CONTINUEFLAG",
                            "'1'",
                            "1",
                            "''"
                        ],
                        "connection": [
                            {
                                "table": [
                                    "OTC.gj_pro_thb"
                                ],
                                "jdbcUrl": [
                                    "${cp_jdbcUrl}"
                                ]
                            }
                        ]
                    }
                },
                "writer": {
                    "name": "${lc_writer}",
                    "parameter": {
                        "username": "${lc_username}",
                        "password": "${lc_password}",
                        "writeMode": "insert",
                        "batchSize": "${batchSize}",
                        "memstoreThreshold": "${memstoreThreshold}",
                        "column": [
                            "id",
                            "prod_code",
                            "prod_name",
                            "sht_name",
                            "prod_type",
                            "rate",
                            "PROD_DAY",
                            "risk_type",
                            "invest_type",
                            "origin_money",
                            "add_money",
                            "prodpre_ratio",
                            "key",
                            "sell_sta",
                            "red_sta",
                            "buy_status",
                            "stock_code",
                            "bizdate",
                            "prod_begin_date",
                            "G_END_DATE",
                            "AUTOBUYFLAG",
                            "STL_RISK_TYPE",
                            "NO_OPEN_KEY",
                            "NAV_DATE"
                        ],
                        "connection": [
                            {
                                "table": [
                                    "lcinfojob.gj_pro_thb"
                                ],
                                "jdbcUrl": "${lc_jdbcUrl}"
                            }
                        ]
                    }
                }
            },
            {
                "reader": {
                    "name": "${cp_reader}",
                    "parameter": {
                        "username": "${cp_username}",
                        "password": "${cp_password}",
                        "column": [
                            "'prod_type = ''4'''"
                        ],
                        "connection": [
                            {
                                "table": [
                                    "dual"
                                ],
                                "jdbcUrl": [
                                    "${cp_jdbcUrl}"
                                ]
                            }
                        ]
                    }
                },
                "writer": {
                    "name": "${lc_writer}",
                    "parameter": {
                        "username": "${lc_username}",
                        "password": "${lc_password}",
                        "writeMode": "insert",
                        "batchSize": "${batchSize}",
                        "memstoreThreshold": "${memstoreThreshold}",
                        "column": [
                            "prodType"
                        ],
                        "connection": [
                            {
                                "table": [
                                    "lcinfojob"
                                ],
                                "jdbcUrl": "${lc_jdbcUrl}"
                            }
                        ]
                    }
                }
            },
            {
                "reader": {
                    "name": "${cp_reader}",
                    "parameter": {
                        "username": "${cp_username}",
                        "password": "${cp_password}",
                        "column": [],
                        "connection": [
                            {
                                "table": [
                                    "default_from_table"
                                ],
                                "jdbcUrl": [
                                    "${cp_jdbcUrl}"
                                ]
                            }
                        ]
                    }
                },
                "writer": {
                    "name": "${lc_writer}",
                    "parameter": {
                        "username": "${lc_username}",
                        "password": "${lc_password}",
                        "writeMode": "insert",
                        "batchSize": "${batchSize}",
                        "memstoreThreshold": "${memstoreThreshold}",
                        "column": [],
                        "connection": [
                            {
                                "table": [
                                    "lcinfojob"
                                ],
                                "jdbcUrl": "${lc_jdbcUrl}"
                            }
                        ]
                    }
                }
            }
        ],
        "setting": {
            "speed": {
                "channel": "${channel}"
            },
            "errorLimit": {
                "percentage": "${percentage}"
            }
        }
    }
}