{
    "job": {
        "content": [
            {
                "reader": {
                    "name": "${cp_reader}",
                    "parameter": {
                        "username": "${cp_username}",
                        "password": "${cp_password}",
                        "column": [
                            "otc.SEQ_G2010_PROD_INFO_BASE.Nextval",
                            "prod_code",
                            "prod_name",
                            "prod_id",
                            "prod_name",
                            "6",
                            "63",
                            "chrem_term",
                            "STL_RISK_TYPE",
                            "sell_init_day",
                            "sell_stop_day",
                            "invest_floor * 10000",
                            "1000",
                            "expect_prft",
                            "expect_prft",
                            "1",
                            "2",
                            "1",
                            "sell_status",
                            "2",
                            "sell_status",
                            "#{bizDate}",
                            "found_day",
                            "found_day",
                            "issue_person_des",
                            "exp_date",
                            "STL_RISK_TYPE",
                            "off_size",
                            "decode(prft_type, 1, 1, 2, 3, 3, 2, 9)",
                            "b.org_code",
                            "sell_init_day",
                            "sell_stop_day",
                            "'1'",
                            "inst_id",
                            "a.exp_returnrate",
                            "pro_kind",
                            "pro_term",
                            "pro_video",
                            "pro_buyflow",
                            "pro_ctrlkind",
                            "calmhours",
                            "risk_appetite",
                            "pro_pctrlkinds",
                            "pprofeinvest",
                            "pminlevel",
                            "extqty1",
                            "a.ext_ta_code",
                            "a.risk_lvl_otc"
                        ],
                        "connection": [
                            {
                                "table": [
                                    "otc.gj_prod_bank a       left join OTC142.gj_G2010_PRO_ORG_BANK b         on a.ext_ta_code = b.ta_code      where a.sys_sou is not null        and a.ext_ta_code = 'D01'"
                                ],
                                "jdbcUrl": [
                                    "${cp_jdbcUrl}"
                                ]
                            }
                        ]
                    }
                },
                "writer": {
                    "name": "${lc_writer}",
                    "parameter": {
                        "username": "${lc_username}",
                        "password": "${lc_password}",
                        "writeMode": "insert",
                        "batchSize": "${batchSize}",
                        "memstoreThreshold": "${memstoreThreshold}",
                        "column": [
                            "id",
                            "prod_code",
                            "prod_name",
                            "prod_id",
                            "sht_name",
                            "prod_type",
                            "PROD_TYPE_C",
                            "PROD_DAY",
                            "risk_type",
                            "ref_start_date",
                            "ref_end_date",
                            "origin_money",
                            "add_money",
                            "prodpre_ratio1",
                            "prodpre_ratio",
                            "key",
                            "sub_sta",
                            "ref_sta",
                            "sell_sta",
                            "trans_sta",
                            "buy_status",
                            "bizdate",
                            "prod_begin_date",
                            "found_date",
                            "sup_name",
                            "G_END_DATE",
                            "STL_RISK_TYPE",
                            "PROD_MAX_BALA",
                            "income_type_otc",
                            "prod_sponsor",
                            "ipo_begin_date",
                            "ipo_end_date",
                            "NO_OPEN_KEY",
                            "inst_id",
                            "exp_returnrate",
                            "pro_kind",
                            "pro_term",
                            "pro_video",
                            "pro_buyflow",
                            "pro_ctrlkind",
                            "calmhours",
                            "risk_appetite",
                            "pro_pctrlkinds",
                            "pprofeinvest",
                            "pminlevel",
                            "extqty1",
                            "PRODTA_NO",
                            "risk_lvl_otc"
                        ],
                        "connection": [
                            {
                                "table": [
                                    "lcinfojob.gj_prod_bank a       left join OTC142.gj_G2010_PRO_ORG_BANK b         on a.ext_ta_code = b.ta_code      where a.sys_sou is not null        and a.ext_ta_code = 'D01'"
                                ],
                                "jdbcUrl": "${lc_jdbcUrl}"
                            }
                        ],
                        "preSql": "delete table lcinfojob.gj_prod_bank a       left join OTC142.gj_G2010_PRO_ORG_BANK b         on a.ext_ta_code = b.ta_code      where a.sys_sou is not null        and a.ext_ta_code = 'D01' where PROD_TYPE_C = '63'"
                    }
                }
            },
            {
                "reader": {
                    "name": "${cp_reader}",
                    "parameter": {
                        "username": "${cp_username}",
                        "password": "${cp_password}",
                        "column": [
                            "'PROD_TYPE_C = ''63'''"
                        ],
                        "connection": [
                            {
                                "table": [
                                    "dual"
                                ],
                                "jdbcUrl": [
                                    "${cp_jdbcUrl}"
                                ]
                            }
                        ]
                    }
                },
                "writer": {
                    "name": "${lc_writer}",
                    "parameter": {
                        "username": "${lc_username}",
                        "password": "${lc_password}",
                        "writeMode": "insert",
                        "batchSize": "${batchSize}",
                        "memstoreThreshold": "${memstoreThreshold}",
                        "column": [
                            "prodType"
                        ],
                        "connection": [
                            {
                                "table": [
                                    "lcinfojob"
                                ],
                                "jdbcUrl": "${lc_jdbcUrl}"
                            }
                        ]
                    }
                }
            },
            {
                "reader": {
                    "name": "${cp_reader}",
                    "parameter": {
                        "username": "${cp_username}",
                        "password": "${cp_password}",
                        "column": [],
                        "connection": [
                            {
                                "table": [
                                    "default_from_table"
                                ],
                                "jdbcUrl": [
                                    "${cp_jdbcUrl}"
                                ]
                            }
                        ]
                    }
                },
                "writer": {
                    "name": "${lc_writer}",
                    "parameter": {
                        "username": "${lc_username}",
                        "password": "${lc_password}",
                        "writeMode": "insert",
                        "batchSize": "${batchSize}",
                        "memstoreThreshold": "${memstoreThreshold}",
                        "column": [],
                        "connection": [
                            {
                                "table": [
                                    "lcinfojob"
                                ],
                                "jdbcUrl": "${lc_jdbcUrl}"
                            }
                        ]
                    }
                }
            }
        ],
        "setting": {
            "speed": {
                "channel": "${channel}"
            },
            "errorLimit": {
                "percentage": "${percentage}"
            }
        }
    }
}