{
    "job": {
        "content": [
            {
                "reader": {
                    "name": "${cp_reader}",
                    "parameter": {
                        "username": "${cp_username}",
                        "password": "${cp_password}",
                        "column": [
                            "nav_date",
                            "prod_code"
                        ],
                        "connection": [
                            {
                                "table": [
                                    "(select max(b.issue_tm) nav_date, b.prod_code       from otc.gj_prod_net_value b, otc.gj_g2010_prod_info_base a      where a.prod_code = b.prod_code        and a.prod_type = '8'      group by b.prod_code) a"
                                ],
                                "jdbcUrl": [
                                    "${cp_jdbcUrl}"
                                ]
                            }
                        ]
                    }
                },
                "writer": {
                    "name": "${lc_writer}",
                    "parameter": {
                        "username": "${lc_username}",
                        "password": "${lc_password}",
                        "writeMode": "insert",
                        "batchSize": "${batchSize}",
                        "memstoreThreshold": "${memstoreThreshold}",
                        "column": [
                            "nav_date",
                            "prod_code"
                        ],
                        "connection": [
                            {
                                "table": [
                                    "lcinfojob.issue_tm) nav_date, b.prod_code       from otc.gj_prod_net_value b, otc.gj_g2010_prod_info_base a      where a.prod_code = b.prod_code        and a.prod_type = '8'      group by b.prod_code) a"
                                ],
                                "jdbcUrl": "${lc_jdbcUrl}"
                            }
                        ],
                        "preSql": [
                            "truncate table lcinfojob.issue_tm) nav_date, b.prod_code       from otc.gj_prod_net_value b, otc.gj_g2010_prod_info_base a      where a.prod_code = b.prod_code        and a.prod_type = '8'      group by b.prod_code) a"
                        ]
                    }
                }
            },
            {
                "reader": {
                    "name": "${cp_reader}",
                    "parameter": {
                        "username": "${cp_username}",
                        "password": "${cp_password}",
                        "column": [
                            "newest_net_val",
                            "newest_net_val",
                            "accum_net_val",
                            "issue_tm",
                            "myrd_unit_prft",
                            "ann_chg_rat_7d",
                            "chg_rat_ty_prft_rate",
                            "found_until_prft_rate",
                            "l1w_prft_rate",
                            "l1m_prft_rate",
                            "l3m_prft_rate",
                            "l6m_prft_rate",
                            "l1y_prft_rate",
                            "l3y_prft_rate",
                            "l2y_prft_rate",
                            "PROD_CODE"
                        ],
                        "connection": [
                            {
                                "table": [
                                    "(select a.nav_date, b.*            from otc.gj_g2010_prod_info_base   a,                 otc.gj_prod_net_value         b,                 otc.gj_g2010_sm_prod_nav_date c,                 OTC142.GJ_G2010_MANUAL_PROD_INFO d           where a.prod_code = b.prod_code             and a.prod_code = d.prod_code             and a.prod_type = '8'             and d.prod_type_child = '82'             and b.issue_tm = c.nav_date             and b.prod_code = c.prod_code) t2"
                                ],
                                "jdbcUrl": [
                                    "${cp_jdbcUrl}"
                                ]
                            }
                        ]
                    }
                },
                "writer": {
                    "name": "${lc_writer}",
                    "parameter": {
                        "username": "${lc_username}",
                        "password": "${lc_password}",
                        "writeMode": "insert",
                        "batchSize": "${batchSize}",
                        "memstoreThreshold": "${memstoreThreshold}",
                        "column": [
                            "NEW_NAV",
                            "ONE_NAV",
                            "ACC_NET",
                            "NAV_DATE",
                            "UNIT_YLD_RMB",
                            "EXP_RATE_PER_SEVENDAY",
                            "COMM_YEAR",
                            "COMM",
                            "COMM_1W",
                            "COMM_1M",
                            "COMM_3M",
                            "COMM_6M",
                            "COMM_1Y",
                            "COMM_3Y",
                            "COMM_2Y",
                            "PROD_CODE"
                        ],
                        "connection": [
                            {
                                "table": [
                                    "lcinfojob.nav_date, b.*            from otc.gj_g2010_prod_info_base   a,                 otc.gj_prod_net_value         b,                 otc.gj_g2010_sm_prod_nav_date c,                 OTC142.GJ_G2010_MANUAL_PROD_INFO d           where a.prod_code = b.prod_code             and a.prod_code = d.prod_code             and a.prod_type = '8'             and d.prod_type_child = '82'             and b.issue_tm = c.nav_date             and b.prod_code = c.prod_code) t2"
                                ],
                                "jdbcUrl": "${lc_jdbcUrl}"
                            }
                        ],
                        "preSql": [
                            "truncate table lcinfojob.nav_date, b.*            from otc.gj_g2010_prod_info_base   a,                 otc.gj_prod_net_value         b,                 otc.gj_g2010_sm_prod_nav_date c,                 OTC142.GJ_G2010_MANUAL_PROD_INFO d           where a.prod_code = b.prod_code             and a.prod_code = d.prod_code             and a.prod_type = '8'             and d.prod_type_child = '82'             and b.issue_tm = c.nav_date             and b.prod_code = c.prod_code) t2"
                        ]
                    }
                }
            },
            {
                "reader": {
                    "name": "${cp_reader}",
                    "parameter": {
                        "username": "${cp_username}",
                        "password": "${cp_password}",
                        "column": [
                            "newest_net_val",
                            "newest_net_val",
                            "accum_net_val",
                            "issue_tm",
                            "myrd_unit_prft",
                            "ann_chg_rat_7d",
                            "chg_rat_ty_prft_rate",
                            "found_until_prft_rate",
                            "l1w_prft_rate",
                            "l1m_prft_rate",
                            "l3m_prft_rate",
                            "l6m_prft_rate",
                            "l1y_prft_rate",
                            "l3y_prft_rate",
                            "l2y_prft_rate",
                            "PROD_CODE"
                        ],
                        "connection": [
                            {
                                "table": [
                                    "(select a.nav_date, b.*            from otc.gj_g2010_prod_info_base   a,                 otc.gj_prod_net_value         b,                 otc.gj_g2010_sm_prod_nav_date c,                 OTC142.GJ_G2010_MANUAL_PROD_INFO d           where a.prod_code = b.prod_code             and a.prod_code = d.prod_code             and a.prod_type = '8'             and d.prod_type_child = '82'             and b.issue_tm = c.nav_date             and b.prod_code = c.prod_code) t2"
                                ],
                                "jdbcUrl": [
                                    "${cp_jdbcUrl}"
                                ]
                            }
                        ]
                    }
                },
                "writer": {
                    "name": "${lc_writer}",
                    "parameter": {
                        "username": "${lc_username}",
                        "password": "${lc_password}",
                        "writeMode": "insert",
                        "batchSize": "${batchSize}",
                        "memstoreThreshold": "${memstoreThreshold}",
                        "column": [
                            "NEW_NAV",
                            "ONE_NAV",
                            "ACC_NET",
                            "NAV_DATE",
                            "UNIT_YLD_RMB",
                            "EXP_RATE_PER_SEVENDAY",
                            "COMM_YEAR",
                            "COMM",
                            "COMM_1W",
                            "COMM_1M",
                            "COMM_3M",
                            "COMM_6M",
                            "COMM_1Y",
                            "COMM_3Y",
                            "COMM_2Y",
                            "PROD_CODE"
                        ],
                        "connection": [
                            {
                                "table": [
                                    "lcinfojob.nav_date, b.*            from otc.gj_g2010_prod_info_base   a,                 otc.gj_prod_net_value         b,                 otc.gj_g2010_sm_prod_nav_date c,                 OTC142.GJ_G2010_MANUAL_PROD_INFO d           where a.prod_code = b.prod_code             and a.prod_code = d.prod_code             and a.prod_type = '8'             and d.prod_type_child = '82'             and b.issue_tm = c.nav_date             and b.prod_code = c.prod_code) t2"
                                ],
                                "jdbcUrl": "${lc_jdbcUrl}"
                            }
                        ],
                        "preSql": [
                            "truncate table lcinfojob.nav_date, b.*            from otc.gj_g2010_prod_info_base   a,                 otc.gj_prod_net_value         b,                 otc.gj_g2010_sm_prod_nav_date c,                 OTC142.GJ_G2010_MANUAL_PROD_INFO d           where a.prod_code = b.prod_code             and a.prod_code = d.prod_code             and a.prod_type = '8'             and d.prod_type_child = '82'             and b.issue_tm = c.nav_date             and b.prod_code = c.prod_code) t2"
                        ]
                    }
                }
            },
            {
                "reader": {
                    "name": "${cp_reader}",
                    "parameter": {
                        "username": "${cp_username}",
                        "password": "${cp_password}",
                        "column": [],
                        "connection": [
                            {
                                "table": [
                                    "default_from_table"
                                ],
                                "jdbcUrl": [
                                    "${cp_jdbcUrl}"
                                ]
                            }
                        ]
                    }
                },
                "writer": {
                    "name": "${lc_writer}",
                    "parameter": {
                        "username": "${lc_username}",
                        "password": "${lc_password}",
                        "writeMode": "insert",
                        "batchSize": "${batchSize}",
                        "memstoreThreshold": "${memstoreThreshold}",
                        "column": [],
                        "connection": [
                            {
                                "table": [
                                    "lcinfojob"
                                ],
                                "jdbcUrl": "${lc_jdbcUrl}"
                            }
                        ]
                    }
                }
            },
            {
                "reader": {
                    "name": "${cp_reader}",
                    "parameter": {
                        "username": "${cp_username}",
                        "password": "${cp_password}",
                        "column": [],
                        "connection": [
                            {
                                "table": [
                                    "default_from_table"
                                ],
                                "jdbcUrl": [
                                    "${cp_jdbcUrl}"
                                ]
                            }
                        ]
                    }
                },
                "writer": {
                    "name": "${lc_writer}",
                    "parameter": {
                        "username": "${lc_username}",
                        "password": "${lc_password}",
                        "writeMode": "insert",
                        "batchSize": "${batchSize}",
                        "memstoreThreshold": "${memstoreThreshold}",
                        "column": [],
                        "connection": [
                            {
                                "table": [
                                    "lcinfojob"
                                ],
                                "jdbcUrl": "${lc_jdbcUrl}"
                            }
                        ]
                    }
                }
            }
        ],
        "setting": {
            "speed": {
                "channel": "${channel}"
            },
            "errorLimit": {
                "percentage": "${percentage}"
            }
        }
    }
}