{
    "job": {
        "content": [
            {
                "reader": {
                    "name": "${cp_reader}",
                    "parameter": {
                        "username": "${cp_username}",
                        "password": "${cp_password}",
                        "column": [
                            "otc.SEQ_G2010_PROD_INFO_BASE.Nextval",
                            "a.pro_code",
                            "a.pro_name",
                            "pro_id",
                            "decode(sht_name, null, a.pro_name, sht_name)",
                            "2",
                            "to_date(STL_INT_DT, 'YYYYMMDD') - to_date(START_INT_DT, 'YYYYMMDD') + 1",
                            "STL_RISK_TYPE",
                            "invest_type",
                            "grow_rate_day",
                            "nav",
                            "nav",
                            "acc_net",
                            "unit_yld_rmb",
                            "exp_rate_per_sevenday",
                            "to_char(grp_date, 'YYYYMMDD')",
                            "to_char(down_date, 'YYYYMMDD')",
                            "min_sub * 10000",
                            "add_origin",
                            "exp_rate_per_sevenday",
                            "comm_1w",
                            "comm_1m",
                            "comm_3m",
                            "comm_6m",
                            "comm_1y",
                            "comm_2y",
                            "comm_3y",
                            "comm",
                            "comm_year",
                            "1",
                            "sub_sta",
                            "ref_sta",
                            "sell_sta",
                            "red_sta",
                            "CASE WHEN b.prodcode_status != 8 THEN '1' ELSE '2' END",
                            "CASE WHEN sell_sta = '1' AND (sub_sta = '1' OR ref_sta = '1') THEN '1' ELSE '2' END",
                            "1",
                            "PRO_PROVIDER",
                            "SUP_NAME",
                            "#{bizDate}",
                            "found_date",
                            "manage_fee",
                            "trst_rat",
                            "NET_VALUE_TYPE",
                            "'2'",
                            "INV_OBJ",
                            "INV_RAN",
                            "NAV_DATE",
                            "PRO_EXP",
                            "INV_MNG",
                            "ACT_MAX_SCALE",
                            "START_INT_DT",
                            "STL_INT_DT",
                            "STL_RISK_TYPE",
                            "PRO_KIND",
                            "PRO_TERM",
                            "PRO_VIDEO",
                            "RISK_APPETITE",
                            "PRO_CTRLKIND",
                            "PRO_PCTRLKINDS",
                            "PPROFEINVEST",
                            "PMINLEVEL",
                            "PRO_BUYFLOW",
                            "CALMHOURS",
                            "EXTQTY1",
                            "decode(scheduled_vote, 0, 1, 1, 1, 2, 2, 3, 2)",
                            "IS_EXPECTED_PRO",
                            "plan_type"
                        ],
                        "connection": [
                            {
                                "table": [
                                    "otc.GJ_PRO_OWN_VIEW a left join otc.GJ_OTC_PRODUCT_CAN_BUY b         on b.pro_code = a.pro_code"
                                ],
                                "jdbcUrl": [
                                    "${cp_jdbcUrl}"
                                ]
                            }
                        ]
                    }
                },
                "writer": {
                    "name": "${lc_writer}",
                    "parameter": {
                        "username": "${lc_username}",
                        "password": "${lc_password}",
                        "writeMode": "insert",
                        "batchSize": "${batchSize}",
                        "memstoreThreshold": "${memstoreThreshold}",
                        "column": [
                            "id",
                            "prod_code",
                            "prod_name",
                            "prod_id",
                            "sht_name",
                            "prod_type",
                            "PROD_DAY",
                            "risk_type",
                            "invest_type",
                            "day_add",
                            "new_nav",
                            "one_nav",
                            "acc_net",
                            "unit_yld_rmb",
                            "exp_rate_per_sevenday",
                            "ref_start_date",
                            "ref_end_date",
                            "origin_money",
                            "add_money",
                            "prodpre_ratio",
                            "comm_1w",
                            "comm_1m",
                            "comm_3m",
                            "comm_6m",
                            "comm_1y",
                            "comm_2y",
                            "comm_3y",
                            "comm",
                            "comm_year",
                            "key",
                            "sub_sta",
                            "ref_sta",
                            "sell_sta",
                            "red_sta",
                            "trans_sta",
                            "buy_status",
                            "NO_OPEN_KEY",
                            "PRO_PROVIDER",
                            "SUP_NAME",
                            "bizdate",
                            "found_date",
                            "manage_fee",
                            "fund_tru_fee",
                            "NET_VALUE_TYPE",
                            "DATA_SOURCE",
                            "INV_OBJ",
                            "INV_RAN",
                            "NAV_DATE",
                            "PRO_EXP",
                            "INV_MNG",
                            "ACT_MAX_SCALE",
                            "PROD_BEGIN_DATE",
                            "G_END_DATE",
                            "STL_RISK_TYPE",
                            "PRO_KIND",
                            "PRO_TERM",
                            "PRO_VIDEO",
                            "RISK_APPETITE",
                            "PRO_CTRLKIND",
                            "PRO_PCTRLKINDS",
                            "PPROFEINVEST",
                            "PMINLEVEL",
                            "PRO_BUYFLOW",
                            "CALMHOURS",
                            "EXTQTY1",
                            "FIX_BUY_STA",
                            "IS_EXPECTED_PRO",
                            "plan_type"
                        ],
                        "connection": [
                            {
                                "table": [
                                    "lcinfojob.GJ_PRO_OWN_VIEW a left join otc.GJ_OTC_PRODUCT_CAN_BUY b         on b.pro_code = a.pro_code"
                                ],
                                "jdbcUrl": "${lc_jdbcUrl}"
                            }
                        ],
                        "preSql": "delete table lcinfojob.GJ_PRO_OWN_VIEW a left join otc.GJ_OTC_PRODUCT_CAN_BUY b         on b.pro_code = a.pro_code where prod_type = '2'"
                    }
                }
            },
            {
                "reader": {
                    "name": "${cp_reader}",
                    "parameter": {
                        "username": "${cp_username}",
                        "password": "${cp_password}",
                        "column": [
                            "otc.SEQ_G2010_PROD_INFO_BASE.Nextval",
                            "pro_code",
                            "pro_name",
                            "pro_id",
                            "decode(a.sht_name, null, a.pro_name, a.sht_name)",
                            "2",
                            "STL_RISK_TYPE",
                            "invest_type",
                            "nav",
                            "nav",
                            "to_char(grp_date, 'YYYYMMDD')",
                            "to_char(down_date, 'YYYYMMDD')",
                            "1",
                            "sub_sta",
                            "ref_sta",
                            "sell_sta",
                            "red_sta",
                            "'2'",
                            "1",
                            "PRO_PROVIDER",
                            "SUP_NAME",
                            "#{bizDate}",
                            "found_date",
                            "'2'",
                            "STL_RISK_TYPE",
                            "PRO_KIND",
                            "PRO_TERM",
                            "PRO_VIDEO",
                            "RISK_APPETITE",
                            "PRO_CTRLKIND",
                            "PRO_PCTRLKINDS",
                            "PPROFEINVEST",
                            "PMINLEVEL",
                            "PRO_BUYFLOW",
                            "CALMHOURS",
                            "EXTQTY1"
                        ],
                        "connection": [
                            {
                                "table": [
                                    "otc.pro_fund_account_view a"
                                ],
                                "jdbcUrl": [
                                    "${cp_jdbcUrl}"
                                ]
                            }
                        ]
                    }
                },
                "writer": {
                    "name": "${lc_writer}",
                    "parameter": {
                        "username": "${lc_username}",
                        "password": "${lc_password}",
                        "writeMode": "insert",
                        "batchSize": "${batchSize}",
                        "memstoreThreshold": "${memstoreThreshold}",
                        "column": [
                            "id",
                            "prod_code",
                            "prod_name",
                            "prod_id",
                            "sht_name",
                            "prod_type",
                            "risk_type",
                            "invest_type",
                            "new_nav",
                            "one_nav",
                            "ref_start_date",
                            "ref_end_date",
                            "key",
                            "sub_sta",
                            "ref_sta",
                            "sell_sta",
                            "red_sta",
                            "buy_status",
                            "NO_OPEN_KEY",
                            "PRO_PROVIDER",
                            "SUP_NAME",
                            "bizdate",
                            "found_date",
                            "DATA_SOURCE",
                            "STL_RISK_TYPE",
                            "PRO_KIND",
                            "PRO_TERM",
                            "PRO_VIDEO",
                            "RISK_APPETITE",
                            "PRO_CTRLKIND",
                            "PRO_PCTRLKINDS",
                            "PPROFEINVEST",
                            "PMINLEVEL",
                            "PRO_BUYFLOW",
                            "CALMHOURS",
                            "EXTQTY1"
                        ],
                        "connection": [
                            {
                                "table": [
                                    "lcinfojob.pro_fund_account_view a"
                                ],
                                "jdbcUrl": "${lc_jdbcUrl}"
                            }
                        ]
                    }
                }
            },
            {
                "reader": {
                    "name": "${cp_reader}",
                    "parameter": {
                        "username": "${cp_username}",
                        "password": "${cp_password}",
                        "column": [
                            "to_date(open_date, 'YYYYMMDD')",
                            "phase",
                            "pro_code",
                            "'2'"
                        ],
                        "connection": [
                            {
                                "table": [
                                    "otc.GJ_PRO_OWN_VIEW"
                                ],
                                "jdbcUrl": [
                                    "${cp_jdbcUrl}"
                                ]
                            }
                        ]
                    }
                },
                "writer": {
                    "name": "${lc_writer}",
                    "parameter": {
                        "username": "${lc_username}",
                        "password": "${lc_password}",
                        "writeMode": "insert",
                        "batchSize": "${batchSize}",
                        "memstoreThreshold": "${memstoreThreshold}",
                        "column": [
                            "open_day",
                            "phase",
                            "prod_code",
                            "prod_type"
                        ],
                        "connection": [
                            {
                                "table": [
                                    "lcinfojob.GJ_PRO_OWN_VIEW"
                                ],
                                "jdbcUrl": "${lc_jdbcUrl}"
                            }
                        ],
                        "preSql": [
                            "truncate table lcinfojob.GJ_PRO_OWN_VIEW"
                        ]
                    }
                }
            },
            {
                "reader": {
                    "name": "${cp_reader}",
                    "parameter": {
                        "username": "${cp_username}",
                        "password": "${cp_password}",
                        "column": [
                            "to_date(open_date, 'YYYYMMDD')",
                            "pro_code",
                            "'2'"
                        ],
                        "connection": [
                            {
                                "table": [
                                    "otc.GJ_PRO_OWN_VIEW"
                                ],
                                "jdbcUrl": [
                                    "${cp_jdbcUrl}"
                                ]
                            }
                        ]
                    }
                },
                "writer": {
                    "name": "${lc_writer}",
                    "parameter": {
                        "username": "${lc_username}",
                        "password": "${lc_password}",
                        "writeMode": "insert",
                        "batchSize": "${batchSize}",
                        "memstoreThreshold": "${memstoreThreshold}",
                        "column": [
                            "next_open_day",
                            "prod_code",
                            "prod_type"
                        ],
                        "connection": [
                            {
                                "table": [
                                    "lcinfojob.GJ_PRO_OWN_VIEW"
                                ],
                                "jdbcUrl": "${lc_jdbcUrl}"
                            }
                        ],
                        "preSql": [
                            "truncate table lcinfojob.GJ_PRO_OWN_VIEW"
                        ]
                    }
                }
            },
            {
                "reader": {
                    "name": "${cp_reader}",
                    "parameter": {
                        "username": "${cp_username}",
                        "password": "${cp_password}",
                        "column": [
                            "expected_yield",
                            "fund_code",
                            "'2'"
                        ],
                        "connection": [
                            {
                                "table": [
                                    "(select row_number() over(partition by a.fund_code order by a.end_date desc) rn,                         a.expected_yield,                         a.fund_code                    from otc.gj_pdc_expected_return a where a.phase = '0')"
                                ],
                                "jdbcUrl": [
                                    "${cp_jdbcUrl}"
                                ]
                            }
                        ]
                    }
                },
                "writer": {
                    "name": "${lc_writer}",
                    "parameter": {
                        "username": "${lc_username}",
                        "password": "${lc_password}",
                        "writeMode": "insert",
                        "batchSize": "${batchSize}",
                        "memstoreThreshold": "${memstoreThreshold}",
                        "column": [
                            "pre_prodpre_ratio",
                            "prod_code",
                            "prod_type"
                        ],
                        "connection": [
                            {
                                "table": [
                                    "lcinfojob.fund_code order by a.end_date desc) rn,                         a.expected_yield,                         a.fund_code                    from otc.gj_pdc_expected_return a where a.phase = '0')"
                                ],
                                "jdbcUrl": "${lc_jdbcUrl}"
                            }
                        ],
                        "preSql": [
                            "truncate table lcinfojob.fund_code order by a.end_date desc) rn,                         a.expected_yield,                         a.fund_code                    from otc.gj_pdc_expected_return a where a.phase = '0')"
                        ]
                    }
                }
            },
            {
                "reader": {
                    "name": "${cp_reader}",
                    "parameter": {
                        "username": "${cp_username}",
                        "password": "${cp_password}",
                        "column": [
                            "to_date(open_date)",
                            "pro_code",
                            "'2'"
                        ],
                        "connection": [
                            {
                                "table": [
                                    "(SELECT max(a.open_date) open_date,                 w.pro_code,                 max(w.pro_name) pro_name            FROM otc.GJ_PRO_OWN_VIEW w, otc.gj_pdc_expected_return a           where w.pro_code = a.fund_code             and w.phase in ('2', '1')             and a.open_date < to_date(sysdate)           group by w.pro_code)"
                                ],
                                "jdbcUrl": [
                                    "${cp_jdbcUrl}"
                                ]
                            }
                        ]
                    }
                },
                "writer": {
                    "name": "${lc_writer}",
                    "parameter": {
                        "username": "${lc_username}",
                        "password": "${lc_password}",
                        "writeMode": "insert",
                        "batchSize": "${batchSize}",
                        "memstoreThreshold": "${memstoreThreshold}",
                        "column": [
                            "open_day",
                            "prod_code",
                            "prod_type"
                        ],
                        "connection": [
                            {
                                "table": [
                                    "lcinfojob.open_date) open_date,                 w.pro_code,                 max(w.pro_name) pro_name            FROM otc.GJ_PRO_OWN_VIEW w, otc.gj_pdc_expected_return a           where w.pro_code = a.fund_code             and w.phase in ('2', '1')             and a.open_date < to_date(sysdate)           group by w.pro_code)"
                                ],
                                "jdbcUrl": "${lc_jdbcUrl}"
                            }
                        ],
                        "preSql": [
                            "truncate table lcinfojob.open_date) open_date,                 w.pro_code,                 max(w.pro_name) pro_name            FROM otc.GJ_PRO_OWN_VIEW w, otc.gj_pdc_expected_return a           where w.pro_code = a.fund_code             and w.phase in ('2', '1')             and a.open_date < to_date(sysdate)           group by w.pro_code)"
                        ]
                    }
                }
            },
            {
                "reader": {
                    "name": "${cp_reader}",
                    "parameter": {
                        "username": "${cp_username}",
                        "password": "${cp_password}",
                        "column": [
                            "expected_yield",
                            "fund_code",
                            "'2'"
                        ],
                        "connection": [
                            {
                                "table": [
                                    "otc.gj_pdc_expected_return"
                                ],
                                "jdbcUrl": [
                                    "${cp_jdbcUrl}"
                                ]
                            }
                        ]
                    }
                },
                "writer": {
                    "name": "${lc_writer}",
                    "parameter": {
                        "username": "${lc_username}",
                        "password": "${lc_password}",
                        "writeMode": "insert",
                        "batchSize": "${batchSize}",
                        "memstoreThreshold": "${memstoreThreshold}",
                        "column": [
                            "next_prodpre_ratio",
                            "prod_code",
                            "prod_type"
                        ],
                        "connection": [
                            {
                                "table": [
                                    "lcinfojob.gj_pdc_expected_return"
                                ],
                                "jdbcUrl": "${lc_jdbcUrl}"
                            }
                        ],
                        "preSql": [
                            "truncate table lcinfojob.gj_pdc_expected_return"
                        ]
                    }
                }
            },
            {
                "reader": {
                    "name": "${cp_reader}",
                    "parameter": {
                        "username": "${cp_username}",
                        "password": "${cp_password}",
                        "column": [
                            "'1'",
                            "STOCK_CODE",
                            "'2'"
                        ],
                        "connection": [
                            {
                                "table": [
                                    "otc.GJ_OTC_PRODUCT_SELL"
                                ],
                                "jdbcUrl": [
                                    "${cp_jdbcUrl}"
                                ]
                            }
                        ]
                    }
                },
                "writer": {
                    "name": "${lc_writer}",
                    "parameter": {
                        "username": "${lc_username}",
                        "password": "${lc_password}",
                        "writeMode": "insert",
                        "batchSize": "${batchSize}",
                        "memstoreThreshold": "${memstoreThreshold}",
                        "column": [
                            "DATA_SOURCE",
                            "prod_code",
                            "prod_type"
                        ],
                        "connection": [
                            {
                                "table": [
                                    "lcinfojob.GJ_OTC_PRODUCT_SELL"
                                ],
                                "jdbcUrl": "${lc_jdbcUrl}"
                            }
                        ],
                        "preSql": [
                            "truncate table lcinfojob.GJ_OTC_PRODUCT_SELL"
                        ]
                    }
                }
            },
            {
                "reader": {
                    "name": "${cp_reader}",
                    "parameter": {
                        "username": "${cp_username}",
                        "password": "${cp_password}",
                        "column": [
                            "sub_sta",
                            "ref_sta",
                            "red_sta",
                            "to_char(begin_date, 'YYYYMMDD')",
                            "to_char(end_date, 'YYYYMMDD')",
                            "deadline",
                            "sub_date",
                            "yield * 100",
                            "next_open_day",
                            "yield * 100",
                            "PRO_KIND",
                            "STL_RISK_TYPE",
                            "PRO_TERM",
                            "PRO_VIDEO",
                            "RISK_APPETITE",
                            "PRO_CTRLKIND",
                            "PRO_PCTRLKINDS",
                            "PPROFEINVEST",
                            "PMINLEVEL",
                            "PRO_BUYFLOW",
                            "CALMHOURS",
                            "EXTQTY1",
                            "pro_code",
                            "'2'"
                        ],
                        "connection": [
                            {
                                "table": [
                                    "otc.GJ_ZG_VW_PDC_EXPECTED_RETURN"
                                ],
                                "jdbcUrl": [
                                    "${cp_jdbcUrl}"
                                ]
                            }
                        ]
                    }
                },
                "writer": {
                    "name": "${lc_writer}",
                    "parameter": {
                        "username": "${lc_username}",
                        "password": "${lc_password}",
                        "writeMode": "insert",
                        "batchSize": "${batchSize}",
                        "memstoreThreshold": "${memstoreThreshold}",
                        "column": [
                            "sub_sta",
                            "ref_sta",
                            "red_sta",
                            "PROD_BEGIN_DATE",
                            "G_END_DATE",
                            "PROD_DAY",
                            "open_day",
                            "prodpre_ratio",
                            "next_open_day",
                            "exp_rate_per_sevenday",
                            "PRO_KIND",
                            "STL_RISK_TYPE",
                            "PRO_TERM",
                            "PRO_VIDEO",
                            "RISK_APPETITE",
                            "PRO_CTRLKIND",
                            "PRO_PCTRLKINDS",
                            "PPROFEINVEST",
                            "PMINLEVEL",
                            "PRO_BUYFLOW",
                            "CALMHOURS",
                            "EXTQTY1",
                            "prod_code",
                            "prod_type"
                        ],
                        "connection": [
                            {
                                "table": [
                                    "lcinfojob.GJ_ZG_VW_PDC_EXPECTED_RETURN"
                                ],
                                "jdbcUrl": "${lc_jdbcUrl}"
                            }
                        ],
                        "preSql": [
                            "truncate table lcinfojob.GJ_ZG_VW_PDC_EXPECTED_RETURN"
                        ]
                    }
                }
            },
            {
                "reader": {
                    "name": "${cp_reader}",
                    "parameter": {
                        "username": "${cp_username}",
                        "password": "${cp_password}",
                        "column": [],
                        "connection": [
                            {
                                "table": [
                                    "default_from_table"
                                ],
                                "jdbcUrl": [
                                    "${cp_jdbcUrl}"
                                ]
                            }
                        ]
                    }
                },
                "writer": {
                    "name": "${lc_writer}",
                    "parameter": {
                        "username": "${lc_username}",
                        "password": "${lc_password}",
                        "writeMode": "insert",
                        "batchSize": "${batchSize}",
                        "memstoreThreshold": "${memstoreThreshold}",
                        "column": [],
                        "connection": [
                            {
                                "table": [
                                    "lcinfojob"
                                ],
                                "jdbcUrl": "${lc_jdbcUrl}"
                            }
                        ]
                    }
                }
            },
            {
                "reader": {
                    "name": "${cp_reader}",
                    "parameter": {
                        "username": "${cp_username}",
                        "password": "${cp_password}",
                        "column": [
                            "replace(to_char(rate_value), '%', '')",
                            "pro_code",
                            "'2'"
                        ],
                        "connection": [
                            {
                                "table": [
                                    "otc.gj_pro_own_fee"
                                ],
                                "jdbcUrl": [
                                    "${cp_jdbcUrl}"
                                ]
                            }
                        ]
                    }
                },
                "writer": {
                    "name": "${lc_writer}",
                    "parameter": {
                        "username": "${lc_username}",
                        "password": "${lc_password}",
                        "writeMode": "insert",
                        "batchSize": "${batchSize}",
                        "memstoreThreshold": "${memstoreThreshold}",
                        "column": [
                            "manage_fee",
                            "prod_code",
                            "prod_type"
                        ],
                        "connection": [
                            {
                                "table": [
                                    "lcinfojob.gj_pro_own_fee"
                                ],
                                "jdbcUrl": "${lc_jdbcUrl}"
                            }
                        ],
                        "preSql": [
                            "truncate table lcinfojob.gj_pro_own_fee"
                        ]
                    }
                }
            },
            {
                "reader": {
                    "name": "${cp_reader}",
                    "parameter": {
                        "username": "${cp_username}",
                        "password": "${cp_password}",
                        "column": [
                            "replace(to_char(rate_value), '%', '')",
                            "pro_code",
                            "'2'"
                        ],
                        "connection": [
                            {
                                "table": [
                                    "otc.gj_pro_own_fee"
                                ],
                                "jdbcUrl": [
                                    "${cp_jdbcUrl}"
                                ]
                            }
                        ]
                    }
                },
                "writer": {
                    "name": "${lc_writer}",
                    "parameter": {
                        "username": "${lc_username}",
                        "password": "${lc_password}",
                        "writeMode": "insert",
                        "batchSize": "${batchSize}",
                        "memstoreThreshold": "${memstoreThreshold}",
                        "column": [
                            "fund_tru_fee",
                            "prod_code",
                            "prod_type"
                        ],
                        "connection": [
                            {
                                "table": [
                                    "lcinfojob.gj_pro_own_fee"
                                ],
                                "jdbcUrl": "${lc_jdbcUrl}"
                            }
                        ],
                        "preSql": [
                            "truncate table lcinfojob.gj_pro_own_fee"
                        ]
                    }
                }
            },
            {
                "reader": {
                    "name": "${cp_reader}",
                    "parameter": {
                        "username": "${cp_username}",
                        "password": "${cp_password}",
                        "column": [
                            "'prod_type = ''2'''"
                        ],
                        "connection": [
                            {
                                "table": [
                                    "dual"
                                ],
                                "jdbcUrl": [
                                    "${cp_jdbcUrl}"
                                ]
                            }
                        ]
                    }
                },
                "writer": {
                    "name": "${lc_writer}",
                    "parameter": {
                        "username": "${lc_username}",
                        "password": "${lc_password}",
                        "writeMode": "insert",
                        "batchSize": "${batchSize}",
                        "memstoreThreshold": "${memstoreThreshold}",
                        "column": [
                            "prodType"
                        ],
                        "connection": [
                            {
                                "table": [
                                    "lcinfojob"
                                ],
                                "jdbcUrl": "${lc_jdbcUrl}"
                            }
                        ]
                    }
                }
            },
            {
                "reader": {
                    "name": "${cp_reader}",
                    "parameter": {
                        "username": "${cp_username}",
                        "password": "${cp_password}",
                        "column": [],
                        "connection": [
                            {
                                "table": [
                                    "default_from_table"
                                ],
                                "jdbcUrl": [
                                    "${cp_jdbcUrl}"
                                ]
                            }
                        ]
                    }
                },
                "writer": {
                    "name": "${lc_writer}",
                    "parameter": {
                        "username": "${lc_username}",
                        "password": "${lc_password}",
                        "writeMode": "insert",
                        "batchSize": "${batchSize}",
                        "memstoreThreshold": "${memstoreThreshold}",
                        "column": [],
                        "connection": [
                            {
                                "table": [
                                    "lcinfojob"
                                ],
                                "jdbcUrl": "${lc_jdbcUrl}"
                            }
                        ]
                    }
                }
            }
        ],
        "setting": {
            "speed": {
                "channel": "${channel}"
            },
            "errorLimit": {
                "percentage": "${percentage}"
            }
        }
    }
}