{
    "job": {
        "content": [
            {
                "reader": {
                    "name": "${cp_reader}",
                    "parameter": {
                        "username": "${cp_username}",
                        "password": "${cp_password}",
                        "column": [
                            "otc.SEQ_G2010_PROD_INFO_BASE.Nextval",
                            "robot_id",
                            "robot_name",
                            "robot_name",
                            "'S'",
                            "risk_code",
                            "risk_code",
                            "to_char(create_dt,'YYYYMMDD')",
                            "to_char(modify_dt,'YYYYMMDD')",
                            "decode(public_status, '1', '1', '2')",
                            "pct",
                            "pct1m",
                            "pct3m",
                            "pct6m",
                            "pct1y"
                        ],
                        "connection": [
                            {
                                "table": [
                                    "otc.gj_sz_v_pro_robots"
                                ],
                                "jdbcUrl": [
                                    "${cp_jdbcUrl}"
                                ]
                            }
                        ]
                    }
                },
                "writer": {
                    "name": "${lc_writer}",
                    "parameter": {
                        "username": "${lc_username}",
                        "password": "${lc_password}",
                        "writeMode": "insert",
                        "batchSize": "${batchSize}",
                        "memstoreThreshold": "${memstoreThreshold}",
                        "column": [
                            "id",
                            "prod_code",
                            "prod_name",
                            "sht_name",
                            "prod_type",
                            "risk_type",
                            "STL_RISK_TYPE",
                            "REF_START_DATE",
                            "REF_END_DATE",
                            "buy_status",
                            "comm",
                            "comm_1m",
                            "comm_3m",
                            "comm_6m",
                            "comm_1y"
                        ],
                        "connection": [
                            {
                                "table": [
                                    "lcinfojob.gj_sz_v_pro_robots"
                                ],
                                "jdbcUrl": "${lc_jdbcUrl}"
                            }
                        ],
                        "preSql": "delete table lcinfojob.gj_sz_v_pro_robots where prod_type = 'S'"
                    }
                }
            },
            {
                "reader": {
                    "name": "${cp_reader}",
                    "parameter": {
                        "username": "${cp_username}",
                        "password": "${cp_password}",
                        "column": [],
                        "connection": [
                            {
                                "table": [
                                    "default_from_table"
                                ],
                                "jdbcUrl": [
                                    "${cp_jdbcUrl}"
                                ]
                            }
                        ]
                    }
                },
                "writer": {
                    "name": "${lc_writer}",
                    "parameter": {
                        "username": "${lc_username}",
                        "password": "${lc_password}",
                        "writeMode": "insert",
                        "batchSize": "${batchSize}",
                        "memstoreThreshold": "${memstoreThreshold}",
                        "column": [],
                        "connection": [
                            {
                                "table": [
                                    "lcinfojob"
                                ],
                                "jdbcUrl": "${lc_jdbcUrl}"
                            }
                        ]
                    }
                }
            },
            {
                "reader": {
                    "name": "${cp_reader}",
                    "parameter": {
                        "username": "${cp_username}",
                        "password": "${cp_password}",
                        "column": [
                            "'prod_type = ''S'''"
                        ],
                        "connection": [
                            {
                                "table": [
                                    "dual"
                                ],
                                "jdbcUrl": [
                                    "${cp_jdbcUrl}"
                                ]
                            }
                        ]
                    }
                },
                "writer": {
                    "name": "${lc_writer}",
                    "parameter": {
                        "username": "${lc_username}",
                        "password": "${lc_password}",
                        "writeMode": "insert",
                        "batchSize": "${batchSize}",
                        "memstoreThreshold": "${memstoreThreshold}",
                        "column": [
                            "prodType"
                        ],
                        "connection": [
                            {
                                "table": [
                                    "lcinfojob"
                                ],
                                "jdbcUrl": "${lc_jdbcUrl}"
                            }
                        ]
                    }
                }
            },
            {
                "reader": {
                    "name": "${cp_reader}",
                    "parameter": {
                        "username": "${cp_username}",
                        "password": "${cp_password}",
                        "column": [],
                        "connection": [
                            {
                                "table": [
                                    "default_from_table"
                                ],
                                "jdbcUrl": [
                                    "${cp_jdbcUrl}"
                                ]
                            }
                        ]
                    }
                },
                "writer": {
                    "name": "${lc_writer}",
                    "parameter": {
                        "username": "${lc_username}",
                        "password": "${lc_password}",
                        "writeMode": "insert",
                        "batchSize": "${batchSize}",
                        "memstoreThreshold": "${memstoreThreshold}",
                        "column": [],
                        "connection": [
                            {
                                "table": [
                                    "lcinfojob"
                                ],
                                "jdbcUrl": "${lc_jdbcUrl}"
                            }
                        ]
                    }
                }
            }
        ],
        "setting": {
            "speed": {
                "channel": "${channel}"
            },
            "errorLimit": {
                "percentage": "${percentage}"
            }
        }
    }
}