{
    "job": {
        "content": [
            {
                "reader": {
                    "name": "${cp_reader}",
                    "parameter": {
                        "username": "${cp_username}",
                        "password": "${cp_password}",
                        "column": [
                            "otc.SEQ_G2010_PROD_INFO_BASE.Nextval",
                            "prod_code",
                            "prod_name",
                            "0",
                            "1",
                            "2",
                            "2",
                            "1",
                            "#{bizDate}",
                            "1"
                        ],
                        "connection": [
                            {
                                "table": [
                                    "otc.GJ_G2010_VIRTUAL_PROD_INFO"
                                ],
                                "jdbcUrl": [
                                    "${cp_jdbcUrl}"
                                ]
                            }
                        ]
                    }
                },
                "writer": {
                    "name": "${lc_writer}",
                    "parameter": {
                        "username": "${lc_username}",
                        "password": "${lc_password}",
                        "writeMode": "insert",
                        "batchSize": "${batchSize}",
                        "memstoreThreshold": "${memstoreThreshold}",
                        "column": [
                            "id",
                            "prod_code",
                            "prod_name",
                            "prod_type",
                            "key",
                            "sell_sta",
                            "red_sta",
                            "buy_status",
                            "bizdate",
                            "NO_OPEN_KEY"
                        ],
                        "connection": [
                            {
                                "table": [
                                    "lcinfojob.GJ_G2010_VIRTUAL_PROD_INFO"
                                ],
                                "jdbcUrl": "${lc_jdbcUrl}"
                            }
                        ],
                        "preSql": "delete table lcinfojob.GJ_G2010_VIRTUAL_PROD_INFO where prod_type = '0'"
                    }
                }
            },
            {
                "reader": {
                    "name": "${cp_reader}",
                    "parameter": {
                        "username": "${cp_username}",
                        "password": "${cp_password}",
                        "column": [
                            "SHT_NAME",
                            "RATE",
                            "PROD_LABEL",
                            "PROD_DAY",
                            "RISK_TYPE",
                            "INVEST_TYPE",
                            "DAY_ADD",
                            "NEW_NAV",
                            "ONE_NAV",
                            "ACC_NET",
                            "UNIT_YLD_RMB",
                            "RATE_1Y",
                            "EXP_RATE_PER_SEVENDAY",
                            "FUND_RANK_1Y",
                            "REF_START_DATE",
                            "REF_END_DATE",
                            "MOST_ORIGIN_MONEY",
                            "ORIGIN_MONEY",
                            "ADD_MONEY",
                            "PRODPRE_RATIO",
                            "LEAVE_MONEY",
                            "PROD_DETAIL",
                            "PROD_DETAIL_MORE",
                            "SELL_1W",
                            "SELL_15D",
                            "SELL_1M",
                            "SELL_3M",
                            "SELL_6M",
                            "SELL_1Y",
                            "COMM_1W",
                            "COMM_15D",
                            "COMM_1M",
                            "COMM_3M",
                            "COMM_6M",
                            "COMM_1Y",
                            "DT_COMM_1Y",
                            "dt_comm_2y",
                            "dt_comm_3y",
                            "dt_comm_5y",
                            "KEY",
                            "SUB_STA",
                            "REF_STA",
                            "SELL_STA",
                            "RED_STA",
                            "TRANS_STA",
                            "FIX_BUY_STA",
                            "CANCEL_TRANS_STA",
                            "NO_OPEN_KEY",
                            "PROD_ID",
                            "COMM_3Y",
                            "BUY_STATUS",
                            "COMM",
                            "COMM_YEAR",
                            "PRO_PROVIDER",
                            "SUP_NAME",
                            "G_BEGIN_DATE",
                            "G_END_DATE",
                            "NET_VALUE_TYPE",
                            "PROD_BEGIN_DATE",
                            "STOCK_CODE",
                            "INV_OBJ",
                            "INV_RAN",
                            "FOUND_DATE",
                            "MANAGE_FEE",
                            "FUND_TRU_FEE",
                            "INCOME_TYPE",
                            "TRUSTEE_BANK",
                            "DATA_SOURCE",
                            "NAV_DATE",
                            "COMM_2Y",
                            "NEXT_OPEN_DAY",
                            "OPEN_DAY",
                            "PRO_EXP",
                            "INV_MNG",
                            "ACT_MAX_SCALE",
                            "AUTOBUYFLAG",
                            "PRODPRE_RATIO1",
                            "MAX_SUBSCRIBE_NUM",
                            "NEXT_PRODPRE_RATIO",
                            "PRODTA_NO",
                            "JZJY_STATUS",
                            "MANAGER_ID",
                            "REDEEMDAYS",
                            "INDIDAYMAXSUMBUY",
                            "INSTDAYMAXSUMBUY",
                            "PHASE",
                            "xn_prod_code"
                        ],
                        "connection": [
                            {
                                "table": [
                                    "(select a.*, b.prod_code xn_prod_code            from otc.gj_g2010_prod_info_base a, otc.GJ_G2010_VIRTUAL_PROD_INFO b           where a.prod_code = b.rel_prod_code             and type in ('1', '2', '3','4')) t2"
                                ],
                                "jdbcUrl": [
                                    "${cp_jdbcUrl}"
                                ]
                            }
                        ]
                    }
                },
                "writer": {
                    "name": "${lc_writer}",
                    "parameter": {
                        "username": "${lc_username}",
                        "password": "${lc_password}",
                        "writeMode": "insert",
                        "batchSize": "${batchSize}",
                        "memstoreThreshold": "${memstoreThreshold}",
                        "column": [
                            "SHT_NAME",
                            "RATE",
                            "PROD_LABEL",
                            "PROD_DAY",
                            "RISK_TYPE",
                            "INVEST_TYPE",
                            "DAY_ADD",
                            "NEW_NAV",
                            "ONE_NAV",
                            "ACC_NET",
                            "UNIT_YLD_RMB",
                            "RATE_1Y",
                            "EXP_RATE_PER_SEVENDAY",
                            "FUND_RANK_1Y",
                            "REF_START_DATE",
                            "REF_END_DATE",
                            "MOST_ORIGIN_MONEY",
                            "ORIGIN_MONEY",
                            "ADD_MONEY",
                            "PRODPRE_RATIO",
                            "LEAVE_MONEY",
                            "PROD_DETAIL",
                            "PROD_DETAIL_MORE",
                            "SELL_1W",
                            "SELL_15D",
                            "SELL_1M",
                            "SELL_3M",
                            "SELL_6M",
                            "SELL_1Y",
                            "COMM_1W",
                            "COMM_15D",
                            "COMM_1M",
                            "COMM_3M",
                            "COMM_6M",
                            "COMM_1Y",
                            "DT_COMM_1Y",
                            "dt_comm_2y",
                            "dt_comm_3y",
                            "dt_comm_5y",
                            "KEY",
                            "SUB_STA",
                            "REF_STA",
                            "SELL_STA",
                            "RED_STA",
                            "TRANS_STA",
                            "FIX_BUY_STA",
                            "CANCEL_TRANS_STA",
                            "NO_OPEN_KEY",
                            "PROD_ID",
                            "COMM_3Y",
                            "BUY_STATUS",
                            "COMM",
                            "COMM_YEAR",
                            "PRO_PROVIDER",
                            "SUP_NAME",
                            "G_BEGIN_DATE",
                            "G_END_DATE",
                            "NET_VALUE_TYPE",
                            "PROD_BEGIN_DATE",
                            "STOCK_CODE",
                            "INV_OBJ",
                            "INV_RAN",
                            "FOUND_DATE",
                            "MANAGE_FEE",
                            "FUND_TRU_FEE",
                            "INCOME_TYPE",
                            "TRUSTEE_BANK",
                            "DATA_SOURCE",
                            "NAV_DATE",
                            "COMM_2Y",
                            "NEXT_OPEN_DAY",
                            "OPEN_DAY",
                            "PRO_EXP",
                            "INV_MNG",
                            "ACT_MAX_SCALE",
                            "AUTOBUYFLAG",
                            "PRODPRE_RATIO1",
                            "MAX_SUBSCRIBE_NUM",
                            "NEXT_PRODPRE_RATIO",
                            "PRODTA_NO",
                            "JZJY_STATUS",
                            "MANAGER_ID",
                            "REDEEMDAYS",
                            "INDIDAYMAXSUMBUY",
                            "INSTDAYMAXSUMBUY",
                            "PHASE",
                            "prod_code"
                        ],
                        "connection": [
                            {
                                "table": [
                                    "lcinfojob.*, b.prod_code xn_prod_code            from otc.gj_g2010_prod_info_base a, otc.GJ_G2010_VIRTUAL_PROD_INFO b           where a.prod_code = b.rel_prod_code             and type in ('1', '2', '3','4')) t2"
                                ],
                                "jdbcUrl": "${lc_jdbcUrl}"
                            }
                        ],
                        "preSql": [
                            "truncate table lcinfojob.*, b.prod_code xn_prod_code            from otc.gj_g2010_prod_info_base a, otc.GJ_G2010_VIRTUAL_PROD_INFO b           where a.prod_code = b.rel_prod_code             and type in ('1', '2', '3','4')) t2"
                        ]
                    }
                }
            },
            {
                "reader": {
                    "name": "${cp_reader}",
                    "parameter": {
                        "username": "${cp_username}",
                        "password": "${cp_password}",
                        "column": [
                            "'prod_type = ''0'''"
                        ],
                        "connection": [
                            {
                                "table": [
                                    "dual"
                                ],
                                "jdbcUrl": [
                                    "${cp_jdbcUrl}"
                                ]
                            }
                        ]
                    }
                },
                "writer": {
                    "name": "${lc_writer}",
                    "parameter": {
                        "username": "${lc_username}",
                        "password": "${lc_password}",
                        "writeMode": "insert",
                        "batchSize": "${batchSize}",
                        "memstoreThreshold": "${memstoreThreshold}",
                        "column": [
                            "prodType"
                        ],
                        "connection": [
                            {
                                "table": [
                                    "lcinfojob"
                                ],
                                "jdbcUrl": "${lc_jdbcUrl}"
                            }
                        ]
                    }
                }
            },
            {
                "reader": {
                    "name": "${cp_reader}",
                    "parameter": {
                        "username": "${cp_username}",
                        "password": "${cp_password}",
                        "column": [],
                        "connection": [
                            {
                                "table": [
                                    "default_from_table"
                                ],
                                "jdbcUrl": [
                                    "${cp_jdbcUrl}"
                                ]
                            }
                        ]
                    }
                },
                "writer": {
                    "name": "${lc_writer}",
                    "parameter": {
                        "username": "${lc_username}",
                        "password": "${lc_password}",
                        "writeMode": "insert",
                        "batchSize": "${batchSize}",
                        "memstoreThreshold": "${memstoreThreshold}",
                        "column": [],
                        "connection": [
                            {
                                "table": [
                                    "lcinfojob"
                                ],
                                "jdbcUrl": "${lc_jdbcUrl}"
                            }
                        ]
                    }
                }
            },
            {
                "reader": {
                    "name": "${cp_reader}",
                    "parameter": {
                        "username": "${cp_username}",
                        "password": "${cp_password}",
                        "column": [],
                        "connection": [
                            {
                                "table": [
                                    "default_from_table"
                                ],
                                "jdbcUrl": [
                                    "${cp_jdbcUrl}"
                                ]
                            }
                        ]
                    }
                },
                "writer": {
                    "name": "${lc_writer}",
                    "parameter": {
                        "username": "${lc_username}",
                        "password": "${lc_password}",
                        "writeMode": "insert",
                        "batchSize": "${batchSize}",
                        "memstoreThreshold": "${memstoreThreshold}",
                        "column": [],
                        "connection": [
                            {
                                "table": [
                                    "lcinfojob"
                                ],
                                "jdbcUrl": "${lc_jdbcUrl}"
                            }
                        ]
                    }
                }
            },
            {
                "reader": {
                    "name": "${cp_reader}",
                    "parameter": {
                        "username": "${cp_username}",
                        "password": "${cp_password}",
                        "column": [
                            "otc.SEQ_G2010_PROD_INFO_BASE.Nextval",
                            "prod_code",
                            "prod_name",
                            "'C'",
                            "1",
                            "2",
                            "2",
                            "2",
                            "#{bizDate}",
                            "1"
                        ],
                        "connection": [
                            {
                                "table": [
                                    "otc.GJ_G2010_VIRTUAL_PROD_INFO"
                                ],
                                "jdbcUrl": [
                                    "${cp_jdbcUrl}"
                                ]
                            }
                        ]
                    }
                },
                "writer": {
                    "name": "${lc_writer}",
                    "parameter": {
                        "username": "${lc_username}",
                        "password": "${lc_password}",
                        "writeMode": "insert",
                        "batchSize": "${batchSize}",
                        "memstoreThreshold": "${memstoreThreshold}",
                        "column": [
                            "id",
                            "prod_code",
                            "prod_name",
                            "prod_type",
                            "key",
                            "sell_sta",
                            "red_sta",
                            "buy_status",
                            "bizdate",
                            "NO_OPEN_KEY"
                        ],
                        "connection": [
                            {
                                "table": [
                                    "lcinfojob.GJ_G2010_VIRTUAL_PROD_INFO"
                                ],
                                "jdbcUrl": "${lc_jdbcUrl}"
                            }
                        ],
                        "preSql": "delete table lcinfojob.GJ_G2010_VIRTUAL_PROD_INFO where prod_type = 'C'"
                    }
                }
            },
            {
                "reader": {
                    "name": "${cp_reader}",
                    "parameter": {
                        "username": "${cp_username}",
                        "password": "${cp_password}",
                        "column": [
                            "SHT_NAME",
                            "RATE",
                            "RISK_TYPE",
                            "INVEST_TYPE",
                            "DAY_ADD",
                            "NEW_NAV",
                            "ONE_NAV",
                            "ACC_NET",
                            "UNIT_YLD_RMB",
                            "RATE_1Y",
                            "EXP_RATE_PER_SEVENDAY",
                            "FUND_RANK_1Y",
                            "REF_START_DATE",
                            "REF_END_DATE",
                            "MOST_ORIGIN_MONEY",
                            "ORIGIN_MONEY",
                            "ADD_MONEY",
                            "PRODPRE_RATIO",
                            "LEAVE_MONEY",
                            "PROD_DETAIL",
                            "PROD_DETAIL_MORE",
                            "SELL_1W",
                            "SELL_15D",
                            "SELL_1M",
                            "SELL_3M",
                            "SELL_6M",
                            "SELL_1Y",
                            "COMM_1W",
                            "COMM_15D",
                            "COMM_1M",
                            "COMM_3M",
                            "COMM_6M",
                            "COMM_1Y",
                            "KEY",
                            "SUB_STA",
                            "REF_STA",
                            "SELL_STA",
                            "RED_STA",
                            "TRANS_STA",
                            "FIX_BUY_STA",
                            "CANCEL_TRANS_STA",
                            "NO_OPEN_KEY",
                            "PROD_ID",
                            "COMM_3Y",
                            "BUY_STATUS",
                            "COMM",
                            "COMM_YEAR",
                            "PRO_PROVIDER",
                            "SUP_NAME",
                            "G_BEGIN_DATE",
                            "G_END_DATE",
                            "NET_VALUE_TYPE",
                            "PROD_BEGIN_DATE",
                            "STOCK_CODE",
                            "INV_OBJ",
                            "INV_RAN",
                            "BIZDATE",
                            "FOUND_DATE",
                            "MANAGE_FEE",
                            "FUND_TRU_FEE",
                            "INCOME_TYPE",
                            "TRUSTEE_BANK",
                            "DATA_SOURCE",
                            "NAV_DATE",
                            "COMM_2Y",
                            "NEXT_OPEN_DAY",
                            "OPEN_DAY",
                            "PRO_EXP",
                            "INV_MNG",
                            "PY_NAME",
                            "PRODTA_NO",
                            "ORG_APPEND_BALANCE",
                            "PROD_MANAGER",
                            "PROD_TRUSTEE",
                            "TOSOURCE",
                            "HQB_STATUS",
                            "JZJY_STATUS",
                            "TK_STATUS",
                            "BUY_UNIT",
                            "SELL_UNIT",
                            "MIN_ORGFBUY_BALANCE",
                            "MIN_PERFBUY_BALANCE",
                            "IDENTITY_TYPE",
                            "CX_LVL",
                            "HT_LVL",
                            "PUR_RATE_DISCOUNT",
                            "IS_QDII",
                            "LIQUIDITY_INDICATORS",
                            "IS_LCJJ",
                            "NEW_SHARE",
                            "NEW_SCALE",
                            "PRE_PRODPRE_RATIO",
                            "SEP_PROPERTY",
                            "APP_DT",
                            "RED_DT",
                            "IS_EXPECTED_PRO",
                            "CONVERT_STA",
                            "MIN_ORGFAPP_BALANCE",
                            "MIN_PERFAPP_BALANCE",
                            "MANAGER_ID",
                            "PERFORM_BASIS",
                            "SUM_SUB_BALANCE",
                            "REDEEMDAYS",
                            "INDIDAYMAXSUMBUY",
                            "INSTDAYMAXSUMBUY",
                            "PLAN_TYPE",
                            "xn_prod_code",
                            "'C'"
                        ],
                        "connection": [
                            {
                                "table": [
                                    "(select a.*, b.prod_code xn_prod_code            from otc.gj_g2010_prod_info_base a, otc.GJ_G2010_VIRTUAL_PROD_INFO b           where a.prod_code = b.rel_prod_code             and b.type = '9'             and a.prod_type = '1') t2"
                                ],
                                "jdbcUrl": [
                                    "${cp_jdbcUrl}"
                                ]
                            }
                        ]
                    }
                },
                "writer": {
                    "name": "${lc_writer}",
                    "parameter": {
                        "username": "${lc_username}",
                        "password": "${lc_password}",
                        "writeMode": "insert",
                        "batchSize": "${batchSize}",
                        "memstoreThreshold": "${memstoreThreshold}",
                        "column": [
                            "SHT_NAME",
                            "RATE",
                            "RISK_TYPE",
                            "INVEST_TYPE",
                            "DAY_ADD",
                            "NEW_NAV",
                            "ONE_NAV",
                            "ACC_NET",
                            "UNIT_YLD_RMB",
                            "RATE_1Y",
                            "EXP_RATE_PER_SEVENDAY",
                            "FUND_RANK_1Y",
                            "REF_START_DATE",
                            "REF_END_DATE",
                            "MOST_ORIGIN_MONEY",
                            "ORIGIN_MONEY",
                            "ADD_MONEY",
                            "PRODPRE_RATIO",
                            "LEAVE_MONEY",
                            "PROD_DETAIL",
                            "PROD_DETAIL_MORE",
                            "SELL_1W",
                            "SELL_15D",
                            "SELL_1M",
                            "SELL_3M",
                            "SELL_6M",
                            "SELL_1Y",
                            "COMM_1W",
                            "COMM_15D",
                            "COMM_1M",
                            "COMM_3M",
                            "COMM_6M",
                            "COMM_1Y",
                            "KEY",
                            "SUB_STA",
                            "REF_STA",
                            "SELL_STA",
                            "RED_STA",
                            "TRANS_STA",
                            "FIX_BUY_STA",
                            "CANCEL_TRANS_STA",
                            "NO_OPEN_KEY",
                            "PROD_ID",
                            "COMM_3Y",
                            "BUY_STATUS",
                            "COMM",
                            "COMM_YEAR",
                            "PRO_PROVIDER",
                            "SUP_NAME",
                            "G_BEGIN_DATE",
                            "G_END_DATE",
                            "NET_VALUE_TYPE",
                            "PROD_BEGIN_DATE",
                            "STOCK_CODE",
                            "INV_OBJ",
                            "INV_RAN",
                            "BIZDATE",
                            "FOUND_DATE",
                            "MANAGE_FEE",
                            "FUND_TRU_FEE",
                            "INCOME_TYPE",
                            "TRUSTEE_BANK",
                            "DATA_SOURCE",
                            "NAV_DATE",
                            "COMM_2Y",
                            "NEXT_OPEN_DAY",
                            "OPEN_DAY",
                            "PRO_EXP",
                            "INV_MNG",
                            "PY_NAME",
                            "PRODTA_NO",
                            "ORG_APPEND_BALANCE",
                            "PROD_MANAGER",
                            "PROD_TRUSTEE",
                            "TOSOURCE",
                            "HQB_STATUS",
                            "JZJY_STATUS",
                            "TK_STATUS",
                            "BUY_UNIT",
                            "SELL_UNIT",
                            "MIN_ORGFBUY_BALANCE",
                            "MIN_PERFBUY_BALANCE",
                            "IDENTITY_TYPE",
                            "CX_LVL",
                            "HT_LVL",
                            "PUR_RATE_DISCOUNT",
                            "IS_QDII",
                            "LIQUIDITY_INDICATORS",
                            "IS_LCJJ",
                            "NEW_SHARE",
                            "NEW_SCALE",
                            "PRE_PRODPRE_RATIO",
                            "SEP_PROPERTY",
                            "APP_DT",
                            "RED_DT",
                            "IS_EXPECTED_PRO",
                            "CONVERT_STA",
                            "MIN_ORGFAPP_BALANCE",
                            "MIN_PERFAPP_BALANCE",
                            "MANAGER_ID",
                            "PERFORM_BASIS",
                            "SUM_SUB_BALANCE",
                            "REDEEMDAYS",
                            "INDIDAYMAXSUMBUY",
                            "INSTDAYMAXSUMBUY",
                            "PLAN_TYPE",
                            "prod_code",
                            "prod_type"
                        ],
                        "connection": [
                            {
                                "table": [
                                    "lcinfojob.*, b.prod_code xn_prod_code            from otc.gj_g2010_prod_info_base a, otc.GJ_G2010_VIRTUAL_PROD_INFO b           where a.prod_code = b.rel_prod_code             and b.type = '9'             and a.prod_type = '1') t2"
                                ],
                                "jdbcUrl": "${lc_jdbcUrl}"
                            }
                        ],
                        "preSql": [
                            "truncate table lcinfojob.*, b.prod_code xn_prod_code            from otc.gj_g2010_prod_info_base a, otc.GJ_G2010_VIRTUAL_PROD_INFO b           where a.prod_code = b.rel_prod_code             and b.type = '9'             and a.prod_type = '1') t2"
                        ]
                    }
                }
            },
            {
                "reader": {
                    "name": "${cp_reader}",
                    "parameter": {
                        "username": "${cp_username}",
                        "password": "${cp_password}",
                        "column": [
                            "'prod_type = ''C'''"
                        ],
                        "connection": [
                            {
                                "table": [
                                    "dual"
                                ],
                                "jdbcUrl": [
                                    "${cp_jdbcUrl}"
                                ]
                            }
                        ]
                    }
                },
                "writer": {
                    "name": "${lc_writer}",
                    "parameter": {
                        "username": "${lc_username}",
                        "password": "${lc_password}",
                        "writeMode": "insert",
                        "batchSize": "${batchSize}",
                        "memstoreThreshold": "${memstoreThreshold}",
                        "column": [
                            "prodType"
                        ],
                        "connection": [
                            {
                                "table": [
                                    "lcinfojob"
                                ],
                                "jdbcUrl": "${lc_jdbcUrl}"
                            }
                        ]
                    }
                }
            },
            {
                "reader": {
                    "name": "${cp_reader}",
                    "parameter": {
                        "username": "${cp_username}",
                        "password": "${cp_password}",
                        "column": [],
                        "connection": [
                            {
                                "table": [
                                    "default_from_table"
                                ],
                                "jdbcUrl": [
                                    "${cp_jdbcUrl}"
                                ]
                            }
                        ]
                    }
                },
                "writer": {
                    "name": "${lc_writer}",
                    "parameter": {
                        "username": "${lc_username}",
                        "password": "${lc_password}",
                        "writeMode": "insert",
                        "batchSize": "${batchSize}",
                        "memstoreThreshold": "${memstoreThreshold}",
                        "column": [],
                        "connection": [
                            {
                                "table": [
                                    "lcinfojob"
                                ],
                                "jdbcUrl": "${lc_jdbcUrl}"
                            }
                        ]
                    }
                }
            },
            {
                "reader": {
                    "name": "${cp_reader}",
                    "parameter": {
                        "username": "${cp_username}",
                        "password": "${cp_password}",
                        "column": [
                            "PROD_CODE",
                            "PROD_NAME",
                            "REL_PROD_CODE",
                            "TYPE",
                            "SORT_WORD",
                            "RANK",
                            "UPDATE_TIME"
                        ],
                        "connection": [
                            {
                                "table": [
                                    "OTC.GJ_G2010_VIRTUAL_PROD_INFO"
                                ],
                                "jdbcUrl": [
                                    "${cp_jdbcUrl}"
                                ]
                            }
                        ],
                        "where": "type = '9'"
                    }
                },
                "writer": {
                    "name": "${lc_writer}",
                    "parameter": {
                        "username": "${lc_username}",
                        "password": "${lc_password}",
                        "writeMode": "insert",
                        "batchSize": "${batchSize}",
                        "memstoreThreshold": "${memstoreThreshold}",
                        "column": [
                            "PROD_CODE",
                            "PROD_NAME",
                            "REL_PROD_CODE",
                            "TYPE",
                            "SORT_WORD",
                            "RANK",
                            "UPDATE_TIME"
                        ],
                        "connection": [
                            {
                                "table": [
                                    "lcinfojob.GJ_G2010_VIRTUAL_PROD_INFO"
                                ],
                                "jdbcUrl": "${lc_jdbcUrl}"
                            }
                        ],
                        "preSql": "delete table lcinfojob.GJ_G2010_VIRTUAL_PROD_INFO where type = '9'"
                    }
                }
            }
        ],
        "setting": {
            "speed": {
                "channel": "${channel}"
            },
            "errorLimit": {
                "percentage": "${percentage}"
            }
        }
    }
}