{
    "job": {
        "content": [
            {
                "reader": {
                    "name": "${cp_reader}",
                    "parameter": {
                        "username": "${cp_username}",
                        "password": "${cp_password}",
                        "column": [
                            "otc.SEQ_G2010_PROD_INFO_BASE.Nextval",
                            "prod_code",
                            "prod_name",
                            "prod_name",
                            "6",
                            "64",
                            "prod_term",
                            "prodrisk_level",
                            "NAV",
                            "NAV",
                            "ipo_begin_date",
                            "IPO_END_DATE",
                            "per_oneapp_max_balance",
                            "open_share",
                            "allot_limitshare",
                            "PRODPRE_RATIO * 100",
                            "PRODPRE_RATIO * 100",
                            "1",
                            "decode(prod_status, '1', '1', '8', '1', '2')",
                            "decode(prod_status, '2', '1', '3', '1', '2')",
                            "'2'",
                            "decode(b.prodcode_status, 0, 1, 2)",
                            "-1",
                            "case when PROD_STATUS = '2' or PROD_STATUS = '1' or ((prod_status = '2' or prod_status = '3') and ipo_begin_date <= to_char(sysdate, 'YYYYMMDD') and IPO_END_DATE >= to_char(sysdate, 'YYYYMMDD')) then '1' else '2' end",
                            "#{bizDate}",
                            "DECODE(A.PRODTA_NO, 'D04', to_char(interestbegindate,'YYYYMMDD'), prod_begin_date)",
                            "ipo_begin_date",
                            "PRODCOMPANY_NAME",
                            "DECODE(trim(TRUSTEE_BANK), 'FZDZ', NULL, trim(TRUSTEE_BANK))",
                            "decode(A.PRODTA_NO, 'D04', to_char(contractenddate,'YYYYMMDD'), a.prod_end_date)",
                            "decode(income_type, '1', '1', '4', '1', '2', '2', '3', '2', '9')",
                            "'1'",
                            "MAX_SUBSCRIBE_NUM",
                            "prodrisk_level",
                            "buy_process",
                            "PROD_MAX_BALA",
                            "bank_risk_level",
                            "income_type",
                            "prod_sponsor",
                            "ipo_begin_date",
                            "ipo_end_date",
                            "PRODTA_NO",
                            "b.buy_unit",
                            "b.sell_unit",
                            "b.min_orgfbuy_balance",
                            "b.min_perfbuy_balance",
                            "DECODE(SUBSTR(PRODCODE_CTRLSTR, 10, 1), 1, 2, decode(SUBSTR(PRODCODE_CTRLSTR, 27, 1), '1', '1', 0))",
                            "DECODE(A.PRODTA_NO, 'D04', '2', '1')",
                            "DECODE(SUBSTR(PRODCODE_CTRLSTR, 19, 1), 1, decode(SUBSTR(PRODCODE_CTRLSTR, 20, 1), 1, '0', '1'), decode(SUBSTR(PRODCODE_CTRLSTR, 20, 1), '1', '2', -1))"
                        ],
                        "connection": [
                            {
                                "table": [
                                    "otc.GJ_GDYH_PRODUCT_BASE a       left join otc.GJ_OTC_PRODUCT_CAN_BUY b         on b.pro_code = a.prod_code        and b.type = 1       left join otc.vpdtgdyhsomefund_gtja c         on a.prod_code = c.tafundcode        and c.issueenddate = to_date(sysdate)"
                                ],
                                "jdbcUrl": [
                                    "${cp_jdbcUrl}"
                                ]
                            }
                        ]
                    }
                },
                "writer": {
                    "name": "${lc_writer}",
                    "parameter": {
                        "username": "${lc_username}",
                        "password": "${lc_password}",
                        "writeMode": "insert",
                        "batchSize": "${batchSize}",
                        "memstoreThreshold": "${memstoreThreshold}",
                        "column": [
                            "id",
                            "prod_code",
                            "prod_name",
                            "sht_name",
                            "prod_type",
                            "PROD_TYPE_C",
                            "PROD_DAY",
                            "risk_type",
                            "new_nav",
                            "one_nav",
                            "ref_start_date",
                            "ref_end_date",
                            "most_origin_money",
                            "origin_money",
                            "add_money",
                            "prodpre_ratio1",
                            "prodpre_ratio",
                            "key",
                            "sub_sta",
                            "ref_sta",
                            "red_sta",
                            "trans_sta",
                            "cancel_trans_sta",
                            "buy_status",
                            "bizdate",
                            "prod_begin_date",
                            "found_date",
                            "sup_name",
                            "TRUSTEE_BANK",
                            "G_END_DATE",
                            "income_type",
                            "DATA_SOURCE",
                            "MAX_SUBSCRIBE_NUM",
                            "STL_RISK_TYPE",
                            "PRO_BUYFLOW",
                            "PROD_MAX_BALA",
                            "assess_level",
                            "income_type_otc",
                            "prod_sponsor",
                            "ipo_begin_date",
                            "ipo_end_date",
                            "PRODTA_NO",
                            "buy_unit",
                            "sell_unit",
                            "min_orgfbuy_balance",
                            "min_perfbuy_balance",
                            "econtract_type",
                            "NO_OPEN_KEY",
                            "IDENTITY_TYPE"
                        ],
                        "connection": [
                            {
                                "table": [
                                    "lcinfojob.GJ_GDYH_PRODUCT_BASE a       left join otc.GJ_OTC_PRODUCT_CAN_BUY b         on b.pro_code = a.prod_code        and b.type = 1       left join otc.vpdtgdyhsomefund_gtja c         on a.prod_code = c.tafundcode        and c.issueenddate = to_date(sysdate)"
                                ],
                                "jdbcUrl": "${lc_jdbcUrl}"
                            }
                        ],
                        "preSql": "delete table lcinfojob.GJ_GDYH_PRODUCT_BASE a       left join otc.GJ_OTC_PRODUCT_CAN_BUY b         on b.pro_code = a.prod_code        and b.type = 1       left join otc.vpdtgdyhsomefund_gtja c         on a.prod_code = c.tafundcode        and c.issueenddate = to_date(sysdate) where PROD_TYPE_C = '64'"
                    }
                }
            },
            {
                "reader": {
                    "name": "${cp_reader}",
                    "parameter": {
                        "username": "${cp_username}",
                        "password": "${cp_password}",
                        "column": [
                            "'PROD_TYPE_C = ''64'''"
                        ],
                        "connection": [
                            {
                                "table": [
                                    "dual"
                                ],
                                "jdbcUrl": [
                                    "${cp_jdbcUrl}"
                                ]
                            }
                        ]
                    }
                },
                "writer": {
                    "name": "${lc_writer}",
                    "parameter": {
                        "username": "${lc_username}",
                        "password": "${lc_password}",
                        "writeMode": "insert",
                        "batchSize": "${batchSize}",
                        "memstoreThreshold": "${memstoreThreshold}",
                        "column": [
                            "prodType"
                        ],
                        "connection": [
                            {
                                "table": [
                                    "lcinfojob"
                                ],
                                "jdbcUrl": "${lc_jdbcUrl}"
                            }
                        ]
                    }
                }
            },
            {
                "reader": {
                    "name": "${cp_reader}",
                    "parameter": {
                        "username": "${cp_username}",
                        "password": "${cp_password}",
                        "column": [],
                        "connection": [
                            {
                                "table": [
                                    "default_from_table"
                                ],
                                "jdbcUrl": [
                                    "${cp_jdbcUrl}"
                                ]
                            }
                        ]
                    }
                },
                "writer": {
                    "name": "${lc_writer}",
                    "parameter": {
                        "username": "${lc_username}",
                        "password": "${lc_password}",
                        "writeMode": "insert",
                        "batchSize": "${batchSize}",
                        "memstoreThreshold": "${memstoreThreshold}",
                        "column": [],
                        "connection": [
                            {
                                "table": [
                                    "lcinfojob"
                                ],
                                "jdbcUrl": "${lc_jdbcUrl}"
                            }
                        ]
                    }
                }
            }
        ],
        "setting": {
            "speed": {
                "channel": "${channel}"
            },
            "errorLimit": {
                "percentage": "${percentage}"
            }
        }
    }
}