{
    "job": {
        "content": [
            {
                "reader": {
                    "name": "${cp_reader}",
                    "parameter": {
                        "username": "${cp_username}",
                        "password": "${cp_password}",
                        "column": [
                            "otc.SEQ_G2010_PROD_INFO_BASE.Nextval",
                            "STOCK_CODE",
                            "STOCK_NAME",
                            "STOCK_NAME",
                            "9",
                            "PRODUCT_DAYS",
                            "RISK_LEVEL",
                            "NAV",
                            "NAV",
                            "nav_total",
                            "PER_MYRIAD_INCOME",
                            "INVESTMENT_OPEN_DATE",
                            "IPO_END_DATE",
                            "decode(prod_status,               '1',               per_oneapp_max_balance,               '2',               per_onesub_max_balance)",
                            "MIN_AMOUNT",
                            "ADD_AMOUNT",
                            "decode(translate(PRODPRE_RATIO_STR, '.0123456789', '.'),               '.',               '' || PRODPRE_RATIO * 100,               '.%',               '' || PRODPRE_RATIO * 100,               '%',               '' || PRODPRE_RATIO * 100,               ' ',               '' || PRODPRE_RATIO * 100,               PRODPRE_RATIO_STR)",
                            "PRODPRE_RATIO * 100",
                            "1",
                            "decode(prod_status,               '1',               '1',               '8',               '1',               decode(SUBSTR(PRODCODE_CTRLSTR, 232, 1),                      1,                      decode(prod_status,                             '6',                             decode(sign(to_char(sysdate, 'YYYYMMDD') -                                         prod_begin_date),                                    1,                                    '3',                                    '2'),                             '2'),                      '2'))",
                            "decode(prod_status,               '2',               '1',               '3',               decode(sign(INVESTMENT_OPEN_DATE -                           to_char(sysdate, 'YYYYMMDD')),                      1,                      '3',                      '2'),               '2')",
                            "decode(prod_status,               '1',               '1',               '7',               '1',               decode(SUBSTR(PRODCODE_CTRLSTR, 232, 1),                      '1',                      decode(prod_status, '6', '3', '2'),                      '2'))",
                            "decode(b.prodcode_status, 0, 1, 2)",
                            "case              when PROD_STATUS = '8' or PROD_STATUS = '1' or                   ((prod_status = '2' or prod_status = '3') and                   INVESTMENT_OPEN_DATE <= to_char(sysdate, 'YYYYMMDD') and                   IPO_END_DATE >= to_char(sysdate, 'YYYYMMDD'))                    or (SUBSTR(PRODCODE_CTRLSTR, 50, 1) = '1' and                   ((prod_status = '6' and                   to_char(sysdate, 'YYYYMMDD') > prod_begin_date) or                   (prod_status = '3' and                   INVESTMENT_OPEN_DATE > to_char(sysdate, 'YYYYMMDD')))) then               '1'              when decode(prod_status,                          '3',                          decode(sign(INVESTMENT_OPEN_DATE -                                      to_char(sysdate, 'YYYYMMDD')),                                 1,                                 '3',                                 '2'),                          '2') = '3'               then               '1'              when decode(SUBSTR(PRODCODE_CTRLSTR, 232, 1),                          1,                          decode(prod_status,                                 '6',                                 decode(sign(to_char(sysdate, 'YYYYMMDD') -                                             prod_begin_date),                                        1,                                        '3',                                        '2'),                                 '2'),                          '2') = '3'               then               '1'              else               '2'            end",
                            "#{bizDate}",
                            "prod_begin_date",
                            "prod_begin_date",
                            "PRODCOMPANY_NAME",
                            "end_date",
                            "DATA_SOURCE",
                            "MAX_SUBSCRIBE_NUM",
                            "RISK_LEVEL",
                            "PRO_PCTRLKINDS",
                            "PRO_BUYFLOW",
                            "PROD_MAX_BALA",
                            "assess_level",
                            "income_type",
                            "prod_sponsor",
                            "INVESTMENT_OPEN_DATE",
                            "ipo_end_date",
                            "T2.nav_date",
                            "T2.minsize",
                            "T2.prodsub_rate",
                            "T2.open_share",
                            "T2.org_lowlimit_balance",
                            "T2.min_share2",
                            "T2.org_lowlimit_balance2",
                            "T2.org_append_balance2",
                            "T2.allot_limitshare2",
                            "DECODE(SUBSTR(PRODCODE_CTRLSTR, 10, 1),               1,               2,               decode(SUBSTR(PRODCODE_CTRLSTR, 27, 1), '1', '2', 0))",
                            "T2.prod_status",
                            "PRODTA_NO",
                            "org_append_balance",
                            "PROD_TRUSTEE",
                            "b.buy_unit",
                            "b.sell_unit",
                            "b.min_orgfbuy_balance",
                            "b.min_perfbuy_balance",
                            "1",
                            "1",
                            "SUBSTR(PRODCODE_CTRLSTR, 19, 1) ||        SUBSTR(PRODCODE_CTRLSTR, 20, 1) ||        SUBSTR(PRODCODE_CTRLSTR, 74, 1)",
                            "'1'",
                            "invest_kind",
                            "PROD_INVEST_TERM",
                            "case              when max_deficit_rate = 0 then               1              when max_deficit_rate > 0 and max_deficit_rate <= 0.1 then               2              when max_deficit_rate > 0.1 and max_deficit_rate <= 0.6 then               3              else               4            end max_deficit_rate"
                        ],
                        "connection": [
                            {
                                "table": [
                                    "otc.GJ_OTC_PRODUCT_BASE t2       left join otc.GJ_OTC_PRODUCT_CAN_BUY b         on b.pro_code = T2.stock_code        AND b.type = 1      WHERE prodcode_type_base in ('c', 'U')"
                                ],
                                "jdbcUrl": [
                                    "${cp_jdbcUrl}"
                                ]
                            }
                        ]
                    }
                },
                "writer": {
                    "name": "${lc_writer}",
                    "parameter": {
                        "username": "${lc_username}",
                        "password": "${lc_password}",
                        "writeMode": "insert",
                        "batchSize": "${batchSize}",
                        "memstoreThreshold": "${memstoreThreshold}",
                        "column": [
                            "id",
                            "prod_code",
                            "prod_name",
                            "sht_name",
                            "prod_type",
                            "PROD_DAY",
                            "risk_type",
                            "new_nav",
                            "one_nav",
                            "acc_net",
                            "unit_yld_rmb",
                            "ref_start_date",
                            "ref_end_date",
                            "most_origin_money",
                            "origin_money",
                            "add_money",
                            "prodpre_ratio1",
                            "prodpre_ratio",
                            "key",
                            "sub_sta",
                            "ref_sta",
                            "red_sta",
                            "trans_sta",
                            "buy_status",
                            "bizdate",
                            "prod_begin_date",
                            "found_date",
                            "sup_name",
                            "G_END_DATE",
                            "DATA_SOURCE",
                            "MAX_SUBSCRIBE_NUM",
                            "STL_RISK_TYPE",
                            "PRO_PCTRLKINDS",
                            "PRO_BUYFLOW",
                            "PROD_MAX_BALA",
                            "assess_level",
                            "income_type_otc",
                            "prod_sponsor",
                            "ipo_begin_date",
                            "ipo_end_date",
                            "NAV_DATE",
                            "minsize",
                            "prodsub_rate",
                            "min_share",
                            "org_lowlimit_balance",
                            "min_share2",
                            "org_lowlimit_balance2",
                            "org_append_balance2",
                            "allot_limitshare2",
                            "econtract_type",
                            "prod_stat",
                            "PRODTA_NO",
                            "org_append_balance",
                            "PROD_TRUSTEE",
                            "buy_unit",
                            "sell_unit",
                            "min_orgfbuy_balance",
                            "min_perfbuy_balance",
                            "tk_status",
                            "NO_OPEN_KEY",
                            "PROD_BUY_CTR",
                            "PROD_SOURCE",
                            "pro_kind",
                            "pro_term",
                            "risk_appetite"
                        ],
                        "connection": [
                            {
                                "table": [
                                    "lcinfojob.GJ_OTC_PRODUCT_BASE t2       left join otc.GJ_OTC_PRODUCT_CAN_BUY b         on b.pro_code = T2.stock_code        AND b.type = 1      WHERE prodcode_type_base in ('c', 'U')"
                                ],
                                "jdbcUrl": "${lc_jdbcUrl}"
                            }
                        ],
                        "preSql": "delete table lcinfojob.GJ_OTC_PRODUCT_BASE t2       left join otc.GJ_OTC_PRODUCT_CAN_BUY b         on b.pro_code = T2.stock_code        AND b.type = 1      WHERE prodcode_type_base in ('c', 'U') where prod_type = '9'"
                    }
                }
            },
            {
                "reader": {
                    "name": "${cp_reader}",
                    "parameter": {
                        "username": "${cp_username}",
                        "password": "${cp_password}",
                        "column": [
                            "grow_rate_day",
                            "comm_1w",
                            "comm_1m",
                            "comm_3m",
                            "comm_6m",
                            "comm_1y",
                            "comm_2y",
                            "comm_3y",
                            "comm",
                            "comm_year",
                            "PRO_ID",
                            "exp_rate_per_sevenday",
                            "INV_MNG",
                            "pro_code"
                        ],
                        "connection": [
                            {
                                "table": [
                                    "otc.PRO_OWNOTC_view"
                                ],
                                "jdbcUrl": [
                                    "${cp_jdbcUrl}"
                                ]
                            }
                        ]
                    }
                },
                "writer": {
                    "name": "${lc_writer}",
                    "parameter": {
                        "username": "${lc_username}",
                        "password": "${lc_password}",
                        "writeMode": "insert",
                        "batchSize": "${batchSize}",
                        "memstoreThreshold": "${memstoreThreshold}",
                        "column": [
                            "day_add",
                            "comm_1w",
                            "comm_1m",
                            "comm_3m",
                            "comm_6m",
                            "comm_1y",
                            "comm_2y",
                            "comm_3y",
                            "comm",
                            "comm_year",
                            "PROD_ID",
                            "exp_rate_per_sevenday",
                            "INV_MNG",
                            "PROD_CODE"
                        ],
                        "connection": [
                            {
                                "table": [
                                    "lcinfojob.PRO_OWNOTC_view"
                                ],
                                "jdbcUrl": "${lc_jdbcUrl}"
                            }
                        ],
                        "preSql": [
                            "truncate table lcinfojob.PRO_OWNOTC_view"
                        ]
                    }
                }
            },
            {
                "reader": {
                    "name": "${cp_reader}",
                    "parameter": {
                        "username": "${cp_username}",
                        "password": "${cp_password}",
                        "column": [
                            "'prod_type = ''9'''"
                        ],
                        "connection": [
                            {
                                "table": [
                                    "dual"
                                ],
                                "jdbcUrl": [
                                    "${cp_jdbcUrl}"
                                ]
                            }
                        ]
                    }
                },
                "writer": {
                    "name": "${lc_writer}",
                    "parameter": {
                        "username": "${lc_username}",
                        "password": "${lc_password}",
                        "writeMode": "insert",
                        "batchSize": "${batchSize}",
                        "memstoreThreshold": "${memstoreThreshold}",
                        "column": [
                            "prodType"
                        ],
                        "connection": [
                            {
                                "table": [
                                    "lcinfojob"
                                ],
                                "jdbcUrl": "${lc_jdbcUrl}"
                            }
                        ]
                    }
                }
            },
            {
                "reader": {
                    "name": "${cp_reader}",
                    "parameter": {
                        "username": "${cp_username}",
                        "password": "${cp_password}",
                        "column": [],
                        "connection": [
                            {
                                "table": [
                                    "default_from_table"
                                ],
                                "jdbcUrl": [
                                    "${cp_jdbcUrl}"
                                ]
                            }
                        ]
                    }
                },
                "writer": {
                    "name": "${lc_writer}",
                    "parameter": {
                        "username": "${lc_username}",
                        "password": "${lc_password}",
                        "writeMode": "insert",
                        "batchSize": "${batchSize}",
                        "memstoreThreshold": "${memstoreThreshold}",
                        "column": [],
                        "connection": [
                            {
                                "table": [
                                    "lcinfojob"
                                ],
                                "jdbcUrl": "${lc_jdbcUrl}"
                            }
                        ]
                    }
                }
            }
        ],
        "setting": {
            "speed": {
                "channel": "${channel}"
            },
            "errorLimit": {
                "percentage": "${percentage}"
            }
        }
    }
}