{
    "job": {
        "content": [
            {
                "reader": {
                    "name": "${cp_reader}",
                    "parameter": {
                        "username": "${cp_username}",
                        "password": "${cp_password}",
                        "column": [
                            "ID",
                            "CLIENT_NAME",
                            "CLIENT_ID",
                            "SALES_DEPARTMENT",
                            "CLICK_TIME",
                            "AGREEMENT_NAME",
                            "PROD_CODE",
                            "PROD_NAME",
                            "CLIENT_RISK_LEVEL",
                            "CLIENT_KIND",
                            "CLIENT_TREM",
                            "RISK_LEVEL",
                            "PROD_KIND",
                            "PROD_TERM",
                            "IS_RISK",
                            "IS_KIND",
                            "IS_TERM",
                            "PBUYFLOW",
                            "AGREEMENT_NO",
                            "AGREEMENT_MD5",
                            "CUST_SIGNATURE",
                            "CERTIFICATE_NO",
                            "TERMINAL_SOURCE",
                            "IMEI",
                            "USER_AGENT",
                            "CLIENT_DEFICIT",
                            "PROD_DEFICIT",
                            "IS_DEFICIT",
                            "OUT_SERIAIL_NO"
                        ],
                        "connection": [
                            {
                                "table": [
                                    "OTC142.GJ_G9010_SUITABLY_INFO      WHERE PROD_CODE = 'HGTZZCN'        AND ID NOT IN (SELECT ID FROM OTC.GJ_G9010_SUITABLY_INFO)"
                                ],
                                "jdbcUrl": [
                                    "${cp_jdbcUrl}"
                                ]
                            }
                        ]
                    }
                },
                "writer": {
                    "name": "${lc_writer}",
                    "parameter": {
                        "username": "${lc_username}",
                        "password": "${lc_password}",
                        "writeMode": "insert",
                        "batchSize": "${batchSize}",
                        "memstoreThreshold": "${memstoreThreshold}",
                        "column": [
                            "ID",
                            "CLIENT_NAME",
                            "CLIENT_ID",
                            "SALES_DEPARTMENT",
                            "CLICK_TIME",
                            "AGREEMENT_NAME",
                            "PROD_CODE",
                            "PROD_NAME",
                            "CLIENT_RISK_LEVEL",
                            "CLIENT_KIND",
                            "CLIENT_TREM",
                            "RISK_LEVEL",
                            "PROD_KIND",
                            "PROD_TERM",
                            "IS_RISK",
                            "IS_KIND",
                            "IS_TERM",
                            "PBUYFLOW",
                            "AGREEMENT_NO",
                            "AGREEMENT_MD5",
                            "CUST_SIGNATURE",
                            "CERTIFICATE_NO",
                            "TERMINAL_SOURCE",
                            "IMEI",
                            "USER_AGENT",
                            "CLIENT_DEFICIT",
                            "PROD_DEFICIT",
                            "IS_DEFICIT",
                            "OUT_SERIAIL_NO"
                        ],
                        "connection": [
                            {
                                "table": [
                                    "LCINFOJOB.CP_GJ_G9010_SUITABLY_INFO      WHERE PROD_CODE = 'HGTZZCN'        AND ID NOT IN (SELECT ID FROM OTC.GJ_G9010_SUITABLY_INFO)"
                                ],
                                "jdbcUrl": "${lc_jdbcUrl}"
                            }
                        ]
                    }
                }
            }
        ],
        "setting": {
            "speed": {
                "channel": "${channel}"
            },
            "errorLimit": {
                "percentage": "${percentage}"
            }
        }
    }
}