{
    "job": {
        "content": [
            {
                "reader": {
                    "name": "${cp_reader}",
                    "parameter": {
                        "username": "${cp_username}",
                        "password": "${cp_password}",
                        "column": [
                            "otc.SEQ_G2010_PROD_INFO_BASE.Nextval",
                            "STOCK_CODE",
                            "STOCK_NAME",
                            "STOCK_NAME",
                            "'8'",
                            "'81'",
                            "PRODUCT_DAYS",
                            "RISK_LEVEL",
                            "NAV",
                            "NAV",
                            "nav_total",
                            "PER_MYRIAD_INCOME",
                            "INVESTMENT_OPEN_DATE",
                            "IPO_END_DATE",
                            "decode(prod_status, '1', per_oneapp_max_balance, '2', per_onesub_max_balance)",
                            "open_share",
                            "ADD_AMOUNT",
                            "decode(translate(PRODPRE_RATIO_STR, '.0123456789', '.'), '.', '' || PRODPRE_RATIO * 100, '.%', '' || PRODPRE_RATIO * 100, '%', '' || PRODPRE_RATIO * 100, ' ', '' || PRODPRE_RATIO * 100, PRODPRE_RATIO_STR)",
                            "PRODPRE_RATIO * 100",
                            "1",
                            "CASE WHEN (t2.prod_status = '1' OR t2.prod_status = '8') OR (prod_status != '5' and TO_CHAR(SYSDATE, 'YYYYMMDD') > IPO_END_DATE) THEN '1' ELSE '2' END",
                            "decode(prod_status, '2', '1', '3', '1', '2')",
                            "decode(prod_status, '1', '1', '7', '1', '2')",
                            "decode(b.prodcode_status, 0, 1, 2)",
                            "CASE WHEN (t2.prod_status = '1' OR t2.prod_status = '8') OR ((prod_status = '6' or prod_status = '4' or prod_status = '7') and TO_CHAR(SYSDATE, 'YYYYMMDD') > IPO_END_DATE) OR ((t2.prod_status = '2' or t2.prod_status = '3') and INVESTMENT_OPEN_DATE <= TO_CHAR(SYSDATE, 'YYYYMMDD') and IPO_END_DATE >= TO_CHAR(SYSDATE, 'YYYYMMDD')) THEN '1' ELSE '2' END",
                            "min_orgfapp_balance",
                            "#{bizDate}",
                            "prod_begin_date",
                            "prod_begin_date",
                            "PRODCOMPANY_NAME",
                            "end_date",
                            "DATA_SOURCE",
                            "MAX_SUBSCRIBE_NUM",
                            "RISK_LEVEL",
                            "PRO_PCTRLKINDS",
                            "PRO_BUYFLOW",
                            "PROD_MAX_BALA",
                            "assess_level",
                            "income_type",
                            "prod_sponsor",
                            "INVESTMENT_OPEN_DATE",
                            "ipo_end_date",
                            "T2.nav_date",
                            "T2.minsize",
                            "T2.prodsub_rate",
                            "T2.open_share",
                            "T2.org_lowlimit_balance",
                            "T2.min_share2",
                            "T2.org_lowlimit_balance2",
                            "T2.org_append_balance2",
                            "T2.allot_limitshare2",
                            "DECODE(SUBSTR(PRODCODE_CTRLSTR, 47, 1), 1, DECODE(SUBSTR(PRODCODE_CTRLSTR, 27, 1), '1', '1,', '2'), 0)",
                            "t2.prod_status",
                            "PRODTA_NO",
                            "org_append_balance",
                            "prod_manager",
                            "PROD_TRUSTEE",
                            "'1'",
                            "b.buy_unit",
                            "b.sell_unit",
                            "b.min_orgfbuy_balance",
                            "b.min_perfbuy_balance",
                            "1",
                            "SUB_UNIT",
                            "ORGAN_SUB_UNIT",
                            "PER_APP_UNIT",
                            "ORG_APP_UNIT",
                            "SUBSTR(PRODCODE_CTRLSTR, 19, 1) || SUBSTR(PRODCODE_CTRLSTR, 20, 1) || SUBSTR(PRODCODE_CTRLSTR, 74, 1)",
                            "'1'",
                            "min_perfapp_balance",
                            "invest_kind",
                            "PROD_INVEST_TERM",
                            "case              when max_deficit_rate = 0 then               1              when max_deficit_rate > 0 and max_deficit_rate <= 0.1 then               2              when max_deficit_rate > 0.1 and max_deficit_rate <= 0.6 then               3              else               4            end max_deficit_rate"
                        ],
                        "connection": [
                            {
                                "table": [
                                    "otc.GJ_OTC_PRODUCT_BASE t2       left join otc.GJ_OTC_PRODUCT_CAN_BUY b         on b.pro_code = T2.stock_code        and b.type = 1      where prodcode_type_base = 'j'"
                                ],
                                "jdbcUrl": [
                                    "${cp_jdbcUrl}"
                                ]
                            }
                        ]
                    }
                },
                "writer": {
                    "name": "${lc_writer}",
                    "parameter": {
                        "username": "${lc_username}",
                        "password": "${lc_password}",
                        "writeMode": "insert",
                        "batchSize": "${batchSize}",
                        "memstoreThreshold": "${memstoreThreshold}",
                        "column": [
                            "id",
                            "prod_code",
                            "prod_name",
                            "sht_name",
                            "prod_type",
                            "PROD_TYPE_C",
                            "PROD_DAY",
                            "risk_type",
                            "new_nav",
                            "one_nav",
                            "acc_net",
                            "unit_yld_rmb",
                            "ref_start_date",
                            "ref_end_date",
                            "most_origin_money",
                            "origin_money",
                            "add_money",
                            "prodpre_ratio1",
                            "prodpre_ratio",
                            "key",
                            "sub_sta",
                            "ref_sta",
                            "red_sta",
                            "trans_sta",
                            "buy_status",
                            "min_orgfapp_balance",
                            "bizdate",
                            "prod_begin_date",
                            "found_date",
                            "sup_name",
                            "G_END_DATE",
                            "DATA_SOURCE",
                            "MAX_SUBSCRIBE_NUM",
                            "STL_RISK_TYPE",
                            "PRO_PCTRLKINDS",
                            "PRO_BUYFLOW",
                            "PROD_MAX_BALA",
                            "assess_level",
                            "income_type_otc",
                            "prod_sponsor",
                            "ipo_begin_date",
                            "ipo_end_date",
                            "NAV_DATE",
                            "minsize",
                            "prodsub_rate",
                            "min_share",
                            "org_lowlimit_balance",
                            "min_share2",
                            "org_lowlimit_balance2",
                            "org_append_balance2",
                            "allot_limitshare2",
                            "econtract_type",
                            "prod_stat",
                            "PRODTA_NO",
                            "org_append_balance",
                            "prod_manager",
                            "PROD_TRUSTEE",
                            "tk_status",
                            "buy_unit",
                            "sell_unit",
                            "min_orgfbuy_balance",
                            "min_perfbuy_balance",
                            "NO_OPEN_KEY",
                            "SUB_UNIT",
                            "ORGAN_SUB_UNIT",
                            "PER_APP_UNIT",
                            "ORG_APP_UNIT",
                            "PROD_BUY_CTR",
                            "PROD_SOURCE",
                            "min_perfapp_balance",
                            "pro_kind",
                            "pro_term",
                            "risk_appetite"
                        ],
                        "connection": [
                            {
                                "table": [
                                    "lcinfojob.GJ_OTC_PRODUCT_BASE t2       left join otc.GJ_OTC_PRODUCT_CAN_BUY b         on b.pro_code = T2.stock_code        and b.type = 1      where prodcode_type_base = 'j'"
                                ],
                                "jdbcUrl": "${lc_jdbcUrl}"
                            }
                        ],
                        "preSql": "delete table lcinfojob.GJ_OTC_PRODUCT_BASE t2       left join otc.GJ_OTC_PRODUCT_CAN_BUY b         on b.pro_code = T2.stock_code        and b.type = 1      where prodcode_type_base = 'j' where PROD_TYPE_C = '81'"
                    }
                }
            },
            {
                "reader": {
                    "name": "${cp_reader}",
                    "parameter": {
                        "username": "${cp_username}",
                        "password": "${cp_password}",
                        "column": [
                            "myrd_unit_prft",
                            "ann_chg_rat_7d",
                            "chg_rat_ty_prft_rate",
                            "found_until_prft_rate",
                            "l1w_prft_rate",
                            "l1m_prft_rate",
                            "l3m_prft_rate",
                            "l6m_prft_rate",
                            "l1y_prft_rate",
                            "l3y_prft_rate",
                            "l2y_prft_rate",
                            "PROD_CODE"
                        ],
                        "connection": [
                            {
                                "table": [
                                    "(select a.nav_date, b.*            from otc.gj_g2010_prod_info_base   a,                 otc.gj_PROD_NET_VALUE         b,                 otc.gj_g2010_sm_prod_nav_date c           where a.prod_code = b.prod_code             and a.prod_type = '8'             and a.PROD_TYPE_C = '81'             and b.issue_tm = c.nav_date             and b.prod_code = c.prod_code) t2"
                                ],
                                "jdbcUrl": [
                                    "${cp_jdbcUrl}"
                                ]
                            }
                        ]
                    }
                },
                "writer": {
                    "name": "${lc_writer}",
                    "parameter": {
                        "username": "${lc_username}",
                        "password": "${lc_password}",
                        "writeMode": "insert",
                        "batchSize": "${batchSize}",
                        "memstoreThreshold": "${memstoreThreshold}",
                        "column": [
                            "UNIT_YLD_RMB",
                            "EXP_RATE_PER_SEVENDAY",
                            "COMM_YEAR",
                            "COMM",
                            "COMM_1W",
                            "COMM_1M",
                            "COMM_3M",
                            "COMM_6M",
                            "COMM_1Y",
                            "COMM_3Y",
                            "COMM_2Y",
                            "PROD_CODE"
                        ],
                        "connection": [
                            {
                                "table": [
                                    "lcinfojob.nav_date, b.*            from otc.gj_g2010_prod_info_base   a,                 otc.gj_PROD_NET_VALUE         b,                 otc.gj_g2010_sm_prod_nav_date c           where a.prod_code = b.prod_code             and a.prod_type = '8'             and a.PROD_TYPE_C = '81'             and b.issue_tm = c.nav_date             and b.prod_code = c.prod_code) t2"
                                ],
                                "jdbcUrl": "${lc_jdbcUrl}"
                            }
                        ],
                        "preSql": [
                            "truncate table lcinfojob.nav_date, b.*            from otc.gj_g2010_prod_info_base   a,                 otc.gj_PROD_NET_VALUE         b,                 otc.gj_g2010_sm_prod_nav_date c           where a.prod_code = b.prod_code             and a.prod_type = '8'             and a.PROD_TYPE_C = '81'             and b.issue_tm = c.nav_date             and b.prod_code = c.prod_code) t2"
                        ]
                    }
                }
            },
            {
                "reader": {
                    "name": "${cp_reader}",
                    "parameter": {
                        "username": "${cp_username}",
                        "password": "${cp_password}",
                        "column": [
                            "ISDOUBLERECORD",
                            "PRO_CODE"
                        ],
                        "connection": [
                            {
                                "table": [
                                    "OTC.GJ_PRO_DOUBLERECORD_VIEW"
                                ],
                                "jdbcUrl": [
                                    "${cp_jdbcUrl}"
                                ]
                            }
                        ]
                    }
                },
                "writer": {
                    "name": "${lc_writer}",
                    "parameter": {
                        "username": "${lc_username}",
                        "password": "${lc_password}",
                        "writeMode": "insert",
                        "batchSize": "${batchSize}",
                        "memstoreThreshold": "${memstoreThreshold}",
                        "column": [
                            "ISDOUBLERECORD",
                            "PROD_CODE"
                        ],
                        "connection": [
                            {
                                "table": [
                                    "lcinfojob.GJ_PRO_DOUBLERECORD_VIEW"
                                ],
                                "jdbcUrl": "${lc_jdbcUrl}"
                            }
                        ],
                        "preSql": [
                            "truncate table lcinfojob.GJ_PRO_DOUBLERECORD_VIEW"
                        ]
                    }
                }
            },
            {
                "reader": {
                    "name": "${cp_reader}",
                    "parameter": {
                        "username": "${cp_username}",
                        "password": "${cp_password}",
                        "column": [],
                        "connection": [
                            {
                                "table": [
                                    "default_from_table"
                                ],
                                "jdbcUrl": [
                                    "${cp_jdbcUrl}"
                                ]
                            }
                        ]
                    }
                },
                "writer": {
                    "name": "${lc_writer}",
                    "parameter": {
                        "username": "${lc_username}",
                        "password": "${lc_password}",
                        "writeMode": "insert",
                        "batchSize": "${batchSize}",
                        "memstoreThreshold": "${memstoreThreshold}",
                        "column": [],
                        "connection": [
                            {
                                "table": [
                                    "lcinfojob"
                                ],
                                "jdbcUrl": "${lc_jdbcUrl}"
                            }
                        ]
                    }
                }
            },
            {
                "reader": {
                    "name": "${cp_reader}",
                    "parameter": {
                        "username": "${cp_username}",
                        "password": "${cp_password}",
                        "column": [
                            "'PROD_TYPE_C = ''81'''"
                        ],
                        "connection": [
                            {
                                "table": [
                                    "dual"
                                ],
                                "jdbcUrl": [
                                    "${cp_jdbcUrl}"
                                ]
                            }
                        ]
                    }
                },
                "writer": {
                    "name": "${lc_writer}",
                    "parameter": {
                        "username": "${lc_username}",
                        "password": "${lc_password}",
                        "writeMode": "insert",
                        "batchSize": "${batchSize}",
                        "memstoreThreshold": "${memstoreThreshold}",
                        "column": [
                            "prodType"
                        ],
                        "connection": [
                            {
                                "table": [
                                    "lcinfojob"
                                ],
                                "jdbcUrl": "${lc_jdbcUrl}"
                            }
                        ]
                    }
                }
            },
            {
                "reader": {
                    "name": "${cp_reader}",
                    "parameter": {
                        "username": "${cp_username}",
                        "password": "${cp_password}",
                        "column": [],
                        "connection": [
                            {
                                "table": [
                                    "default_from_table"
                                ],
                                "jdbcUrl": [
                                    "${cp_jdbcUrl}"
                                ]
                            }
                        ]
                    }
                },
                "writer": {
                    "name": "${lc_writer}",
                    "parameter": {
                        "username": "${lc_username}",
                        "password": "${lc_password}",
                        "writeMode": "insert",
                        "batchSize": "${batchSize}",
                        "memstoreThreshold": "${memstoreThreshold}",
                        "column": [],
                        "connection": [
                            {
                                "table": [
                                    "lcinfojob"
                                ],
                                "jdbcUrl": "${lc_jdbcUrl}"
                            }
                        ]
                    }
                }
            }
        ],
        "setting": {
            "speed": {
                "channel": "${channel}"
            },
            "errorLimit": {
                "percentage": "${percentage}"
            }
        }
    }
}