{
    "job": {
        "content": [
            {
                "reader": {
                    "name": "${cp_reader}",
                    "parameter": {
                        "username": "${cp_username}",
                        "password": "${cp_password}",
                        "column": [
                            "ORG_CODE",
                            "ORG_TYPE",
                            "ORG_NAME",
                            "ORG_SHT_NAME",
                            "IS_RETEST",
                            "CDT_TYPE",
                            "TERM",
                            "MATCH_RULE",
                            "TA_CODE",
                            "NOMATCH_TRANSFLAG",
                            "REMARK",
                            "OLEVALUATE",
                            "VIDEOEVALUATE"
                        ],
                        "connection": [
                            {
                                "table": [
                                    "OTC.GJ_G2010_PRO_ORG_BANK"
                                ],
                                "jdbcUrl": [
                                    "${cp_jdbcUrl}"
                                ]
                            }
                        ]
                    }
                },
                "writer": {
                    "name": "${lc_writer}",
                    "parameter": {
                        "username": "${lc_username}",
                        "password": "${lc_password}",
                        "writeMode": "insert",
                        "batchSize": "${batchSize}",
                        "memstoreThreshold": "${memstoreThreshold}",
                        "column": [
                            "ORG_CODE",
                            "ORG_TYPE",
                            "ORG_NAME",
                            "ORG_SHT_NAME",
                            "IS_RETEST",
                            "CDT_TYPE",
                            "TERM",
                            "MATCH_RULE",
                            "TA_CODE",
                            "NOMATCH_TRANSFLAG",
                            "REMARK",
                            "OLEVALUATE",
                            "VIDEOEVALUATE"
                        ],
                        "connection": [
                            {
                                "table": [
                                    "LCINFOJOB.CP_GJ_G2010_PRO_ORG_BANK"
                                ],
                                "jdbcUrl": "${lc_jdbcUrl}"
                            }
                        ],
                        "preSql": [
                            "truncate table LCINFOJOB.CP_GJ_G2010_PRO_ORG_BANK"
                        ]
                    }
                }
            }
        ],
        "setting": {
            "speed": {
                "channel": "${channel}"
            },
            "errorLimit": {
                "percentage": "${percentage}"
            }
        }
    }
}