{
    "job": {
        "content": [
            {
                "reader": {
                    "name": "${cp_reader}",
                    "parameter": {
                        "username": "${cp_username}",
                        "password": "${cp_password}",
                        "column": [
                            "PROD_CODE",
                            "PROD_NAME",
                            "SHT_NAME",
                            "PROD_TYPE",
                            "PROD_TYPE_C",
                            "RATE",
                            "PROD_LABEL",
                            "PROD_DAY",
                            "RISK_TYPE",
                            "INVEST_TYPE",
                            "DAY_ADD",
                            "NEW_NAV",
                            "ONE_NAV",
                            "ACC_NET",
                            "UNIT_YLD_RMB",
                            "RATE_1Y",
                            "EXP_RATE_PER_SEVENDAY",
                            "FUND_RANK_1Y",
                            "REF_START_DATE",
                            "REF_END_DATE",
                            "MOST_ORIGIN_MONEY",
                            "ORIGIN_MONEY",
                            "ADD_MONEY",
                            "PRODPRE_RATIO",
                            "LEAVE_MONEY",
                            "PROD_DETAIL",
                            "PROD_DETAIL_MORE",
                            "SELL_1W",
                            "SELL_15D",
                            "SELL_1M",
                            "SELL_3M",
                            "SELL_6M",
                            "SELL_1Y",
                            "COMM_1W",
                            "COMM_15D",
                            "COMM_1M",
                            "COMM_3M",
                            "COMM_6M",
                            "COMM_1Y",
                            "KEY",
                            "SUB_STA",
                            "REF_STA",
                            "SELL_STA",
                            "RED_STA",
                            "TRANS_STA",
                            "FIX_BUY_STA",
                            "CANCEL_TRANS_STA",
                            "ID",
                            "NO_OPEN_KEY",
                            "PROD_ID",
                            "COMM_3Y",
                            "BUY_STATUS",
                            "COMM",
                            "COMM_YEAR",
                            "PRO_PROVIDER",
                            "SUP_NAME",
                            "G_BEGIN_DATE",
                            "G_END_DATE",
                            "NET_VALUE_TYPE",
                            "PROD_BEGIN_DATE",
                            "STOCK_CODE",
                            "INV_OBJ",
                            "INV_RAN",
                            "BIZDATE",
                            "FOUND_DATE",
                            "MANAGE_FEE",
                            "FUND_TRU_FEE",
                            "INCOME_TYPE",
                            "TRUSTEE_BANK",
                            "DATA_SOURCE",
                            "NAV_DATE",
                            "COMM_2Y",
                            "NEXT_OPEN_DAY",
                            "OPEN_DAY",
                            "PRO_EXP",
                            "INV_MNG",
                            "PY_NAME",
                            "ACT_MAX_SCALE",
                            "AUTOBUYFLAG",
                            "PRODPRE_RATIO1",
                            "MAX_SUBSCRIBE_NUM",
                            "NEXT_PRODPRE_RATIO",
                            "PHASE",
                            "DT_COMM_1Y",
                            "DT_COMM_2Y",
                            "DT_COMM_3Y",
                            "DT_COMM_5Y",
                            "XS_STATUS",
                            "STL_RISK_TYPE",
                            "PRO_KIND",
                            "PRO_TERM",
                            "PRO_VIDEO",
                            "RISK_APPETITE",
                            "PRO_CTRLKIND",
                            "PRO_PCTRLKINDS",
                            "PPROFEINVEST",
                            "PMINLEVEL",
                            "PRO_BUYFLOW",
                            "CALMHOURS",
                            "EXTQTY1",
                            "PROD_MAX_BALA",
                            "ASSESS_LEVEL",
                            "PROD_SPONSOR",
                            "IPO_BEGIN_DATE",
                            "IPO_END_DATE",
                            "INCOME_TYPE_OTC",
                            "INST_ID",
                            "EXP_RETURNRATE",
                            "RISK_LVL_OTC",
                            "MINSIZE",
                            "PRODSUB_RATE",
                            "MIN_SHARE",
                            "ORG_LOWLIMIT_BALANCE",
                            "MIN_SHARE2",
                            "ORG_LOWLIMIT_BALANCE2",
                            "ORG_APPEND_BALANCE2",
                            "ALLOT_LIMITSHARE2",
                            "ECONTRACT_TYPE",
                            "PROD_STAT",
                            "PRODTA_NO",
                            "ORG_APPEND_BALANCE",
                            "PROD_MANAGER",
                            "PROD_TRUSTEE",
                            "TOSOURCE",
                            "HQB_STATUS",
                            "JZJY_STATUS",
                            "TK_STATUS",
                            "BUY_UNIT",
                            "SELL_UNIT",
                            "MIN_ORGFBUY_BALANCE",
                            "MIN_PERFBUY_BALANCE",
                            "IDENTITY_TYPE",
                            "CX_LVL",
                            "HT_LVL",
                            "PUR_RATE_DISCOUNT",
                            "IS_QDII",
                            "LIQUIDITY_INDICATORS",
                            "IS_LCJJ",
                            "NEW_SHARE",
                            "NEW_SCALE",
                            "PRE_PRODPRE_RATIO",
                            "SEP_PROPERTY",
                            "APP_DT",
                            "RED_DT",
                            "IS_EXPECTED_PRO",
                            "CONVERT_STA",
                            "MIN_ORGFAPP_BALANCE",
                            "MIN_PERFAPP_BALANCE",
                            "MANAGER_ID",
                            "PERFORM_BASIS",
                            "SUM_SUB_BALANCE",
                            "PLAN_TYPE",
                            "REDEEMDAYS",
                            "INDIDAYMAXSUMBUY",
                            "INSTDAYMAXSUMBUY",
                            "PBUYTOP",
                            "DBUYTOP",
                            "OFUND_PLAN_CNT",
                            "OFUND_PLAN_CNT_VIRTUAL",
                            "S_RATE1Y",
                            "S_RATE2Y",
                            "S_RATE3Y",
                            "S_RATE5Y",
                            "N_RATE1Y",
                            "N_RATE2Y",
                            "N_RATE3Y",
                            "N_RATE5Y",
                            "S_N_RATE1Y",
                            "S_N_RATE2Y",
                            "S_N_RATE3Y",
                            "S_N_RATE5Y",
                            "FUNDPROP",
                            "TOT_NAV_MAX_ALL",
                            "TOT_NAV_MAX1",
                            "TOT_NAV_MAX3",
                            "TOT_NAV_MIN_ALL",
                            "TOT_NAV_MIN1",
                            "TOT_NAV_MIN3",
                            "PRO_CLS2",
                            "SUB_UNIT",
                            "ORGAN_SUB_UNIT",
                            "PER_APP_UNIT",
                            "ORG_APP_UNIT",
                            "CHI_NAME",
                            "PROD_SOURCE",
                            "PROD_BUY_CTR",
                            "OFUND_PLAN_CNT_VIRTUAL_1M",
                            "ISDOUBLERECORD",
                            "CLOSEPERIOD",
                            "CLOSE_PERIOD_UNIT",
                            "INTEREST_BEGIN_DATE",
                            "C_INVESTMENTASK",
                            "YEAR_TYPE",
                            "NEW_SCALE_TYPE",
                            "TYPECODE",
                            "READ_DATE_TYPE_1D",
                            "READ_DATE_TYPE_7D",
                            "READ_DATE_TYPE_1M"
                        ],
                        "connection": [
                            {
                                "table": [
                                    "OTC.GJ_G2010_PROD_INFO_BASE"
                                ],
                                "jdbcUrl": [
                                    "${cp_jdbcUrl}"
                                ]
                            }
                        ]
                    }
                },
                "writer": {
                    "name": "${lc_writer}",
                    "parameter": {
                        "username": "${lc_username}",
                        "password": "${lc_password}",
                        "writeMode": "insert",
                        "batchSize": "${batchSize}",
                        "memstoreThreshold": "${memstoreThreshold}",
                        "column": [
                            "PROD_CODE",
                            "PROD_NAME",
                            "SHT_NAME",
                            "PROD_TYPE",
                            "PROD_TYPE_C",
                            "RATE",
                            "PROD_LABEL",
                            "PROD_DAY",
                            "RISK_TYPE",
                            "INVEST_TYPE",
                            "DAY_ADD",
                            "NEW_NAV",
                            "ONE_NAV",
                            "ACC_NET",
                            "UNIT_YLD_RMB",
                            "RATE_1Y",
                            "EXP_RATE_PER_SEVENDAY",
                            "FUND_RANK_1Y",
                            "REF_START_DATE",
                            "REF_END_DATE",
                            "MOST_ORIGIN_MONEY",
                            "ORIGIN_MONEY",
                            "ADD_MONEY",
                            "PRODPRE_RATIO",
                            "LEAVE_MONEY",
                            "PROD_DETAIL",
                            "PROD_DETAIL_MORE",
                            "SELL_1W",
                            "SELL_15D",
                            "SELL_1M",
                            "SELL_3M",
                            "SELL_6M",
                            "SELL_1Y",
                            "COMM_1W",
                            "COMM_15D",
                            "COMM_1M",
                            "COMM_3M",
                            "COMM_6M",
                            "COMM_1Y",
                            "KEY",
                            "SUB_STA",
                            "REF_STA",
                            "SELL_STA",
                            "RED_STA",
                            "TRANS_STA",
                            "FIX_BUY_STA",
                            "CANCEL_TRANS_STA",
                            "ID",
                            "NO_OPEN_KEY",
                            "PROD_ID",
                            "COMM_3Y",
                            "BUY_STATUS",
                            "COMM",
                            "COMM_YEAR",
                            "PRO_PROVIDER",
                            "SUP_NAME",
                            "G_BEGIN_DATE",
                            "G_END_DATE",
                            "NET_VALUE_TYPE",
                            "PROD_BEGIN_DATE",
                            "STOCK_CODE",
                            "INV_OBJ",
                            "INV_RAN",
                            "BIZDATE",
                            "FOUND_DATE",
                            "MANAGE_FEE",
                            "FUND_TRU_FEE",
                            "INCOME_TYPE",
                            "TRUSTEE_BANK",
                            "DATA_SOURCE",
                            "NAV_DATE",
                            "COMM_2Y",
                            "NEXT_OPEN_DAY",
                            "OPEN_DAY",
                            "PRO_EXP",
                            "INV_MNG",
                            "PY_NAME",
                            "ACT_MAX_SCALE",
                            "AUTOBUYFLAG",
                            "PRODPRE_RATIO1",
                            "MAX_SUBSCRIBE_NUM",
                            "NEXT_PRODPRE_RATIO",
                            "PHASE",
                            "DT_COMM_1Y",
                            "DT_COMM_2Y",
                            "DT_COMM_3Y",
                            "DT_COMM_5Y",
                            "XS_STATUS",
                            "STL_RISK_TYPE",
                            "PRO_KIND",
                            "PRO_TERM",
                            "PRO_VIDEO",
                            "RISK_APPETITE",
                            "PRO_CTRLKIND",
                            "PRO_PCTRLKINDS",
                            "PPROFEINVEST",
                            "PMINLEVEL",
                            "PRO_BUYFLOW",
                            "CALMHOURS",
                            "EXTQTY1",
                            "PROD_MAX_BALA",
                            "ASSESS_LEVEL",
                            "PROD_SPONSOR",
                            "IPO_BEGIN_DATE",
                            "IPO_END_DATE",
                            "INCOME_TYPE_OTC",
                            "INST_ID",
                            "EXP_RETURNRATE",
                            "RISK_LVL_OTC",
                            "MINSIZE",
                            "PRODSUB_RATE",
                            "MIN_SHARE",
                            "ORG_LOWLIMIT_BALANCE",
                            "MIN_SHARE2",
                            "ORG_LOWLIMIT_BALANCE2",
                            "ORG_APPEND_BALANCE2",
                            "ALLOT_LIMITSHARE2",
                            "ECONTRACT_TYPE",
                            "PROD_STAT",
                            "PRODTA_NO",
                            "ORG_APPEND_BALANCE",
                            "PROD_MANAGER",
                            "PROD_TRUSTEE",
                            "TOSOURCE",
                            "HQB_STATUS",
                            "JZJY_STATUS",
                            "TK_STATUS",
                            "BUY_UNIT",
                            "SELL_UNIT",
                            "MIN_ORGFBUY_BALANCE",
                            "MIN_PERFBUY_BALANCE",
                            "IDENTITY_TYPE",
                            "CX_LVL",
                            "HT_LVL",
                            "PUR_RATE_DISCOUNT",
                            "IS_QDII",
                            "LIQUIDITY_INDICATORS",
                            "IS_LCJJ",
                            "NEW_SHARE",
                            "NEW_SCALE",
                            "PRE_PRODPRE_RATIO",
                            "SEP_PROPERTY",
                            "APP_DT",
                            "RED_DT",
                            "IS_EXPECTED_PRO",
                            "CONVERT_STA",
                            "MIN_ORGFAPP_BALANCE",
                            "MIN_PERFAPP_BALANCE",
                            "MANAGER_ID",
                            "PERFORM_BASIS",
                            "SUM_SUB_BALANCE",
                            "PLAN_TYPE",
                            "REDEEMDAYS",
                            "INDIDAYMAXSUMBUY",
                            "INSTDAYMAXSUMBUY",
                            "PBUYTOP",
                            "DBUYTOP",
                            "OFUND_PLAN_CNT",
                            "OFUND_PLAN_CNT_VIRTUAL",
                            "S_RATE1Y",
                            "S_RATE2Y",
                            "S_RATE3Y",
                            "S_RATE5Y",
                            "N_RATE1Y",
                            "N_RATE2Y",
                            "N_RATE3Y",
                            "N_RATE5Y",
                            "S_N_RATE1Y",
                            "S_N_RATE2Y",
                            "S_N_RATE3Y",
                            "S_N_RATE5Y",
                            "FUNDPROP",
                            "TOT_NAV_MAX_ALL",
                            "TOT_NAV_MAX1",
                            "TOT_NAV_MAX3",
                            "TOT_NAV_MIN_ALL",
                            "TOT_NAV_MIN1",
                            "TOT_NAV_MIN3",
                            "PRO_CLS2",
                            "SUB_UNIT",
                            "ORGAN_SUB_UNIT",
                            "PER_APP_UNIT",
                            "ORG_APP_UNIT",
                            "CHI_NAME",
                            "PROD_SOURCE",
                            "PROD_BUY_CTR",
                            "OFUND_PLAN_CNT_VIRTUAL_1M",
                            "ISDOUBLERECORD",
                            "CLOSEPERIOD",
                            "CLOSE_PERIOD_UNIT",
                            "INTEREST_BEGIN_DATE",
                            "C_INVESTMENTASK",
                            "YEAR_TYPE",
                            "NEW_SCALE_TYPE",
                            "TYPECODE",
                            "READ_DATE_TYPE_1D",
                            "READ_DATE_TYPE_7D",
                            "READ_DATE_TYPE_1M"
                        ],
                        "connection": [
                            {
                                "table": [
                                    "LCINFOJOB.CP_GJ_G2010_PROD_INFO_BASE"
                                ],
                                "jdbcUrl": "${lc_jdbcUrl}"
                            }
                        ],
                        "preSql": [
                            "truncate table LCINFOJOB.CP_GJ_G2010_PROD_INFO_BASE"
                        ]
                    }
                }
            },
            {
                "reader": {
                    "name": "${cp_reader}",
                    "parameter": {
                        "username": "${cp_username}",
                        "password": "${cp_password}",
                        "column": [
                            "COM_ID",
                            "COM_NAME",
                            "SHT_NAME",
                            "ENG_NAME",
                            "NAT_BIZ"
                        ],
                        "connection": [
                            {
                                "table": [
                                    "OTC.GJ_COM_INFO_VIEW"
                                ],
                                "jdbcUrl": [
                                    "${cp_jdbcUrl}"
                                ]
                            }
                        ]
                    }
                },
                "writer": {
                    "name": "${lc_writer}",
                    "parameter": {
                        "username": "${lc_username}",
                        "password": "${lc_password}",
                        "writeMode": "insert",
                        "batchSize": "${batchSize}",
                        "memstoreThreshold": "${memstoreThreshold}",
                        "column": [
                            "COM_ID",
                            "COM_NAME",
                            "SHT_NAME",
                            "ENG_NAME",
                            "NAT_BIZ"
                        ],
                        "connection": [
                            {
                                "table": [
                                    "LCINFOJOB.CP_GJ_COM_INFO_VIEW"
                                ],
                                "jdbcUrl": "${lc_jdbcUrl}"
                            }
                        ],
                        "preSql": [
                            "truncate table LCINFOJOB.CP_GJ_COM_INFO_VIEW"
                        ]
                    }
                }
            }
        ],
        "setting": {
            "speed": {
                "channel": "${channel}"
            },
            "errorLimit": {
                "percentage": "${percentage}"
            }
        }
    }
}