{
    "job": {
        "content": [
            {
                "reader": {
                    "name": "${cp_reader}",
                    "parameter": {
                        "username": "${cp_username}",
                        "password": "${cp_password}",
                        "column": [],
                        "connection": [
                            {
                                "table": [
                                    "default_from_table"
                                ],
                                "jdbcUrl": [
                                    "${cp_jdbcUrl}"
                                ]
                            }
                        ]
                    }
                },
                "writer": {
                    "name": "${lc_writer}",
                    "parameter": {
                        "username": "${lc_username}",
                        "password": "${lc_password}",
                        "writeMode": "insert",
                        "batchSize": "${batchSize}",
                        "memstoreThreshold": "${memstoreThreshold}",
                        "column": [],
                        "connection": [
                            {
                                "table": [
                                    "lcinfojob"
                                ],
                                "jdbcUrl": "${lc_jdbcUrl}"
                            }
                        ]
                    }
                }
            },
            {
                "reader": {
                    "name": "${cp_reader}",
                    "parameter": {
                        "username": "${cp_username}",
                        "password": "${cp_password}",
                        "column": [
                            "dept_num",
                            "id",
                            "code_type"
                        ],
                        "connection": [
                            {
                                "table": [
                                    "(select  id,code_type ,wmsys.wm_concat(c.org_num) dept_num            from otc.gj_g2010_org_dep_info a             left join otc.l_organization c                     on a.dept_num= c.org_id            where type=1            and code_type!=1            group by id,code_type) A"
                                ],
                                "jdbcUrl": [
                                    "${cp_jdbcUrl}"
                                ]
                            }
                        ]
                    }
                },
                "writer": {
                    "name": "${lc_writer}",
                    "parameter": {
                        "username": "${lc_username}",
                        "password": "${lc_password}",
                        "writeMode": "insert",
                        "batchSize": "${batchSize}",
                        "memstoreThreshold": "${memstoreThreshold}",
                        "column": [
                            "dept_num",
                            "code",
                            "type"
                        ],
                        "connection": [
                            {
                                "table": [
                                    "lcinfojob.wm_concat(c.org_num) dept_num            from otc.gj_g2010_org_dep_info a             left join otc.l_organization c                     on a.dept_num= c.org_id            where type=1            and code_type!=1            group by id,code_type) A"
                                ],
                                "jdbcUrl": "${lc_jdbcUrl}"
                            }
                        ],
                        "preSql": [
                            "truncate table lcinfojob.wm_concat(c.org_num) dept_num            from otc.gj_g2010_org_dep_info a             left join otc.l_organization c                     on a.dept_num= c.org_id            where type=1            and code_type!=1            group by id,code_type) A"
                        ]
                    }
                }
            }
        ],
        "setting": {
            "speed": {
                "channel": "${channel}"
            },
            "errorLimit": {
                "percentage": "${percentage}"
            }
        }
    }
}