{
    "job": {
        "content": [
            {
                "reader": {
                    "name": "${cp_reader}",
                    "parameter": {
                        "username": "${cp_username}",
                        "password": "${cp_password}",
                        "column": [
                            "distinct pro_provider",
                            "sup_name",
                            "'1'"
                        ],
                        "connection": [
                            {
                                "table": [
                                    "(SELECT DISTINCT PRO_PROVIDER,                             CASE                               WHEN INSTR(SUP_NAME, '基金') = 0 THEN                                SUP_NAME                               ELSE                                SUBSTR(SUP_NAME,                                       1,                                       INSTR(SUP_NAME, '基金') + 1)                             END SUP_NAME               FROM OTC.GJ_G2010_PROD_INFO_BASE              WHERE PROD_TYPE = '1'                AND PRO_PROVIDER IS NOT NULL) A"
                                ],
                                "jdbcUrl": [
                                    "${cp_jdbcUrl}"
                                ]
                            }
                        ]
                    }
                },
                "writer": {
                    "name": "${lc_writer}",
                    "parameter": {
                        "username": "${lc_username}",
                        "password": "${lc_password}",
                        "writeMode": "insert",
                        "batchSize": "${batchSize}",
                        "memstoreThreshold": "${memstoreThreshold}",
                        "column": [
                            "CODE",
                            "NAME",
                            "TYPE"
                        ],
                        "connection": [
                            {
                                "table": [
                                    "LCINFOJOB.CP_GJ_G2010_PROD_INFO_BASE              WHERE PROD_TYPE = '1'                AND PRO_PROVIDER IS NOT NULL) A"
                                ],
                                "jdbcUrl": "${lc_jdbcUrl}"
                            }
                        ],
                        "preSql": [
                            "truncate table LCINFOJOB.CP_GJ_G2010_PROD_INFO_BASE              WHERE PROD_TYPE = '1'                AND PRO_PROVIDER IS NOT NULL) A"
                        ]
                    }
                }
            },
            {
                "reader": {
                    "name": "${cp_reader}",
                    "parameter": {
                        "username": "${cp_username}",
                        "password": "${cp_password}",
                        "column": [
                            "distinct module_code",
                            "module_name",
                            "'2'"
                        ],
                        "connection": [
                            {
                                "table": [
                                    "OTC142.PROD_INVEST_MODULE_TOP"
                                ],
                                "jdbcUrl": [
                                    "${cp_jdbcUrl}"
                                ]
                            }
                        ]
                    }
                },
                "writer": {
                    "name": "${lc_writer}",
                    "parameter": {
                        "username": "${lc_username}",
                        "password": "${lc_password}",
                        "writeMode": "insert",
                        "batchSize": "${batchSize}",
                        "memstoreThreshold": "${memstoreThreshold}",
                        "column": [
                            "CODE",
                            "NAME",
                            "TYPE"
                        ],
                        "connection": [
                            {
                                "table": [
                                    "LCINFOJOB.CP_PROD_INVEST_MODULE_TOP"
                                ],
                                "jdbcUrl": "${lc_jdbcUrl}"
                            }
                        ]
                    }
                }
            }
        ],
        "setting": {
            "speed": {
                "channel": "${channel}"
            },
            "errorLimit": {
                "percentage": "${percentage}"
            }
        }
    }
}