{
    "job": {
        "content": [
            {
                "reader": {
                    "name": "${cp_reader}",
                    "parameter": {
                        "username": "${cp_username}",
                        "password": "${cp_password}",
                        "column": [
                            "PRO_CODE",
                            "PRO_NAME",
                            "SHT_NAME",
                            "PART_PRICE",
                            "STL_RISK_TYPE",
                            "decode(phase, '1', EXP_GAINS / 100, null)",
                            "replace(PRO_NATURE, '。')",
                            "PMINAMT",
                            "to_char(ENDDATE, 'YYYYMMDD')",
                            "ENDDATE - BEGINDATE + 1",
                            "ENDDATE - BEGINDATE + 1",
                            "PMINAMT / 10000 || '万元起，追加最低为' || decode(sign(PADDMINAMT / 10000 - 1), -1, to_char(PADDMINAMT / 10000, 'fm999999990.0999'), to_char(PADDMINAMT / 10000)) || '万元的整数倍。'",
                            "INV_RAN",
                            "INV_MNG",
                            "to_char(TO_DATE(OPEN_DATE, 'YYYY-MM-DD'), 'YYYY-MM-DD')",
                            "to_char(otc.BLOB_TO_VARCHAR (RATE_STRUCT))",
                            "PMINAMT",
                            "PMINAMT",
                            "sysdate",
                            "'2'",
                            "STL_RISK_TYPE",
                            "PRO_KIND",
                            "PRO_TERM",
                            "PRO_VIDEO",
                            "RISK_APPETITE",
                            "PRO_CTRLKIND",
                            "PRO_PCTRLKINDS",
                            "PPROFEINVEST",
                            "PMINLEVEL",
                            "PRO_BUYFLOW",
                            "CALMHOURS",
                            "EXTQTY1"
                        ],
                        "connection": [
                            {
                                "table": [
                                    "OTC.GJ_PROD_OWNOTC"
                                ],
                                "jdbcUrl": [
                                    "${cp_jdbcUrl}"
                                ]
                            }
                        ]
                    }
                },
                "writer": {
                    "name": "${lc_writer}",
                    "parameter": {
                        "username": "${lc_username}",
                        "password": "${lc_password}",
                        "writeMode": "insert",
                        "batchSize": "${batchSize}",
                        "memstoreThreshold": "${memstoreThreshold}",
                        "column": [
                            "STOCK_CODE",
                            "STOCK_NAME",
                            "SHT_NAME",
                            "PAR_VALUE",
                            "RISK_LEVEL",
                            "INCOME_RATIO",
                            "STOCK_PROPERTY",
                            "AMOUNT_LIMIT",
                            "END_DATE",
                            "PRODUCT_DAYS",
                            "TIME_LIMIT",
                            "INVESTMENT_SILL",
                            "INVESTMENT_SCOPE",
                            "INVESTMENT_PEOPLE",
                            "INVESTMENT_OPEN_DATE",
                            "INVESTMENT_RATE",
                            "MIN_AMOUNT",
                            "SURPLUS_AMOUNT",
                            "REC_GEN_TIME",
                            "DATA_SOURCE",
                            "STL_RISK_TYPE",
                            "PRO_KIND",
                            "PRO_TERM",
                            "PRO_VIDEO",
                            "RISK_APPETITE",
                            "PRO_CTRLKIND",
                            "PRO_PCTRLKINDS",
                            "PPROFEINVEST",
                            "PMINLEVEL",
                            "PRO_BUYFLOW",
                            "CALMHOURS",
                            "EXTQTY1"
                        ],
                        "connection": [
                            {
                                "table": [
                                    "lcinfojob.GJ_PROD_OWNOTC"
                                ],
                                "jdbcUrl": "${lc_jdbcUrl}"
                            }
                        ],
                        "preSql": [
                            "truncate table lcinfojob.GJ_PROD_OWNOTC"
                        ]
                    }
                }
            },
            {
                "reader": {
                    "name": "${cp_reader}",
                    "parameter": {
                        "username": "${cp_username}",
                        "password": "${cp_password}",
                        "column": [],
                        "connection": [
                            {
                                "table": [
                                    "default_from_table"
                                ],
                                "jdbcUrl": [
                                    "${cp_jdbcUrl}"
                                ]
                            }
                        ]
                    }
                },
                "writer": {
                    "name": "${lc_writer}",
                    "parameter": {
                        "username": "${lc_username}",
                        "password": "${lc_password}",
                        "writeMode": "insert",
                        "batchSize": "${batchSize}",
                        "memstoreThreshold": "${memstoreThreshold}",
                        "column": [],
                        "connection": [
                            {
                                "table": [
                                    "lcinfojob"
                                ],
                                "jdbcUrl": "${lc_jdbcUrl}"
                            }
                        ]
                    }
                }
            },
            {
                "reader": {
                    "name": "${cp_reader}",
                    "parameter": {
                        "username": "${cp_username}",
                        "password": "${cp_password}",
                        "column": [
                            "PRO_CODE",
                            "PRO_NAME",
                            "SHT_NAME",
                            "PART_PRICE",
                            "STL_RISK_TYPE",
                            "decode(phase, '1', EXP_GAINS / 100, null)",
                            "replace(PRO_NATURE, '。')",
                            "PMINAMT",
                            "TO_CHAR(ENDDATE, 'YYYYMMDD')",
                            "ENDDATE - BEGINDATE + 1",
                            "ENDDATE - BEGINDATE + 1",
                            "PMINAMT / 10000 || '万元起，追加最低为' || decode(sign(PADDMINAMT / 10000 - 1), -1, to_char(PADDMINAMT / 10000, 'fm999999990.0999'), to_char(PADDMINAMT / 10000)) || '万元的整数倍。'",
                            "INV_RAN",
                            "INV_MNG",
                            "TO_CHAR(TO_DATE(OPEN_DATE, 'YYYY-MM-DD'), 'YYYY-MM-DD')",
                            "TO_CHAR(otc.BLOB_TO_VARCHAR (RATE_STRUCT))",
                            "PMINAMT",
                            "PMINAMT",
                            "sysdate",
                            "'2'",
                            "STL_RISK_TYPE",
                            "PRO_KIND",
                            "PRO_TERM",
                            "PRO_VIDEO",
                            "RISK_APPETITE",
                            "PRO_CTRLKIND",
                            "PRO_PCTRLKINDS",
                            "PPROFEINVEST",
                            "PMINLEVEL",
                            "PRO_BUYFLOW",
                            "CALMHOURS",
                            "EXTQTY1"
                        ],
                        "connection": [
                            {
                                "table": [
                                    "OTC.GJ_PROD_OWNOTC"
                                ],
                                "jdbcUrl": [
                                    "${cp_jdbcUrl}"
                                ]
                            }
                        ]
                    }
                },
                "writer": {
                    "name": "${lc_writer}",
                    "parameter": {
                        "username": "${lc_username}",
                        "password": "${lc_password}",
                        "writeMode": "insert",
                        "batchSize": "${batchSize}",
                        "memstoreThreshold": "${memstoreThreshold}",
                        "column": [
                            "STOCK_CODE",
                            "STOCK_NAME",
                            "SHT_NAME",
                            "PAR_VALUE",
                            "RISK_LEVEL",
                            "INCOME_RATIO",
                            "STOCK_PROPERTY",
                            "AMOUNT_LIMIT",
                            "END_DATE",
                            "PRODUCT_DAYS",
                            "TIME_LIMIT",
                            "INVESTMENT_SILL",
                            "INVESTMENT_SCOPE",
                            "INVESTMENT_PEOPLE",
                            "INVESTMENT_OPEN_DATE",
                            "INVESTMENT_RATE",
                            "MIN_AMOUNT",
                            "SURPLUS_AMOUNT",
                            "REC_GEN_TIME",
                            "DATA_SOURCE",
                            "STL_RISK_TYPE",
                            "PRO_KIND",
                            "PRO_TERM",
                            "PRO_VIDEO",
                            "RISK_APPETITE",
                            "PRO_CTRLKIND",
                            "PRO_PCTRLKINDS",
                            "PPROFEINVEST",
                            "PMINLEVEL",
                            "PRO_BUYFLOW",
                            "CALMHOURS",
                            "EXTQTY1"
                        ],
                        "connection": [
                            {
                                "table": [
                                    "lcinfojob.GJ_PROD_OWNOTC"
                                ],
                                "jdbcUrl": "${lc_jdbcUrl}"
                            }
                        ]
                    }
                }
            },
            {
                "reader": {
                    "name": "${cp_reader}",
                    "parameter": {
                        "username": "${cp_username}",
                        "password": "${cp_password}",
                        "column": [
                            "'1'",
                            "STOCK_CODE"
                        ],
                        "connection": [
                            {
                                "table": [
                                    "OTC.GJ_OTC_PRODUCT_SELL"
                                ],
                                "jdbcUrl": [
                                    "${cp_jdbcUrl}"
                                ]
                            }
                        ]
                    }
                },
                "writer": {
                    "name": "${lc_writer}",
                    "parameter": {
                        "username": "${lc_username}",
                        "password": "${lc_password}",
                        "writeMode": "insert",
                        "batchSize": "${batchSize}",
                        "memstoreThreshold": "${memstoreThreshold}",
                        "column": [
                            "DATA_SOURCE",
                            "STOCK_CODE"
                        ],
                        "connection": [
                            {
                                "table": [
                                    "lcinfojob.GJ_OTC_PRODUCT_SELL"
                                ],
                                "jdbcUrl": "${lc_jdbcUrl}"
                            }
                        ],
                        "preSql": [
                            "truncate table lcinfojob.GJ_OTC_PRODUCT_SELL"
                        ]
                    }
                }
            },
            {
                "reader": {
                    "name": "${cp_reader}",
                    "parameter": {
                        "username": "${cp_username}",
                        "password": "${cp_password}",
                        "column": [],
                        "connection": [
                            {
                                "table": [
                                    "default_from_table"
                                ],
                                "jdbcUrl": [
                                    "${cp_jdbcUrl}"
                                ]
                            }
                        ]
                    }
                },
                "writer": {
                    "name": "${lc_writer}",
                    "parameter": {
                        "username": "${lc_username}",
                        "password": "${lc_password}",
                        "writeMode": "insert",
                        "batchSize": "${batchSize}",
                        "memstoreThreshold": "${memstoreThreshold}",
                        "column": [],
                        "connection": [
                            {
                                "table": [
                                    "lcinfojob"
                                ],
                                "jdbcUrl": "${lc_jdbcUrl}"
                            }
                        ]
                    }
                }
            },
            {
                "reader": {
                    "name": "${cp_reader}",
                    "parameter": {
                        "username": "${cp_username}",
                        "password": "${cp_password}",
                        "column": [],
                        "connection": [
                            {
                                "table": [
                                    "default_from_table"
                                ],
                                "jdbcUrl": [
                                    "${cp_jdbcUrl}"
                                ]
                            }
                        ]
                    }
                },
                "writer": {
                    "name": "${lc_writer}",
                    "parameter": {
                        "username": "${lc_username}",
                        "password": "${lc_password}",
                        "writeMode": "insert",
                        "batchSize": "${batchSize}",
                        "memstoreThreshold": "${memstoreThreshold}",
                        "column": [],
                        "connection": [
                            {
                                "table": [
                                    "lcinfojob"
                                ],
                                "jdbcUrl": "${lc_jdbcUrl}"
                            }
                        ]
                    }
                }
            },
            {
                "reader": {
                    "name": "${cp_reader}",
                    "parameter": {
                        "username": "${cp_username}",
                        "password": "${cp_password}",
                        "column": [],
                        "connection": [
                            {
                                "table": [
                                    "default_from_table"
                                ],
                                "jdbcUrl": [
                                    "${cp_jdbcUrl}"
                                ]
                            }
                        ]
                    }
                },
                "writer": {
                    "name": "${lc_writer}",
                    "parameter": {
                        "username": "${lc_username}",
                        "password": "${lc_password}",
                        "writeMode": "insert",
                        "batchSize": "${batchSize}",
                        "memstoreThreshold": "${memstoreThreshold}",
                        "column": [],
                        "connection": [
                            {
                                "table": [
                                    "lcinfojob"
                                ],
                                "jdbcUrl": "${lc_jdbcUrl}"
                            }
                        ]
                    }
                }
            },
            {
                "reader": {
                    "name": "${cp_reader}",
                    "parameter": {
                        "username": "${cp_username}",
                        "password": "${cp_password}",
                        "column": [],
                        "connection": [
                            {
                                "table": [
                                    "default_from_table"
                                ],
                                "jdbcUrl": [
                                    "${cp_jdbcUrl}"
                                ]
                            }
                        ]
                    }
                },
                "writer": {
                    "name": "${lc_writer}",
                    "parameter": {
                        "username": "${lc_username}",
                        "password": "${lc_password}",
                        "writeMode": "insert",
                        "batchSize": "${batchSize}",
                        "memstoreThreshold": "${memstoreThreshold}",
                        "column": [],
                        "connection": [
                            {
                                "table": [
                                    "lcinfojob"
                                ],
                                "jdbcUrl": "${lc_jdbcUrl}"
                            }
                        ]
                    }
                }
            },
            {
                "reader": {
                    "name": "${cp_reader}",
                    "parameter": {
                        "username": "${cp_username}",
                        "password": "${cp_password}",
                        "column": [],
                        "connection": [
                            {
                                "table": [
                                    "default_from_table"
                                ],
                                "jdbcUrl": [
                                    "${cp_jdbcUrl}"
                                ]
                            }
                        ]
                    }
                },
                "writer": {
                    "name": "${lc_writer}",
                    "parameter": {
                        "username": "${lc_username}",
                        "password": "${lc_password}",
                        "writeMode": "insert",
                        "batchSize": "${batchSize}",
                        "memstoreThreshold": "${memstoreThreshold}",
                        "column": [],
                        "connection": [
                            {
                                "table": [
                                    "lcinfojob"
                                ],
                                "jdbcUrl": "${lc_jdbcUrl}"
                            }
                        ]
                    }
                }
            },
            {
                "reader": {
                    "name": "${cp_reader}",
                    "parameter": {
                        "username": "${cp_username}",
                        "password": "${cp_password}",
                        "column": [
                            "REC_GEN_TIME",
                            "REC_UPD_TIME",
                            "STOCK_CODE",
                            "STOCK_NAME",
                            "PAR_VALUE",
                            "RISK_LEVEL",
                            "INCOME_RATIO",
                            "STOCK_PROPERTY",
                            "TIME_LIMIT",
                            "AMOUNT_LIMIT",
                            "END_DATE",
                            "PRODUCT_DAYS",
                            "INVESTMENT_SILL",
                            "INVESTMENT_SCOPE",
                            "INVESTMENT_PEOPLE",
                            "INVESTMENT_OPEN_DATE",
                            "INVESTMENT_RATE",
                            "MIN_AMOUNT",
                            "SURPLUS_AMOUNT",
                            "TRANS_STATUS",
                            "SELL_STATUS",
                            "PUBLISH_DATE",
                            "SHELVES_DATE",
                            "SHT_NAME",
                            "DATA_SOURCE",
                            "PRO_ID",
                            "INCOME_TYPE",
                            "TRUSTEE_BANK",
                            "NAV_TOTAL",
                            "ISSUE_PERSON_DES",
                            "NAV_DATE",
                            "FOUND_DAY",
                            "FUND_SIZE",
                            "ECONTRACT_TYPE",
                            "FUND_COMPANY",
                            "LIMIT_END_DATE",
                            "PRODCODE_TYPE",
                            "NAV",
                            "TRUST_PERSON",
                            "ALLOT_LIMITSHARE",
                            "ALLOT_LIMITSHARE2",
                            "OPEN_SHARE",
                            "ORG_LOWLIMIT_BALANCE",
                            "MIN_SHARE2",
                            "ORG_LOWLIMIT_BALANCE2",
                            "ORG_APPEND_BALANCE2",
                            "MAX_PDSHARE",
                            "PRODSUB_RATE",
                            "INVEST_KIND",
                            "ORG_APPEND_BALANCE",
                            "MINSIZE",
                            "MIN_SHARE",
                            "IPO_END_DATE",
                            "PRODPRE_RATIO",
                            "PROD_STATUS",
                            "PROD_ID",
                            "PROD_MAX_BALA",
                            "STL_RISK_TYPE",
                            "PRO_KIND",
                            "PRO_TERM",
                            "PRO_VIDEO",
                            "RISK_APPETITE",
                            "PRO_CTRLKIND",
                            "PRO_PCTRLKINDS",
                            "PPROFEINVEST",
                            "PMINLEVEL",
                            "PRO_BUYFLOW",
                            "CALMHOURS",
                            "EXTQTY1",
                            "EN_PROF_FLAG",
                            "ELIGPAPER_VERSION",
                            "LOW_CORP_RISK_LEVEL",
                            "PROD_APPROVAL_TYPE",
                            "MAX_DEFICIT_RATE",
                            "ASSESS_LEVEL",
                            "PROD_SPONSOR",
                            "PRODTA_NO"
                        ],
                        "connection": [
                            {
                                "table": [
                                    "OTC.GJ_OTC_PRODUCT"
                                ],
                                "jdbcUrl": [
                                    "${cp_jdbcUrl}"
                                ]
                            }
                        ]
                    }
                },
                "writer": {
                    "name": "${lc_writer}",
                    "parameter": {
                        "username": "${lc_username}",
                        "password": "${lc_password}",
                        "writeMode": "insert",
                        "batchSize": "${batchSize}",
                        "memstoreThreshold": "${memstoreThreshold}",
                        "column": [
                            "REC_GEN_TIME",
                            "REC_UPD_TIME",
                            "STOCK_CODE",
                            "STOCK_NAME",
                            "PAR_VALUE",
                            "RISK_LEVEL",
                            "INCOME_RATIO",
                            "STOCK_PROPERTY",
                            "TIME_LIMIT",
                            "AMOUNT_LIMIT",
                            "END_DATE",
                            "PRODUCT_DAYS",
                            "INVESTMENT_SILL",
                            "INVESTMENT_SCOPE",
                            "INVESTMENT_PEOPLE",
                            "INVESTMENT_OPEN_DATE",
                            "INVESTMENT_RATE",
                            "MIN_AMOUNT",
                            "SURPLUS_AMOUNT",
                            "TRANS_STATUS",
                            "SELL_STATUS",
                            "PUBLISH_DATE",
                            "SHELVES_DATE",
                            "SHT_NAME",
                            "DATA_SOURCE",
                            "PRO_ID",
                            "INCOME_TYPE",
                            "TRUSTEE_BANK",
                            "NAV_TOTAL",
                            "ISSUE_PERSON_DES",
                            "NAV_DATE",
                            "FOUND_DAY",
                            "FUND_SIZE",
                            "ECONTRACT_TYPE",
                            "FUND_COMPANY",
                            "LIMIT_END_DATE",
                            "PRODCODE_TYPE",
                            "NAV",
                            "TRUST_PERSON",
                            "ALLOT_LIMITSHARE",
                            "ALLOT_LIMITSHARE2",
                            "OPEN_SHARE",
                            "ORG_LOWLIMIT_BALANCE",
                            "MIN_SHARE2",
                            "ORG_LOWLIMIT_BALANCE2",
                            "ORG_APPEND_BALANCE2",
                            "MAX_PDSHARE",
                            "PRODSUB_RATE",
                            "INVEST_KIND",
                            "ORG_APPEND_BALANCE",
                            "MINSIZE",
                            "MIN_SHARE",
                            "IPO_END_DATE",
                            "PRODPRE_RATIO",
                            "PROD_STATUS",
                            "PROD_ID",
                            "PROD_MAX_BALA",
                            "STL_RISK_TYPE",
                            "PRO_KIND",
                            "PRO_TERM",
                            "PRO_VIDEO",
                            "RISK_APPETITE",
                            "PRO_CTRLKIND",
                            "PRO_PCTRLKINDS",
                            "PPROFEINVEST",
                            "PMINLEVEL",
                            "PRO_BUYFLOW",
                            "CALMHOURS",
                            "EXTQTY1",
                            "EN_PROF_FLAG",
                            "ELIGPAPER_VERSION",
                            "LOW_CORP_RISK_LEVEL",
                            "PROD_APPROVAL_TYPE",
                            "MAX_DEFICIT_RATE",
                            "ASSESS_LEVEL",
                            "PROD_SPONSOR",
                            "PRODTA_NO"
                        ],
                        "connection": [
                            {
                                "table": [
                                    "lcinfojob.GJ_OTC_PRODUCT"
                                ],
                                "jdbcUrl": "${lc_jdbcUrl}"
                            }
                        ],
                        "preSql": [
                            "truncate table lcinfojob.GJ_OTC_PRODUCT"
                        ]
                    }
                }
            }
        ],
        "setting": {
            "speed": {
                "channel": "${channel}"
            },
            "errorLimit": {
                "percentage": "${percentage}"
            }
        }
    }
}