{
    "job": {
        "content": [
            {
                "reader": {
                    "name": "${cp_reader}",
                    "parameter": {
                        "username": "${cp_username}",
                        "password": "${cp_password}",
                        "column": [
                            "rn",
                            "EID",
                            "ESEQID",
                            "EITIME",
                            "EUTIME",
                            "EGETTIME",
                            "EISDEL",
                            "RSQUARE",
                            "ENDDATE",
                            "DOWNSIDESTD",
                            "BENCHMARK",
                            "SHARPRATIO",
                            "SECINNERCODE",
                            "STARTDATE",
                            "ALPHA",
                            "TRD_CODE",
                            "STD",
                            "BETA",
                            "INFORATIO",
                            "INDEXTMTYPE",
                            "MAXDRAWDOWN",
                            "CLMAXDRAWDOWN",
                            "ESOURCEMEMO"
                        ],
                        "connection": [
                            {
                                "table": [
                                    "(SELECT ROW_NUMBER() OVER(PARTITION BY A.TRD_CODE ORDER BY A.ENDDATE DESC) RN,                    A.*               FROM OTC.CPZX_PRO_FNDCN_DR_TECHINDEX_CAL A)"
                                ],
                                "jdbcUrl": [
                                    "${cp_jdbcUrl}"
                                ]
                            }
                        ]
                    }
                },
                "writer": {
                    "name": "${lc_writer}",
                    "parameter": {
                        "username": "${lc_username}",
                        "password": "${lc_password}",
                        "writeMode": "insert",
                        "batchSize": "${batchSize}",
                        "memstoreThreshold": "${memstoreThreshold}",
                        "column": [
                            "rn",
                            "EID",
                            "ESEQID",
                            "EITIME",
                            "EUTIME",
                            "EGETTIME",
                            "EISDEL",
                            "RSQUARE",
                            "ENDDATE",
                            "DOWNSIDESTD",
                            "BENCHMARK",
                            "SHARPRATIO",
                            "SECINNERCODE",
                            "STARTDATE",
                            "ALPHA",
                            "TRD_CODE",
                            "STD",
                            "BETA",
                            "INFORATIO",
                            "INDEXTMTYPE",
                            "MAXDRAWDOWN",
                            "CLMAXDRAWDOWN",
                            "ESOURCEMEMO"
                        ],
                        "connection": [
                            {
                                "table": [
                                    "LCINFOJOB.CP_TRD_CODE ORDER BY A.ENDDATE DESC) RN,                    A.*               FROM OTC.CPZX_PRO_FNDCN_DR_TECHINDEX_CAL A)"
                                ],
                                "jdbcUrl": "${lc_jdbcUrl}"
                            }
                        ],
                        "preSql": [
                            "truncate table LCINFOJOB.CP_TRD_CODE ORDER BY A.ENDDATE DESC) RN,                    A.*               FROM OTC.CPZX_PRO_FNDCN_DR_TECHINDEX_CAL A)"
                        ]
                    }
                }
            }
        ],
        "setting": {
            "speed": {
                "channel": "${channel}"
            },
            "errorLimit": {
                "percentage": "${percentage}"
            }
        }
    }
}