{
    "job": {
        "content": [
            {
                "reader": {
                    "name": "${cp_reader}",
                    "parameter": {
                        "username": "${cp_username}",
                        "password": "${cp_password}",
                        "column": [
                            "INVEST_CNT_1Y",
                            "INVEST_CNT_ALL_1Y",
                            "INVEST_RATE_1Y",
                            "INVEST_CNT_7D",
                            "INVEST_CNT_ALL_7D",
                            "INVEST_RATE_7D",
                            "INVEST_CNT_1M",
                            "INVEST_CNT_ALL_1M",
                            "INVEST_RATE_1M",
                            "INVEST_CNT_3M",
                            "INVEST_CNT_ALL_3M",
                            "INVEST_RATE_3M",
                            "INVEST_CNT_6M",
                            "INVEST_CNT_ALL_6M",
                            "INVEST_RATE_6M",
                            "PRO_ID"
                        ],
                        "connection": [
                            {
                                "table": [
                                    "(SELECT PRO_ID,                 SUM(INVEST_KBN_7D) INVEST_CNT_7D,                 COUNT(TRADE_DATE_7D) INVEST_CNT_ALL_7D,                 DECODE(SUM(INVEST_KBN_7D),                        0,                        0,                        SUM(INVEST_KBN_7D) / COUNT(TRADE_DATE_7D)) INVEST_RATE_7D,                 SUM(INVEST_KBN_1M) INVEST_CNT_1M,                 COUNT(TRADE_DATE_1M) INVEST_CNT_ALL_1M,                 DECODE(SUM(INVEST_KBN_1M),                        0,                        0,                        SUM(INVEST_KBN_1M) / COUNT(TRADE_DATE_1M)) INVEST_RATE_1M,                 SUM(INVEST_KBN_3M) INVEST_CNT_3M,                 COUNT(TRADE_DATE_3M) INVEST_CNT_ALL_3M,                 DECODE(SUM(INVEST_KBN_3M),                        0,                        0,                        SUM(INVEST_KBN_3M) / COUNT(TRADE_DATE_3M)) INVEST_RATE_3M,                 SUM(INVEST_KBN_6M) INVEST_CNT_6M,                 COUNT(TRADE_DATE_6M) INVEST_CNT_ALL_6M,                 DECODE(SUM(INVEST_KBN_6M),                        0,                        0,                        SUM(INVEST_KBN_6M) / COUNT(TRADE_DATE_6M)) INVEST_RATE_6M,                 SUM(INVEST_KBN_1Y) INVEST_CNT_1Y,                 COUNT(TRADE_DATE_1Y) INVEST_CNT_ALL_1Y,                 DECODE(SUM(INVEST_KBN_1Y),                        0,                        0,                        SUM(INVEST_KBN_1Y) / COUNT(TRADE_DATE_1Y)) INVEST_RATE_1Y            FROM OTC.GJ_PROD_CAL_INVEST_RATE           GROUP BY PRO_ID)"
                                ],
                                "jdbcUrl": [
                                    "${cp_jdbcUrl}"
                                ]
                            }
                        ]
                    }
                },
                "writer": {
                    "name": "${lc_writer}",
                    "parameter": {
                        "username": "${lc_username}",
                        "password": "${lc_password}",
                        "writeMode": "insert",
                        "batchSize": "${batchSize}",
                        "memstoreThreshold": "${memstoreThreshold}",
                        "column": [
                            "INVEST_CNT",
                            "INVEST_CNT_ALL",
                            "INVEST_RATE",
                            "INVEST_CNT_7D",
                            "INVEST_CNT_ALL_7D",
                            "INVEST_RATE_7D",
                            "INVEST_CNT_1M",
                            "INVEST_CNT_ALL_1M",
                            "INVEST_RATE_1M",
                            "INVEST_CNT_3M",
                            "INVEST_CNT_ALL_3M",
                            "INVEST_RATE_3M",
                            "INVEST_CNT_6M",
                            "INVEST_CNT_ALL_6M",
                            "INVEST_RATE_6M",
                            "PRO_ID"
                        ],
                        "connection": [
                            {
                                "table": [
                                    "LCINFOJOB.CP_GJ_PROD_CAL_INVEST_RATE           GROUP BY PRO_ID)"
                                ],
                                "jdbcUrl": "${lc_jdbcUrl}"
                            }
                        ],
                        "preSql": [
                            "truncate table LCINFOJOB.CP_GJ_PROD_CAL_INVEST_RATE           GROUP BY PRO_ID)"
                        ]
                    }
                }
            }
        ],
        "setting": {
            "speed": {
                "channel": "${channel}"
            },
            "errorLimit": {
                "percentage": "${percentage}"
            }
        }
    }
}