{
    "job": {
        "content": [
            {
                "reader": {
                    "name": "${cp_reader}",
                    "parameter": {
                        "username": "${cp_username}",
                        "password": "${cp_password}",
                        "column": [
                            "sub_sta",
                            "ref_sta",
                            "red_sta",
                            "jzjy_status",
                            "case when sell_sta = '1' and (sub_sta = '1' or ref_sta = '1') then '1' else '2' end buy_status",
                            "pro_code",
                            "'2'"
                        ],
                        "connection": [
                            {
                                "table": [
                                    "OTC.GJ_PRO_OWN_VIEW"
                                ],
                                "jdbcUrl": [
                                    "${cp_jdbcUrl}"
                                ]
                            }
                        ]
                    }
                },
                "writer": {
                    "name": "${lc_writer}",
                    "parameter": {
                        "username": "${lc_username}",
                        "password": "${lc_password}",
                        "writeMode": "insert",
                        "batchSize": "${batchSize}",
                        "memstoreThreshold": "${memstoreThreshold}",
                        "column": [
                            "sub_sta",
                            "ref_sta",
                            "red_sta",
                            "jzjy_status",
                            "buy_status",
                            "prod_code",
                            "prod_type"
                        ],
                        "connection": [
                            {
                                "table": [
                                    "LCINFOJOB.CP_GJ_PRO_OWN_VIEW"
                                ],
                                "jdbcUrl": "${lc_jdbcUrl}"
                            }
                        ],
                        "preSql": [
                            "truncate table LCINFOJOB.CP_GJ_PRO_OWN_VIEW"
                        ]
                    }
                }
            },
            {
                "reader": {
                    "name": "${cp_reader}",
                    "parameter": {
                        "username": "${cp_username}",
                        "password": "${cp_password}",
                        "column": [
                            "sub_sta",
                            "ref_sta",
                            "red_sta",
                            "jzjy_status",
                            "case when sell_sta = '1' and (sub_sta = '1' or ref_sta = '1') then '1' else '2' end buy_status",
                            "pro_code",
                            "'2'"
                        ],
                        "connection": [
                            {
                                "table": [
                                    "OTC.GJ_PRO_OWN_VIEW"
                                ],
                                "jdbcUrl": [
                                    "${cp_jdbcUrl}"
                                ]
                            }
                        ]
                    }
                },
                "writer": {
                    "name": "${lc_writer}",
                    "parameter": {
                        "username": "${lc_username}",
                        "password": "${lc_password}",
                        "writeMode": "insert",
                        "batchSize": "${batchSize}",
                        "memstoreThreshold": "${memstoreThreshold}",
                        "column": [
                            "sub_sta",
                            "ref_sta",
                            "red_sta",
                            "jzjy_status",
                            "buy_status",
                            "prod_code",
                            "prod_type"
                        ],
                        "connection": [
                            {
                                "table": [
                                    "LCINFOJOB.CP_GJ_PRO_OWN_VIEW"
                                ],
                                "jdbcUrl": "${lc_jdbcUrl}"
                            }
                        ],
                        "preSql": [
                            "truncate table LCINFOJOB.CP_GJ_PRO_OWN_VIEW"
                        ]
                    }
                }
            }
        ],
        "setting": {
            "speed": {
                "channel": "${channel}"
            },
            "errorLimit": {
                "percentage": "${percentage}"
            }
        }
    }
}