{
    "job": {
        "content": [
            {
                "reader": {
                    "name": "${cp_reader}",
                    "parameter": {
                        "username": "${cp_username}",
                        "password": "${cp_password}",
                        "column": [
                            "EID",
                            "MANAGER",
                            "PERSONCODE",
                            "TRD_CODE",
                            "UPDATEDATE",
                            "YIELDSINCES",
                            "RANKSINCE3Y",
                            "SECURITYTYPE",
                            "YIELDSINCE3Y",
                            "RANKSINCE2Y",
                            "YIELDSINCET",
                            "REMARK",
                            "YIELDSINCEL1M",
                            "YIELDSINCEL3M",
                            "NATUREPOSTYEAR",
                            "RANKSINCET",
                            "YIELDSINCE1Y",
                            "YIELDSINCE6M",
                            "RANKSINCE1Y",
                            "YIELDSINCE2Y",
                            "GEOYIELDA",
                            "ACCUPOSTYEAR",
                            "ESOURCEMEMO",
                            "EUTIME",
                            "NUM"
                        ],
                        "connection": [
                            {
                                "table": [
                                    "otc.MNG_PFMANCE_TOTAL"
                                ],
                                "jdbcUrl": [
                                    "${cp_jdbcUrl}"
                                ]
                            }
                        ]
                    }
                },
                "writer": {
                    "name": "${lc_writer}",
                    "parameter": {
                        "username": "${lc_username}",
                        "password": "${lc_password}",
                        "writeMode": "insert",
                        "batchSize": "${batchSize}",
                        "memstoreThreshold": "${memstoreThreshold}",
                        "column": [
                            "EID",
                            "MANAGER",
                            "PERSONCODE",
                            "TRD_CODE",
                            "UPDATEDATE",
                            "YIELDSINCES",
                            "RANKSINCE3Y",
                            "SECURITYTYPE",
                            "YIELDSINCE3Y",
                            "RANKSINCE2Y",
                            "YIELDSINCET",
                            "REMARK",
                            "YIELDSINCEL1M",
                            "YIELDSINCEL3M",
                            "NATUREPOSTYEAR",
                            "RANKSINCET",
                            "YIELDSINCE1Y",
                            "YIELDSINCE6M",
                            "RANKSINCE1Y",
                            "YIELDSINCE2Y",
                            "GEOYIELDA",
                            "ACCUPOSTYEAR",
                            "ESOURCEMEMO",
                            "EUTIME",
                            "NUM"
                        ],
                        "connection": [
                            {
                                "table": [
                                    "lcinfojob.MNG_PFMANCE_TOTAL"
                                ],
                                "jdbcUrl": "${lc_jdbcUrl}"
                            }
                        ],
                        "preSql": [
                            "truncate table lcinfojob.MNG_PFMANCE_TOTAL"
                        ]
                    }
                }
            },
            {
                "reader": {
                    "name": "${cp_reader}",
                    "parameter": {
                        "username": "${cp_username}",
                        "password": "${cp_password}",
                        "column": [
                            "PERSONCODE",
                            "NATUREPOSTYEAR"
                        ],
                        "connection": [
                            {
                                "table": [
                                    "(SELECT personcode, MAX(NATUREPOSTYEAR) NATUREPOSTYEAR            FROM prodn_dm.mng_pfmance_total           GROUP BY personcode)"
                                ],
                                "jdbcUrl": [
                                    "${cp_jdbcUrl}"
                                ]
                            }
                        ]
                    }
                },
                "writer": {
                    "name": "${lc_writer}",
                    "parameter": {
                        "username": "${lc_username}",
                        "password": "${lc_password}",
                        "writeMode": "insert",
                        "batchSize": "${batchSize}",
                        "memstoreThreshold": "${memstoreThreshold}",
                        "column": [
                            "PERSONCODE",
                            "NATUREPOSTYEAR"
                        ],
                        "connection": [
                            {
                                "table": [
                                    "lcinfojob.mng_pfmance_total           GROUP BY personcode)"
                                ],
                                "jdbcUrl": "${lc_jdbcUrl}"
                            }
                        ],
                        "preSql": [
                            "truncate table lcinfojob.mng_pfmance_total           GROUP BY personcode)"
                        ]
                    }
                }
            },
            {
                "reader": {
                    "name": "${cp_reader}",
                    "parameter": {
                        "username": "${cp_username}",
                        "password": "${cp_password}",
                        "column": [],
                        "connection": [
                            {
                                "table": [
                                    "default_from_table"
                                ],
                                "jdbcUrl": [
                                    "${cp_jdbcUrl}"
                                ]
                            }
                        ]
                    }
                },
                "writer": {
                    "name": "${lc_writer}",
                    "parameter": {
                        "username": "${lc_username}",
                        "password": "${lc_password}",
                        "writeMode": "insert",
                        "batchSize": "${batchSize}",
                        "memstoreThreshold": "${memstoreThreshold}",
                        "column": [],
                        "connection": [
                            {
                                "table": [
                                    "lcinfojob"
                                ],
                                "jdbcUrl": "${lc_jdbcUrl}"
                            }
                        ]
                    }
                }
            },
            {
                "reader": {
                    "name": "${cp_reader}",
                    "parameter": {
                        "username": "${cp_username}",
                        "password": "${cp_password}",
                        "column": [
                            "TRD_COE_D",
                            "EID",
                            "MANAGER",
                            "PERSONCODE",
                            "TRD_CODE",
                            "UPDATEDATE",
                            "YIELDSINCES",
                            "RANKSINCE3Y",
                            "SECURITYTYPE",
                            "YIELDSINCE3Y",
                            "RANKSINCE2Y",
                            "YIELDSINCET",
                            "REMARK",
                            "YIELDSINCEL1M",
                            "YIELDSINCEL3M",
                            "NATUREPOSTYEAR",
                            "RANKSINCET",
                            "YIELDSINCE1Y",
                            "YIELDSINCE6M",
                            "RANKSINCE1Y",
                            "YIELDSINCE2Y",
                            "GEOYIELDA",
                            "ACCUPOSTYEAR",
                            "ESOURCEMEMO",
                            "EUTIME",
                            "NUM"
                        ],
                        "connection": [
                            {
                                "table": [
                                    "(select REGEXP_SUBSTR(trd_code, '[^,]+', 1, LEVEL) TRD_COE_D, a.*       FROM otc.MNG_PFMANCE_LATEST a     CONNECT BY LEVEL <= REGEXP_COUNT(trd_code, '[^,]+')            and rowid = prior rowid            and prior dbms_random.value is not null      order by trd_code) a"
                                ],
                                "jdbcUrl": [
                                    "${cp_jdbcUrl}"
                                ]
                            }
                        ]
                    }
                },
                "writer": {
                    "name": "${lc_writer}",
                    "parameter": {
                        "username": "${lc_username}",
                        "password": "${lc_password}",
                        "writeMode": "insert",
                        "batchSize": "${batchSize}",
                        "memstoreThreshold": "${memstoreThreshold}",
                        "column": [
                            "TRD_COE_D",
                            "EID",
                            "MANAGER",
                            "PERSONCODE",
                            "TRD_CODE",
                            "UPDATEDATE",
                            "YIELDSINCES",
                            "RANKSINCE3Y",
                            "SECURITYTYPE",
                            "YIELDSINCE3Y",
                            "RANKSINCE2Y",
                            "YIELDSINCET",
                            "REMARK",
                            "YIELDSINCEL1M",
                            "YIELDSINCEL3M",
                            "NATUREPOSTYEAR",
                            "RANKSINCET",
                            "YIELDSINCE1Y",
                            "YIELDSINCE6M",
                            "RANKSINCE1Y",
                            "YIELDSINCE2Y",
                            "GEOYIELDA",
                            "ACCUPOSTYEAR",
                            "ESOURCEMEMO",
                            "EUTIME",
                            "NUM"
                        ],
                        "connection": [
                            {
                                "table": [
                                    "lcinfojob.*       FROM otc.MNG_PFMANCE_LATEST a     CONNECT BY LEVEL <= REGEXP_COUNT(trd_code, '[^,]+')            and rowid = prior rowid            and prior dbms_random.value is not null      order by trd_code) a"
                                ],
                                "jdbcUrl": "${lc_jdbcUrl}"
                            }
                        ],
                        "preSql": [
                            "truncate table lcinfojob.*       FROM otc.MNG_PFMANCE_LATEST a     CONNECT BY LEVEL <= REGEXP_COUNT(trd_code, '[^,]+')            and rowid = prior rowid            and prior dbms_random.value is not null      order by trd_code) a"
                        ]
                    }
                }
            },
            {
                "reader": {
                    "name": "${cp_reader}",
                    "parameter": {
                        "username": "${cp_username}",
                        "password": "${cp_password}",
                        "column": [],
                        "connection": [
                            {
                                "table": [
                                    "default_from_table"
                                ],
                                "jdbcUrl": [
                                    "${cp_jdbcUrl}"
                                ]
                            }
                        ]
                    }
                },
                "writer": {
                    "name": "${lc_writer}",
                    "parameter": {
                        "username": "${lc_username}",
                        "password": "${lc_password}",
                        "writeMode": "insert",
                        "batchSize": "${batchSize}",
                        "memstoreThreshold": "${memstoreThreshold}",
                        "column": [],
                        "connection": [
                            {
                                "table": [
                                    "lcinfojob"
                                ],
                                "jdbcUrl": "${lc_jdbcUrl}"
                            }
                        ]
                    }
                }
            },
            {
                "reader": {
                    "name": "${cp_reader}",
                    "parameter": {
                        "username": "${cp_username}",
                        "password": "${cp_password}",
                        "column": [
                            "TRD_COE_D",
                            "EID",
                            "MANAGER",
                            "PERSONCODE",
                            "TRD_CODE",
                            "UPDATEDATE",
                            "YIELDSINCES",
                            "RANKSINCE3Y",
                            "SECURITYTYPE",
                            "YIELDSINCE3Y",
                            "RANKSINCE2Y",
                            "YIELDSINCET",
                            "REMARK",
                            "YIELDSINCEL1M",
                            "YIELDSINCEL3M",
                            "NATUREPOSTYEAR",
                            "RANKSINCET",
                            "YIELDSINCE1Y",
                            "YIELDSINCE6M",
                            "RANKSINCE1Y",
                            "YIELDSINCE2Y",
                            "GEOYIELDA",
                            "ACCUPOSTYEAR",
                            "ESOURCEMEMO",
                            "EUTIME",
                            "NUM"
                        ],
                        "connection": [
                            {
                                "table": [
                                    "otc.MNG_PFMANCE_LATEST_D"
                                ],
                                "jdbcUrl": [
                                    "${cp_jdbcUrl}"
                                ]
                            }
                        ]
                    }
                },
                "writer": {
                    "name": "${lc_writer}",
                    "parameter": {
                        "username": "${lc_username}",
                        "password": "${lc_password}",
                        "writeMode": "insert",
                        "batchSize": "${batchSize}",
                        "memstoreThreshold": "${memstoreThreshold}",
                        "column": [
                            "TRD_COE_D",
                            "EID",
                            "MANAGER",
                            "PERSONCODE",
                            "TRD_CODE",
                            "UPDATEDATE",
                            "YIELDSINCES",
                            "RANKSINCE3Y",
                            "SECURITYTYPE",
                            "YIELDSINCE3Y",
                            "RANKSINCE2Y",
                            "YIELDSINCET",
                            "REMARK",
                            "YIELDSINCEL1M",
                            "YIELDSINCEL3M",
                            "NATUREPOSTYEAR",
                            "RANKSINCET",
                            "YIELDSINCE1Y",
                            "YIELDSINCE6M",
                            "RANKSINCE1Y",
                            "YIELDSINCE2Y",
                            "GEOYIELDA",
                            "ACCUPOSTYEAR",
                            "ESOURCEMEMO",
                            "EUTIME",
                            "NUM"
                        ],
                        "connection": [
                            {
                                "table": [
                                    "lcinfojob.MNG_PFMANCE_LATEST_D"
                                ],
                                "jdbcUrl": "${lc_jdbcUrl}"
                            }
                        ],
                        "preSql": [
                            "truncate table lcinfojob.MNG_PFMANCE_LATEST_D"
                        ]
                    }
                }
            },
            {
                "reader": {
                    "name": "${cp_reader}",
                    "parameter": {
                        "username": "${cp_username}",
                        "password": "${cp_password}",
                        "column": [],
                        "connection": [
                            {
                                "table": [
                                    "default_from_table"
                                ],
                                "jdbcUrl": [
                                    "${cp_jdbcUrl}"
                                ]
                            }
                        ]
                    }
                },
                "writer": {
                    "name": "${lc_writer}",
                    "parameter": {
                        "username": "${lc_username}",
                        "password": "${lc_password}",
                        "writeMode": "insert",
                        "batchSize": "${batchSize}",
                        "memstoreThreshold": "${memstoreThreshold}",
                        "column": [],
                        "connection": [
                            {
                                "table": [
                                    "lcinfojob"
                                ],
                                "jdbcUrl": "${lc_jdbcUrl}"
                            }
                        ]
                    }
                }
            },
            {
                "reader": {
                    "name": "${cp_reader}",
                    "parameter": {
                        "username": "${cp_username}",
                        "password": "${cp_password}",
                        "column": [],
                        "connection": [
                            {
                                "table": [
                                    "default_from_table"
                                ],
                                "jdbcUrl": [
                                    "${cp_jdbcUrl}"
                                ]
                            }
                        ]
                    }
                },
                "writer": {
                    "name": "${lc_writer}",
                    "parameter": {
                        "username": "${lc_username}",
                        "password": "${lc_password}",
                        "writeMode": "insert",
                        "batchSize": "${batchSize}",
                        "memstoreThreshold": "${memstoreThreshold}",
                        "column": [],
                        "connection": [
                            {
                                "table": [
                                    "lcinfojob"
                                ],
                                "jdbcUrl": "${lc_jdbcUrl}"
                            }
                        ]
                    }
                }
            },
            {
                "reader": {
                    "name": "${cp_reader}",
                    "parameter": {
                        "username": "${cp_username}",
                        "password": "${cp_password}",
                        "column": [
                            "num",
                            "jyfm_code",
                            "prod_code"
                        ],
                        "connection": [
                            {
                                "table": [
                                    "(select *            from (select a.jyfm_code,                         a.prod_code,                         b.ayieldsinces,                         rank() over(partition by b.personcode order by b.ayieldsinces asc) num                    from OTC142.JY_FUND_MANAGER_PROD a,                         (select a.personcode,                                 a.trd_code,                                 nvl(a.ayieldsinces, 0) ayieldsinces,                                 rank() over(partition by a.personcode order by a.updatedate desc) num                            from otc.gj_pro_mng_pfmance a where eisdel = '0') b                   where a.PRIORITY <= 50 and b.num = 1                     and a.jyfm_code = b.personcode                     and a.prod_code = b.trd_code) a) a"
                                ],
                                "jdbcUrl": [
                                    "${cp_jdbcUrl}"
                                ]
                            }
                        ]
                    }
                },
                "writer": {
                    "name": "${lc_writer}",
                    "parameter": {
                        "username": "${lc_username}",
                        "password": "${lc_password}",
                        "writeMode": "insert",
                        "batchSize": "${batchSize}",
                        "memstoreThreshold": "${memstoreThreshold}",
                        "column": [
                            "PRIORITY",
                            "jyfm_code",
                            "prod_code"
                        ],
                        "connection": [
                            {
                                "table": [
                                    "lcinfojob.jyfm_code,                         a.prod_code,                         b.ayieldsinces,                         rank() over(partition by b.personcode order by b.ayieldsinces asc) num                    from OTC142.JY_FUND_MANAGER_PROD a,                         (select a.personcode,                                 a.trd_code,                                 nvl(a.ayieldsinces, 0) ayieldsinces,                                 rank() over(partition by a.personcode order by a.updatedate desc) num                            from otc.gj_pro_mng_pfmance a where eisdel = '0') b                   where a.PRIORITY <= 50 and b.num = 1                     and a.jyfm_code = b.personcode                     and a.prod_code = b.trd_code) a) a"
                                ],
                                "jdbcUrl": "${lc_jdbcUrl}"
                            }
                        ],
                        "preSql": [
                            "truncate table lcinfojob.jyfm_code,                         a.prod_code,                         b.ayieldsinces,                         rank() over(partition by b.personcode order by b.ayieldsinces asc) num                    from OTC142.JY_FUND_MANAGER_PROD a,                         (select a.personcode,                                 a.trd_code,                                 nvl(a.ayieldsinces, 0) ayieldsinces,                                 rank() over(partition by a.personcode order by a.updatedate desc) num                            from otc.gj_pro_mng_pfmance a where eisdel = '0') b                   where a.PRIORITY <= 50 and b.num = 1                     and a.jyfm_code = b.personcode                     and a.prod_code = b.trd_code) a) a"
                        ]
                    }
                }
            },
            {
                "reader": {
                    "name": "${cp_reader}",
                    "parameter": {
                        "username": "${cp_username}",
                        "password": "${cp_password}",
                        "column": [
                            "TRD_COE_D",
                            "EID",
                            "MANAGER",
                            "PERSONCODE",
                            "TRD_CODE",
                            "UPDATEDATE",
                            "YIELDSINCES",
                            "RANKSINCE3Y",
                            "SECURITYTYPE",
                            "YIELDSINCE3Y",
                            "RANKSINCE2Y",
                            "YIELDSINCET",
                            "REMARK",
                            "YIELDSINCEL1M",
                            "YIELDSINCEL3M",
                            "NATUREPOSTYEAR",
                            "RANKSINCET",
                            "YIELDSINCE1Y",
                            "YIELDSINCE6M",
                            "RANKSINCE1Y",
                            "YIELDSINCE2Y",
                            "GEOYIELDA",
                            "ACCUPOSTYEAR",
                            "ESOURCEMEMO",
                            "EUTIME",
                            "NUM"
                        ],
                        "connection": [
                            {
                                "table": [
                                    "OTC.MNG_PFMANCE_LATEST_D"
                                ],
                                "jdbcUrl": [
                                    "${cp_jdbcUrl}"
                                ]
                            }
                        ]
                    }
                },
                "writer": {
                    "name": "${lc_writer}",
                    "parameter": {
                        "username": "${lc_username}",
                        "password": "${lc_password}",
                        "writeMode": "insert",
                        "batchSize": "${batchSize}",
                        "memstoreThreshold": "${memstoreThreshold}",
                        "column": [
                            "TRD_COE_D",
                            "EID",
                            "MANAGER",
                            "PERSONCODE",
                            "TRD_CODE",
                            "UPDATEDATE",
                            "YIELDSINCES",
                            "RANKSINCE3Y",
                            "SECURITYTYPE",
                            "YIELDSINCE3Y",
                            "RANKSINCE2Y",
                            "YIELDSINCET",
                            "REMARK",
                            "YIELDSINCEL1M",
                            "YIELDSINCEL3M",
                            "NATUREPOSTYEAR",
                            "RANKSINCET",
                            "YIELDSINCE1Y",
                            "YIELDSINCE6M",
                            "RANKSINCE1Y",
                            "YIELDSINCE2Y",
                            "GEOYIELDA",
                            "ACCUPOSTYEAR",
                            "ESOURCEMEMO",
                            "EUTIME",
                            "NUM"
                        ],
                        "connection": [
                            {
                                "table": [
                                    "lcinfojob.MNG_PFMANCE_LATEST_D"
                                ],
                                "jdbcUrl": "${lc_jdbcUrl}"
                            }
                        ],
                        "preSql": [
                            "truncate table lcinfojob.MNG_PFMANCE_LATEST_D"
                        ]
                    }
                }
            }
        ],
        "setting": {
            "speed": {
                "channel": "${channel}"
            },
            "errorLimit": {
                "percentage": "${percentage}"
            }
        }
    }
}