{
    "job": {
        "content": [
            {
                "reader": {
                    "name": "${cp_reader}",
                    "parameter": {
                        "username": "${cp_username}",
                        "password": "${cp_password}",
                        "column": [
                            "MANAGER",
                            "PERSONCODE",
                            "FUNDTYPE",
                            "YIELDSINCES",
                            "YIELDSINCE3Y",
                            "YIELDSINCET",
                            "YIELDSINCEL1M",
                            "YIELDSINCEL3M",
                            "YIELDSINCE1Y",
                            "YIELDSINCE6M",
                            "YIELDSINCE2Y",
                            "YIELDSINCE1W"
                        ],
                        "connection": [
                            {
                                "table": [
                                    "(SELECT MANAGER,PERSONCODE,FUNDTYPE,   SUM(YIELDSINCES)/COUNT(*) YIELDSINCES,    SUM(YIELDSINCE3Y)/COUNT(*) YIELDSINCE3Y,    SUM(YIELDSINCET)/COUNT(*) YIELDSINCET,    SUM(YIELDSINCEL1M)/COUNT(*) YIELDSINCEL1M,    SUM(YIELDSINCEL3M)/COUNT(*) YIELDSINCEL3M,    SUM(YIELDSINCE1Y)/COUNT(*) YIELDSINCE1Y,    SUM(YIELDSINCE6M)/COUNT(*) YIELDSINCE6M,    SUM(YIELDSINCE2Y)/COUNT(*) YIELDSINCE2Y,    SUM(YIELDSINCE1W)/COUNT(*) YIELDSINCE1W  FROM (   SELECT MANAGER,PERSONCODE,   CASE SECURITYTYPE   WHEN '普通股票型基金' THEN '1'   WHEN '被动指数型基金' THEN '2'   WHEN '增强指数型基金' THEN '2'   WHEN '偏股混合型基金' THEN '3'   WHEN '平衡混合型基金' THEN '3'   WHEN '偏债混合型基金' THEN '3'   WHEN '灵活配置型基金' THEN '3'   WHEN '中长期纯债型基金' THEN '4'   WHEN '中短期纯债型基金' THEN '4'   WHEN '混合债券型基金（一级）' THEN '4'   WHEN '混合债券型基金（二级）' THEN '4'   WHEN '长期纯债型基金' THEN '4'   WHEN '货币式基金' THEN '5'   WHEN 'QDII基金' THEN '6'   WHEN '保本型基金' THEN '7'   WHEN '商品型基金' THEN '8'   WHEN '传统封闭式基金' THEN '9'   WHEN '创新封闭式基金' THEN '9'   WHEN '封闭式基金' THEN '9'   ELSE SECURITYTYPE END FUNDTYPE,   YIELDSINCES,   YIELDSINCE3Y,   YIELDSINCET,   YIELDSINCEL1M,   YIELDSINCEL3M,   YIELDSINCE1Y,   YIELDSINCE6M,   YIELDSINCE2Y,   YIELDSINCE1W    FROM OTC.MNG_PFMANCE_LATEST) A GROUP BY MANAGER,PERSONCODE,FUNDTYPE) A"
                                ],
                                "jdbcUrl": [
                                    "${cp_jdbcUrl}"
                                ]
                            }
                        ]
                    }
                },
                "writer": {
                    "name": "${lc_writer}",
                    "parameter": {
                        "username": "${lc_username}",
                        "password": "${lc_password}",
                        "writeMode": "insert",
                        "batchSize": "${batchSize}",
                        "memstoreThreshold": "${memstoreThreshold}",
                        "column": [
                            "MANAGER",
                            "PERSONCODE",
                            "FUNDTYPE",
                            "YIELDSINCES",
                            "YIELDSINCE3Y",
                            "YIELDSINCET",
                            "YIELDSINCEL1M",
                            "YIELDSINCEL3M",
                            "YIELDSINCE1Y",
                            "YIELDSINCE6M",
                            "YIELDSINCE2Y",
                            "YIELDSINCE1W"
                        ],
                        "connection": [
                            {
                                "table": [
                                    "LCINFOJOB.CP_MNG_PFMANCE_LATEST) A GROUP BY MANAGER,PERSONCODE,FUNDTYPE) A"
                                ],
                                "jdbcUrl": "${lc_jdbcUrl}"
                            }
                        ],
                        "preSql": [
                            "truncate table LCINFOJOB.CP_MNG_PFMANCE_LATEST) A GROUP BY MANAGER,PERSONCODE,FUNDTYPE) A"
                        ]
                    }
                }
            },
            {
                "reader": {
                    "name": "${cp_reader}",
                    "parameter": {
                        "username": "${cp_username}",
                        "password": "${cp_password}",
                        "column": [
                            "MANAGE_SCALE",
                            "PERSONCODE",
                            "fundtype",
                            "manager"
                        ],
                        "connection": [
                            {
                                "table": [
                                    "(SELECT       A.MANAGER,       A.PERSONCODE,       A.FUNDTYPE,       B.MANAGE_SCALE,       B.NATUREPOSTYEAR     FROM       OTC.MNG_PFMANCE_LATEST_GROUP A,       OTC.FUND_MNG_INFO_CRON B     WHERE       A.PERSONCODE = B.PERSONCODE) A"
                                ],
                                "jdbcUrl": [
                                    "${cp_jdbcUrl}"
                                ]
                            }
                        ]
                    }
                },
                "writer": {
                    "name": "${lc_writer}",
                    "parameter": {
                        "username": "${lc_username}",
                        "password": "${lc_password}",
                        "writeMode": "insert",
                        "batchSize": "${batchSize}",
                        "memstoreThreshold": "${memstoreThreshold}",
                        "column": [
                            "MANAGE_SCALE",
                            "PERSONCODE",
                            "fundtype",
                            "manager"
                        ],
                        "connection": [
                            {
                                "table": [
                                    "LCINFOJOB.CP_MANAGER,       A.PERSONCODE,       A.FUNDTYPE,       B.MANAGE_SCALE,       B.NATUREPOSTYEAR     FROM       OTC.MNG_PFMANCE_LATEST_GROUP A,       OTC.FUND_MNG_INFO_CRON B     WHERE       A.PERSONCODE = B.PERSONCODE) A"
                                ],
                                "jdbcUrl": "${lc_jdbcUrl}"
                            }
                        ],
                        "preSql": [
                            "truncate table LCINFOJOB.CP_MANAGER,       A.PERSONCODE,       A.FUNDTYPE,       B.MANAGE_SCALE,       B.NATUREPOSTYEAR     FROM       OTC.MNG_PFMANCE_LATEST_GROUP A,       OTC.FUND_MNG_INFO_CRON B     WHERE       A.PERSONCODE = B.PERSONCODE) A"
                        ]
                    }
                }
            },
            {
                "reader": {
                    "name": "${cp_reader}",
                    "parameter": {
                        "username": "${cp_username}",
                        "password": "${cp_password}",
                        "column": [
                            "ACCU_POST_YEAR",
                            "NATUREPOSTYEAR",
                            "PERSONCODE"
                        ],
                        "connection": [
                            {
                                "table": [
                                    "(SELECT       DISTINCT PERSONCODE,       CASE       WHEN NATUREPOSTYEAR != 0 THEN CEIL(NATUREPOSTYEAR * 365)       ELSE 0     END       AS ACCU_POST_YEAR,       CASE       WHEN FLOOR(NATUREPOSTYEAR) != 0 THEN FLOOR(NATUREPOSTYEAR) || '年'       ELSE ''     END       || CASE       WHEN NATUREPOSTYEAR - FLOOR(NATUREPOSTYEAR) != 0 THEN CEIL((NATUREPOSTYEAR - FLOOR(NATUREPOSTYEAR)) * 365) || '天'       ELSE ''     END       AS NATUREPOSTYEAR     FROM       OTC.MNG_PFMANCE_LATEST) A"
                                ],
                                "jdbcUrl": [
                                    "${cp_jdbcUrl}"
                                ]
                            }
                        ]
                    }
                },
                "writer": {
                    "name": "${lc_writer}",
                    "parameter": {
                        "username": "${lc_username}",
                        "password": "${lc_password}",
                        "writeMode": "insert",
                        "batchSize": "${batchSize}",
                        "memstoreThreshold": "${memstoreThreshold}",
                        "column": [
                            "ACCU_POST_YEAR",
                            "NATURE_POST_YEAR",
                            "PERSONCODE"
                        ],
                        "connection": [
                            {
                                "table": [
                                    "LCINFOJOB.CP_MNG_PFMANCE_LATEST) A"
                                ],
                                "jdbcUrl": "${lc_jdbcUrl}"
                            }
                        ],
                        "preSql": [
                            "truncate table LCINFOJOB.CP_MNG_PFMANCE_LATEST) A"
                        ]
                    }
                }
            }
        ],
        "setting": {
            "speed": {
                "channel": "${channel}"
            },
            "errorLimit": {
                "percentage": "${percentage}"
            }
        }
    }
}