{
    "job": {
        "content": [
            {
                "reader": {
                    "name": "${cp_reader}",
                    "parameter": {
                        "username": "${cp_username}",
                        "password": "${cp_password}",
                        "column": [
                            "id",
                            "0",
                            "state",
                            "EMPLOYEE_ID",
                            "lower(password)",
                            "id",
                            "0",
                            "'1'"
                        ],
                        "connection": [
                            {
                                "table": [
                                    "otc.EM_USER_BASIC_INFO"
                                ],
                                "jdbcUrl": [
                                    "${cp_jdbcUrl}"
                                ]
                            }
                        ]
                    }
                },
                "writer": {
                    "name": "${lc_writer}",
                    "parameter": {
                        "username": "${lc_username}",
                        "password": "${lc_password}",
                        "writeMode": "insert",
                        "batchSize": "${batchSize}",
                        "memstoreThreshold": "${memstoreThreshold}",
                        "column": [
                            "user_id",
                            "rec_version",
                            "user_status",
                            "user_name",
                            "user_pwd",
                            "member_id",
                            "delete_flag",
                            "KBN"
                        ],
                        "connection": [
                            {
                                "table": [
                                    "lcinfojob.EM_USER_BASIC_INFO"
                                ],
                                "jdbcUrl": "${lc_jdbcUrl}"
                            }
                        ],
                        "preSql": "delete table lcinfojob.EM_USER_BASIC_INFO where KBN = '1'"
                    }
                }
            },
            {
                "reader": {
                    "name": "${cp_reader}",
                    "parameter": {
                        "username": "${cp_username}",
                        "password": "${cp_password}",
                        "column": [],
                        "connection": [
                            {
                                "table": [
                                    "default_from_table"
                                ],
                                "jdbcUrl": [
                                    "${cp_jdbcUrl}"
                                ]
                            }
                        ]
                    }
                },
                "writer": {
                    "name": "${lc_writer}",
                    "parameter": {
                        "username": "${lc_username}",
                        "password": "${lc_password}",
                        "writeMode": "insert",
                        "batchSize": "${batchSize}",
                        "memstoreThreshold": "${memstoreThreshold}",
                        "column": [],
                        "connection": [
                            {
                                "table": [
                                    "lcinfojob"
                                ],
                                "jdbcUrl": "${lc_jdbcUrl}"
                            }
                        ]
                    }
                }
            },
            {
                "reader": {
                    "name": "${cp_reader}",
                    "parameter": {
                        "username": "${cp_username}",
                        "password": "${cp_password}",
                        "column": [],
                        "connection": [
                            {
                                "table": [
                                    "default_from_table"
                                ],
                                "jdbcUrl": [
                                    "${cp_jdbcUrl}"
                                ]
                            }
                        ]
                    }
                },
                "writer": {
                    "name": "${lc_writer}",
                    "parameter": {
                        "username": "${lc_username}",
                        "password": "${lc_password}",
                        "writeMode": "insert",
                        "batchSize": "${batchSize}",
                        "memstoreThreshold": "${memstoreThreshold}",
                        "column": [],
                        "connection": [
                            {
                                "table": [
                                    "lcinfojob"
                                ],
                                "jdbcUrl": "${lc_jdbcUrl}"
                            }
                        ]
                    }
                }
            },
            {
                "reader": {
                    "name": "${cp_reader}",
                    "parameter": {
                        "username": "${cp_username}",
                        "password": "${cp_password}",
                        "column": [
                            "id",
                            "0",
                            "email",
                            "real_name",
                            "user_type",
                            "employee_id",
                            "'1'"
                        ],
                        "connection": [
                            {
                                "table": [
                                    "otc.EM_USER_BASIC_INFO"
                                ],
                                "jdbcUrl": [
                                    "${cp_jdbcUrl}"
                                ]
                            }
                        ]
                    }
                },
                "writer": {
                    "name": "${lc_writer}",
                    "parameter": {
                        "username": "${lc_username}",
                        "password": "${lc_password}",
                        "writeMode": "insert",
                        "batchSize": "${batchSize}",
                        "memstoreThreshold": "${memstoreThreshold}",
                        "column": [
                            "MEMBER_ID",
                            "REC_VERSION",
                            "MEMBER_EMAIL",
                            "MEMBER_NAME",
                            "MEMBER_TYPE",
                            "MEMBER_NUM",
                            "KBN"
                        ],
                        "connection": [
                            {
                                "table": [
                                    "lcinfojob.EM_USER_BASIC_INFO"
                                ],
                                "jdbcUrl": "${lc_jdbcUrl}"
                            }
                        ],
                        "preSql": "delete table lcinfojob.EM_USER_BASIC_INFO where KBN = '1'"
                    }
                }
            },
            {
                "reader": {
                    "name": "${cp_reader}",
                    "parameter": {
                        "username": "${cp_username}",
                        "password": "${cp_password}",
                        "column": [
                            "id",
                            "0",
                            "branch_name",
                            "PROVINCE_ID",
                            "decode(ext4, '2', '1', '3', '1', '10', '1', '9', '2', '3') org_type",
                            "ext1"
                        ],
                        "connection": [
                            {
                                "table": [
                                    "otc.EM_BR_OFFSHOOT"
                                ],
                                "jdbcUrl": [
                                    "${cp_jdbcUrl}"
                                ]
                            }
                        ]
                    }
                },
                "writer": {
                    "name": "${lc_writer}",
                    "parameter": {
                        "username": "${lc_username}",
                        "password": "${lc_password}",
                        "writeMode": "insert",
                        "batchSize": "${batchSize}",
                        "memstoreThreshold": "${memstoreThreshold}",
                        "column": [
                            "org_id",
                            "rec_version",
                            "org_name",
                            "super_id",
                            "org_type",
                            "org_num"
                        ],
                        "connection": [
                            {
                                "table": [
                                    "lcinfojob.EM_BR_OFFSHOOT"
                                ],
                                "jdbcUrl": "${lc_jdbcUrl}"
                            }
                        ],
                        "preSql": [
                            "truncate table lcinfojob.EM_BR_OFFSHOOT"
                        ]
                    }
                }
            },
            {
                "reader": {
                    "name": "${cp_reader}",
                    "parameter": {
                        "username": "${cp_username}",
                        "password": "${cp_password}",
                        "column": [],
                        "connection": [
                            {
                                "table": [
                                    "default_from_table"
                                ],
                                "jdbcUrl": [
                                    "${cp_jdbcUrl}"
                                ]
                            }
                        ]
                    }
                },
                "writer": {
                    "name": "${lc_writer}",
                    "parameter": {
                        "username": "${lc_username}",
                        "password": "${lc_password}",
                        "writeMode": "insert",
                        "batchSize": "${batchSize}",
                        "memstoreThreshold": "${memstoreThreshold}",
                        "column": [],
                        "connection": [
                            {
                                "table": [
                                    "lcinfojob"
                                ],
                                "jdbcUrl": "${lc_jdbcUrl}"
                            }
                        ]
                    }
                }
            },
            {
                "reader": {
                    "name": "${cp_reader}",
                    "parameter": {
                        "username": "${cp_username}",
                        "password": "${cp_password}",
                        "column": [],
                        "connection": [
                            {
                                "table": [
                                    "default_from_table"
                                ],
                                "jdbcUrl": [
                                    "${cp_jdbcUrl}"
                                ]
                            }
                        ]
                    }
                },
                "writer": {
                    "name": "${lc_writer}",
                    "parameter": {
                        "username": "${lc_username}",
                        "password": "${lc_password}",
                        "writeMode": "insert",
                        "batchSize": "${batchSize}",
                        "memstoreThreshold": "${memstoreThreshold}",
                        "column": [],
                        "connection": [
                            {
                                "table": [
                                    "lcinfojob"
                                ],
                                "jdbcUrl": "${lc_jdbcUrl}"
                            }
                        ]
                    }
                }
            },
            {
                "reader": {
                    "name": "${cp_reader}",
                    "parameter": {
                        "username": "${cp_username}",
                        "password": "${cp_password}",
                        "column": [
                            "inner_branchid",
                            "id",
                            "'1'"
                        ],
                        "connection": [
                            {
                                "table": [
                                    "otc.EM_USER_BASIC_INFO"
                                ],
                                "jdbcUrl": [
                                    "${cp_jdbcUrl}"
                                ]
                            }
                        ]
                    }
                },
                "writer": {
                    "name": "${lc_writer}",
                    "parameter": {
                        "username": "${lc_username}",
                        "password": "${lc_password}",
                        "writeMode": "insert",
                        "batchSize": "${batchSize}",
                        "memstoreThreshold": "${memstoreThreshold}",
                        "column": [
                            "ORG_ID",
                            "member_id",
                            "KBN"
                        ],
                        "connection": [
                            {
                                "table": [
                                    "lcinfojob.EM_USER_BASIC_INFO"
                                ],
                                "jdbcUrl": "${lc_jdbcUrl}"
                            }
                        ],
                        "preSql": "delete table lcinfojob.EM_USER_BASIC_INFO where KBN = '1'"
                    }
                }
            }
        ],
        "setting": {
            "speed": {
                "channel": "${channel}"
            },
            "errorLimit": {
                "percentage": "${percentage}"
            }
        }
    }
}