{
    "job": {
        "content": [
            {
                "reader": {
                    "name": "${cp_reader}",
                    "parameter": {
                        "username": "${cp_username}",
                        "password": "${cp_password}",
                        "column": [
                            "BUSI_DATE",
                            "FUNC_NAME",
                            "CONTT_CODE",
                            "PV",
                            "UV"
                        ],
                        "connection": [
                            {
                                "table": [
                                    "XIAODAIGUEST.N_FN_VIEW_STAT"
                                ],
                                "jdbcUrl": [
                                    "${cp_jdbcUrl}"
                                ]
                            }
                        ]
                    }
                },
                "writer": {
                    "name": "${lc_writer}",
                    "parameter": {
                        "username": "${lc_username}",
                        "password": "${lc_password}",
                        "writeMode": "insert",
                        "batchSize": "${batchSize}",
                        "memstoreThreshold": "${memstoreThreshold}",
                        "column": [
                            "BUSI_DATE",
                            "FUNC_NAME",
                            "CONTT_CODE",
                            "PV",
                            "UV"
                        ],
                        "connection": [
                            {
                                "table": [
                                    "LCINFOJOB.CP_N_FN_VIEW_STAT"
                                ],
                                "jdbcUrl": "${lc_jdbcUrl}"
                            }
                        ],
                        "preSql": "delete table LCINFOJOB.CP_N_FN_VIEW_STAT where busi_date = #{bizDate}"
                    }
                }
            },
            {
                "reader": {
                    "name": "${cp_reader}",
                    "parameter": {
                        "username": "${cp_username}",
                        "password": "${cp_password}",
                        "column": [
                            "'1' DATE_INTERVAL",
                            "FUNC_NAME",
                            "CONTT_CODE",
                            "sum(pv) pv",
                            "sum(uv) uv"
                        ],
                        "connection": [
                            {
                                "table": [
                                    "OTCBAK.N_FN_VIEW_STAT WHERE BUSI_DATE >= GET_PRE_DATE(5,#{BIZDATE}) GROUP BY FUNC_NAME,CONTT_CODE"
                                ],
                                "jdbcUrl": [
                                    "${cp_jdbcUrl}"
                                ]
                            }
                        ]
                    }
                },
                "writer": {
                    "name": "${lc_writer}",
                    "parameter": {
                        "username": "${lc_username}",
                        "password": "${lc_password}",
                        "writeMode": "insert",
                        "batchSize": "${batchSize}",
                        "memstoreThreshold": "${memstoreThreshold}",
                        "column": [
                            "DATE_INTERVAL",
                            "FUNC_NAME",
                            "CONTT_CODE",
                            "PV",
                            "UV"
                        ],
                        "connection": [
                            {
                                "table": [
                                    "LCINFOJOB.CP_N_FN_VIEW_STAT WHERE BUSI_DATE >= GET_PRE_DATE(5,#{BIZDATE}) GROUP BY FUNC_NAME,CONTT_CODE"
                                ],
                                "jdbcUrl": "${lc_jdbcUrl}"
                            }
                        ],
                        "preSql": [
                            "truncate table LCINFOJOB.CP_N_FN_VIEW_STAT WHERE BUSI_DATE >= GET_PRE_DATE(5,#{BIZDATE}) GROUP BY FUNC_NAME,CONTT_CODE"
                        ]
                    }
                }
            }
        ],
        "setting": {
            "speed": {
                "channel": "${channel}"
            },
            "errorLimit": {
                "percentage": "${percentage}"
            }
        }
    }
}