{
    "job": {
        "content": [
            {
                "reader": {
                    "name": "${cp_reader}",
                    "parameter": {
                        "username": "${cp_username}",
                        "password": "${cp_password}",
                        "column": [
                            "EID",
                            "TRD_CODE",
                            "SECINNERCODE",
                            "NAV",
                            "ENDDATE",
                            "CURRENCY",
                            "NOTICEDATE",
                            "ISSUM",
                            "ISSTAT",
                            "ESOURCEMEMO",
                            "EITIME",
                            "EUTIME",
                            "EGETTIME",
                            "ENT_TIME",
                            "UPD_TIME"
                        ],
                        "connection": [
                            {
                                "table": [
                                    "(SELECT EID,            TRD_CODE,            SECINNERCODE,            NAV,            ENDDATE,            CURRENCY,            NOTICEDATE,            ISSUM,            ISSTAT,            ESOURCEMEMO,            EITIME,            EUTIME,            EGETTIME,            ENT_TIME,            UPD_TIME       FROM (SELECT A.*,                    RANK() OVER(PARTITION BY A.TRD_CODE, A.ENDDATE ORDER BY A.UPD_TIME DESC) NUM               FROM OTC.PRO_NV_NAV A)      WHERE NUM = 1)"
                                ],
                                "jdbcUrl": [
                                    "${cp_jdbcUrl}"
                                ]
                            }
                        ]
                    }
                },
                "writer": {
                    "name": "${lc_writer}",
                    "parameter": {
                        "username": "${lc_username}",
                        "password": "${lc_password}",
                        "writeMode": "insert",
                        "batchSize": "${batchSize}",
                        "memstoreThreshold": "${memstoreThreshold}",
                        "column": [
                            "EID",
                            "TRD_CODE",
                            "SECINNERCODE",
                            "NAV",
                            "ENDDATE",
                            "CURRENCY",
                            "NOTICEDATE",
                            "ISSUM",
                            "ISSTAT",
                            "ESOURCEMEMO",
                            "EITIME",
                            "EUTIME",
                            "EGETTIME",
                            "ENT_TIME",
                            "UPD_TIME"
                        ],
                        "connection": [
                            {
                                "table": [
                                    "LCINFOJOB.CP_*,                    RANK() OVER(PARTITION BY A.TRD_CODE, A.ENDDATE ORDER BY A.UPD_TIME DESC) NUM               FROM OTC.PRO_NV_NAV A)      WHERE NUM = 1)"
                                ],
                                "jdbcUrl": "${lc_jdbcUrl}"
                            }
                        ],
                        "preSql": [
                            "truncate table LCINFOJOB.CP_*,                    RANK() OVER(PARTITION BY A.TRD_CODE, A.ENDDATE ORDER BY A.UPD_TIME DESC) NUM               FROM OTC.PRO_NV_NAV A)      WHERE NUM = 1)"
                        ]
                    }
                }
            }
        ],
        "setting": {
            "speed": {
                "channel": "${channel}"
            },
            "errorLimit": {
                "percentage": "${percentage}"
            }
        }
    }
}