{
    "job": {
        "content": [
            {
                "reader": {
                    "name": "${cp_reader}",
                    "parameter": {
                        "username": "${cp_username}",
                        "password": "${cp_password}",
                        "column": [
                            "PRO_ID",
                            "NAV",
                            "NAV_DATE",
                            "TOT_NAV",
                            "INCOME_RATIO",
                            "otc.SEQ_GJ_PRO_NAV_VIEW_ID.Nextval",
                            "WEEK"
                        ],
                        "connection": [
                            {
                                "table": [
                                    "OTC.GJ_PRO_NAV_VIEW"
                                ],
                                "jdbcUrl": [
                                    "${cp_jdbcUrl}"
                                ]
                            }
                        ],
                        "where": "NAV_DATE = #{bizDate}"
                    }
                },
                "writer": {
                    "name": "${lc_writer}",
                    "parameter": {
                        "username": "${lc_username}",
                        "password": "${lc_password}",
                        "writeMode": "insert",
                        "batchSize": "${batchSize}",
                        "memstoreThreshold": "${memstoreThreshold}",
                        "column": [
                            "PRO_ID",
                            "NAV",
                            "NAV_DATE",
                            "TOT_NAV",
                            "INCOME_RATIO",
                            "ID",
                            "WEEK"
                        ],
                        "connection": [
                            {
                                "table": [
                                    "LCINFOJOB.CP_GJ_PRO_NAV_VIEW"
                                ],
                                "jdbcUrl": "${lc_jdbcUrl}"
                            }
                        ],
                        "preSql": "delete table LCINFOJOB.CP_GJ_PRO_NAV_VIEW where NAV_DATE = #{bizDate}"
                    }
                }
            }
        ],
        "setting": {
            "speed": {
                "channel": "${channel}"
            },
            "errorLimit": {
                "percentage": "${percentage}"
            }
        }
    }
}