{
    "job": {
        "content": [
            {
                "reader": {
                    "name": "${cp_reader}",
                    "parameter": {
                        "username": "${cp_username}",
                        "password": "${cp_password}",
                        "column": [
                            "EID",
                            "ESEQID",
                            "SECURITYCODE",
                            "NOTICETITLE",
                            "URL",
                            "COLUMNCODE",
                            "NOTICEDATE",
                            "SOURCENAME",
                            "LANGUAGE",
                            "SOURCEURL",
                            "IMPORTLEVEL",
                            "SOURCETYPE",
                            "ATTACHTYPE",
                            "FORM",
                            "ENDDATE",
                            "INFOCODE",
                            "ATTACHSIZE",
                            "PUBLISHTYPE",
                            "ATTACHNAME",
                            "EISDEL",
                            "EUTIME"
                        ],
                        "connection": [
                            {
                                "table": [
                                    "(SELECT ROW_NUMBER() OVER(PARTITION BY SECURITYCODE ORDER BY NOTICEDATE DESC) RN,                T.*           FROM (SELECT * FROM OTC.PRO_FUND_URL) T) A   WHERE RN = 1"
                                ],
                                "jdbcUrl": [
                                    "${cp_jdbcUrl}"
                                ]
                            }
                        ]
                    }
                },
                "writer": {
                    "name": "${lc_writer}",
                    "parameter": {
                        "username": "${lc_username}",
                        "password": "${lc_password}",
                        "writeMode": "insert",
                        "batchSize": "${batchSize}",
                        "memstoreThreshold": "${memstoreThreshold}",
                        "column": [
                            "EID",
                            "ESEQID",
                            "SECURITYCODE",
                            "NOTICETITLE",
                            "URL",
                            "COLUMNCODE",
                            "NOTICEDATE",
                            "SOURCENAME",
                            "LANGUAGE",
                            "SOURCEURL",
                            "IMPORTLEVEL",
                            "SOURCETYPE",
                            "ATTACHTYPE",
                            "FORM",
                            "ENDDATE",
                            "INFOCODE",
                            "ATTACHSIZE",
                            "PUBLISHTYPE",
                            "ATTACHNAME",
                            "EISDEL",
                            "EUTIME"
                        ],
                        "connection": [
                            {
                                "table": [
                                    "LCINFOJOB.CP_*           FROM (SELECT * FROM OTC.PRO_FUND_URL) T) A   WHERE RN = 1"
                                ],
                                "jdbcUrl": "${lc_jdbcUrl}"
                            }
                        ],
                        "preSql": [
                            "truncate table LCINFOJOB.CP_*           FROM (SELECT * FROM OTC.PRO_FUND_URL) T) A   WHERE RN = 1"
                        ]
                    }
                }
            }
        ],
        "setting": {
            "speed": {
                "channel": "${channel}"
            },
            "errorLimit": {
                "percentage": "${percentage}"
            }
        }
    }
}