{
    "job": {
        "content": [
            {
                "reader": {
                    "name": "${cp_reader}",
                    "parameter": {
                        "username": "${cp_username}",
                        "password": "${cp_password}",
                        "column": [],
                        "connection": [
                            {
                                "table": [
                                    "default_from_table"
                                ],
                                "jdbcUrl": [
                                    "${cp_jdbcUrl}"
                                ]
                            }
                        ]
                    }
                },
                "writer": {
                    "name": "${lc_writer}",
                    "parameter": {
                        "username": "${lc_username}",
                        "password": "${lc_password}",
                        "writeMode": "insert",
                        "batchSize": "${batchSize}",
                        "memstoreThreshold": "${memstoreThreshold}",
                        "column": [],
                        "connection": [
                            {
                                "table": [
                                    "lcinfojob"
                                ],
                                "jdbcUrl": "${lc_jdbcUrl}"
                            }
                        ]
                    }
                }
            },
            {
                "reader": {
                    "name": "${cp_reader}",
                    "parameter": {
                        "username": "${cp_username}",
                        "password": "${cp_password}",
                        "column": [
                            "EID",
                            "TRD_CODE",
                            "SECINNERCODE",
                            "NAV",
                            "ENDDATE",
                            "CURRENCY",
                            "NOTICEDATE",
                            "ISSUM",
                            "ISSTAT",
                            "ESOURCEMEMO",
                            "EITIME",
                            "EUTIME",
                            "EGETTIME",
                            "ENT_TIME",
                            "UPD_TIME"
                        ],
                        "connection": [
                            {
                                "table": [
                                    "(select a.*,                    rank() over(partition by a.trd_code, a.enddate order by a.upd_time desc) num               from otc.pro_nv_nav a where to_char(TO_TIMESTAMP(eutime, 'yyyy-mm-dd hh24.mi.ss.ff'),                  'yyyy-MM-dd') > to_char(sysdate - 60, 'yyyy-MM-dd')) a"
                                ],
                                "jdbcUrl": [
                                    "${cp_jdbcUrl}"
                                ]
                            }
                        ]
                    }
                },
                "writer": {
                    "name": "${lc_writer}",
                    "parameter": {
                        "username": "${lc_username}",
                        "password": "${lc_password}",
                        "writeMode": "insert",
                        "batchSize": "${batchSize}",
                        "memstoreThreshold": "${memstoreThreshold}",
                        "column": [
                            "EID",
                            "TRD_CODE",
                            "SECINNERCODE",
                            "NAV",
                            "ENDDATE",
                            "CURRENCY",
                            "NOTICEDATE",
                            "ISSUM",
                            "ISSTAT",
                            "ESOURCEMEMO",
                            "EITIME",
                            "EUTIME",
                            "EGETTIME",
                            "ENT_TIME",
                            "UPD_TIME"
                        ],
                        "connection": [
                            {
                                "table": [
                                    "lcinfojob.*,                    rank() over(partition by a.trd_code, a.enddate order by a.upd_time desc) num               from otc.pro_nv_nav a where to_char(TO_TIMESTAMP(eutime, 'yyyy-mm-dd hh24.mi.ss.ff'),                  'yyyy-MM-dd') > to_char(sysdate - 60, 'yyyy-MM-dd')) a"
                                ],
                                "jdbcUrl": "${lc_jdbcUrl}"
                            }
                        ]
                    }
                }
            }
        ],
        "setting": {
            "speed": {
                "channel": "${channel}"
            },
            "errorLimit": {
                "percentage": "${percentage}"
            }
        }
    }
}