{
    "job": {
        "content": [
            {
                "reader": {
                    "name": "${cp_reader}",
                    "parameter": {
                        "username": "${cp_username}",
                        "password": "${cp_password}",
                        "column": [
                            "PROD_ID",
                            "PROD_CD",
                            "YEAR",
                            "RIGHT_SIGN_DAY",
                            "XD_DAY",
                            "PER_SHARE_DIVDND",
                            "DIVDND",
                            "DIVIRATIO"
                        ],
                        "connection": [
                            {
                                "table": [
                                    "OTC.PROD_DIV_SEND"
                                ],
                                "jdbcUrl": [
                                    "${cp_jdbcUrl}"
                                ]
                            }
                        ]
                    }
                },
                "writer": {
                    "name": "${lc_writer}",
                    "parameter": {
                        "username": "${lc_username}",
                        "password": "${lc_password}",
                        "writeMode": "insert",
                        "batchSize": "${batchSize}",
                        "memstoreThreshold": "${memstoreThreshold}",
                        "column": [
                            "PROD_ID",
                            "PROD_CD",
                            "YEAR",
                            "RIGHT_SIGN_DAY",
                            "XD_DAY",
                            "PER_SHARE_DIVDND",
                            "DIVDND",
                            "DIVIRATIO"
                        ],
                        "connection": [
                            {
                                "table": [
                                    "LCINFOJOB.CP_PROD_DIV_SEND"
                                ],
                                "jdbcUrl": "${lc_jdbcUrl}"
                            }
                        ],
                        "preSql": [
                            "truncate table LCINFOJOB.CP_PROD_DIV_SEND"
                        ]
                    }
                }
            }
        ],
        "setting": {
            "speed": {
                "channel": "${channel}"
            },
            "errorLimit": {
                "percentage": "${percentage}"
            }
        }
    }
}