{
    "job": {
        "content": [
            {
                "reader": {
                    "name": "${cp_reader}",
                    "parameter": {
                        "username": "${cp_username}",
                        "password": "${cp_password}",
                        "column": [
                            "TYPE",
                            "TITLE",
                            "PRO_NAME",
                            "PRO_CODE",
                            "CREATEDATE",
                            "URL"
                        ],
                        "connection": [
                            {
                                "table": [
                                    "OTC.GJ_PRO_PRIVATE_URL"
                                ],
                                "jdbcUrl": [
                                    "${cp_jdbcUrl}"
                                ]
                            }
                        ],
                        "where": "CREATEDATE > to_date(#{bizDate}, 'YYYYMMDD') - 15"
                    }
                },
                "writer": {
                    "name": "${lc_writer}",
                    "parameter": {
                        "username": "${lc_username}",
                        "password": "${lc_password}",
                        "writeMode": "insert",
                        "batchSize": "${batchSize}",
                        "memstoreThreshold": "${memstoreThreshold}",
                        "column": [
                            "TYPE",
                            "TITLE",
                            "PRO_NAME",
                            "PRO_CODE",
                            "CREATEDATE",
                            "URL"
                        ],
                        "connection": [
                            {
                                "table": [
                                    "LCINFOJOB.CP_GJ_PRO_PRIVATE_URL"
                                ],
                                "jdbcUrl": "${lc_jdbcUrl}"
                            }
                        ],
                        "preSql": "delete table LCINFOJOB.CP_GJ_PRO_PRIVATE_URL where CREATEDATE > to_date(#{bizDate}, 'YYYYMMDD') - 15"
                    }
                }
            }
        ],
        "setting": {
            "speed": {
                "channel": "${channel}"
            },
            "errorLimit": {
                "percentage": "${percentage}"
            }
        }
    }
}