{
    "job": {
        "content": [
            {
                "reader": {
                    "name": "${cp_reader}",
                    "parameter": {
                        "username": "${cp_username}",
                        "password": "${cp_password}",
                        "column": [
                            "MJDX",
                            "PROOD_CODE",
                            "PROD_NAME",
                            "JJJL",
                            "JJGS",
                            "WXPJ",
                            "DFV",
                            "FGBQ",
                            "ZCHY",
                            "GG",
                            "CPNX",
                            "J1NYJZY",
                            "J3NYJZY",
                            "WDNL",
                            "FKNS",
                            "JJHJQK",
                            "SJRQ"
                        ],
                        "connection": [
                            {
                                "table": [
                                    "OTC.PRO_SELECT_100"
                                ],
                                "jdbcUrl": [
                                    "${cp_jdbcUrl}"
                                ]
                            }
                        ]
                    }
                },
                "writer": {
                    "name": "${lc_writer}",
                    "parameter": {
                        "username": "${lc_username}",
                        "password": "${lc_password}",
                        "writeMode": "insert",
                        "batchSize": "${batchSize}",
                        "memstoreThreshold": "${memstoreThreshold}",
                        "column": [
                            "MJDX",
                            "PROOD_CODE",
                            "PROD_NAME",
                            "JJJL",
                            "JJGS",
                            "WXPJ",
                            "DFV",
                            "FGBQ",
                            "ZCHY",
                            "GG",
                            "CPNX",
                            "J1NYJZY",
                            "J3NYJZY",
                            "WDNL",
                            "FKNS",
                            "JJHJQK",
                            "SJRQ"
                        ],
                        "connection": [
                            {
                                "table": [
                                    "LCINFOJOB.CP_PRO_SELECT_100"
                                ],
                                "jdbcUrl": "${lc_jdbcUrl}"
                            }
                        ],
                        "preSql": [
                            "truncate table LCINFOJOB.CP_PRO_SELECT_100"
                        ]
                    }
                }
            }
        ],
        "setting": {
            "speed": {
                "channel": "${channel}"
            },
            "errorLimit": {
                "percentage": "${percentage}"
            }
        }
    }
}