{
    "job": {
        "content": [
            {
                "reader": {
                    "name": "${cp_reader}",
                    "parameter": {
                        "username": "${cp_username}",
                        "password": "${cp_password}",
                        "column": [
                            "PRO_ID",
                            "PRO_CODE",
                            "SECU_SHT",
                            "HLD_VOL",
                            "HLD_VAL",
                            "HLD_NAV_RAT",
                            "INCRE_BY_WEEK",
                            "INCRE_BY_MOUTH",
                            "INCRE_BY_THREE_MOUTH",
                            "INDU",
                            "CODE_TYPE",
                            "PUB_DT",
                            "RPT_TYP",
                            "BGN_DT",
                            "END_DT",
                            "MARKETRELEATION",
                            "MARKETNAME",
                            "SWLEVEL2NAME"
                        ],
                        "connection": [
                            {
                                "table": [
                                    "OTC.INVEST_STOCK"
                                ],
                                "jdbcUrl": [
                                    "${cp_jdbcUrl}"
                                ]
                            }
                        ]
                    }
                },
                "writer": {
                    "name": "${lc_writer}",
                    "parameter": {
                        "username": "${lc_username}",
                        "password": "${lc_password}",
                        "writeMode": "insert",
                        "batchSize": "${batchSize}",
                        "memstoreThreshold": "${memstoreThreshold}",
                        "column": [
                            "PRO_ID",
                            "PRO_CODE",
                            "SECU_SHT",
                            "HLD_VOL",
                            "HLD_VAL",
                            "HLD_NAV_RAT",
                            "INCRE_BY_WEEK",
                            "INCRE_BY_MOUTH",
                            "INCRE_BY_THREE_MOUTH",
                            "INDU",
                            "CODE_TYPE",
                            "PUB_DT",
                            "RPT_TYP",
                            "BGN_DT",
                            "END_DT",
                            "MARKETRELEATION",
                            "MARKETNAME",
                            "SWLEVEL2NAME"
                        ],
                        "connection": [
                            {
                                "table": [
                                    "LCINFOJOB.CP_INVEST_STOCK"
                                ],
                                "jdbcUrl": "${lc_jdbcUrl}"
                            }
                        ],
                        "preSql": [
                            "truncate table LCINFOJOB.CP_INVEST_STOCK"
                        ]
                    }
                }
            }
        ],
        "setting": {
            "speed": {
                "channel": "${channel}"
            },
            "errorLimit": {
                "percentage": "${percentage}"
            }
        }
    }
}