{
    "job": {
        "content": [
            {
                "reader": {
                    "name": "${cp_reader}",
                    "parameter": {
                        "username": "${cp_username}",
                        "password": "${cp_password}",
                        "column": [
                            "EXCHANGE_TYPE",
                            "GT_BUYRATE",
                            "GT_DAYBUYRISERATE",
                            "GT_NIGHTBUYRISERATE",
                            "GT_SALERATE",
                            "GT_DAYSALERISERATE",
                            "GT_NIGHTSALERISERATE",
                            "GT_MIDRATE",
                            "GT_SETTRATE",
                            "GT_DATE",
                            "BIZ_DATE"
                        ],
                        "connection": [
                            {
                                "table": [
                                    "OTC.GJ_G4030_HGT_RATE_QUERY"
                                ],
                                "jdbcUrl": [
                                    "${cp_jdbcUrl}"
                                ]
                            }
                        ],
                        "where": "biz_date = #{bizDate}"
                    }
                },
                "writer": {
                    "name": "${lc_writer}",
                    "parameter": {
                        "username": "${lc_username}",
                        "password": "${lc_password}",
                        "writeMode": "insert",
                        "batchSize": "${batchSize}",
                        "memstoreThreshold": "${memstoreThreshold}",
                        "column": [
                            "EXCHANGE_TYPE",
                            "GT_BUYRATE",
                            "GT_DAYBUYRISERATE",
                            "GT_NIGHTBUYRISERATE",
                            "GT_SALERATE",
                            "GT_DAYSALERISERATE",
                            "GT_NIGHTSALERISERATE",
                            "GT_MIDRATE",
                            "GT_SETTRATE",
                            "GT_DATE",
                            "BIZ_DATE"
                        ],
                        "connection": [
                            {
                                "table": [
                                    "LCINFOJOB.CP_GJ_G4030_HGT_RATE_QUERY"
                                ],
                                "jdbcUrl": "${lc_jdbcUrl}"
                            }
                        ],
                        "preSql": "delete table LCINFOJOB.CP_GJ_G4030_HGT_RATE_QUERY where biz_date = #{bizDate}"
                    }
                }
            }
        ],
        "setting": {
            "speed": {
                "channel": "${channel}"
            },
            "errorLimit": {
                "percentage": "${percentage}"
            }
        }
    }
}