{
    "job": {
        "content": [
            {
                "reader": {
                    "name": "${cp_reader}",
                    "parameter": {
                        "username": "${cp_username}",
                        "password": "${cp_password}",
                        "column": [
                            "PRO_ID",
                            "PRO_CODE",
                            "PRO_EXP",
                            "PRO_CHA",
                            "INV_STR",
                            "RATE_STR_TXT",
                            "INC_DIS_TXT",
                            "MIN_SUB",
                            "INV_GROUP",
                            "INV_RAN",
                            "GLR",
                            "YQSY",
                            "XSTGJG",
                            "TGR",
                            "CYJG",
                            "TGQ",
                            "CPXZ",
                            "CXQX",
                            "CPGM",
                            "YJBJJZ",
                            "TZMB",
                            "YJGW",
                            "TZJL",
                            "FH",
                            "TZZHSJ",
                            "CYYTC",
                            "FXJS",
                            "TGQSR",
                            "TGJZR",
                            "KFQ"
                        ],
                        "connection": [
                            {
                                "table": [
                                    "OTC.PRO_OWN_BAS_INFO"
                                ],
                                "jdbcUrl": [
                                    "${cp_jdbcUrl}"
                                ]
                            }
                        ]
                    }
                },
                "writer": {
                    "name": "${lc_writer}",
                    "parameter": {
                        "username": "${lc_username}",
                        "password": "${lc_password}",
                        "writeMode": "insert",
                        "batchSize": "${batchSize}",
                        "memstoreThreshold": "${memstoreThreshold}",
                        "column": [
                            "PRO_ID",
                            "PRO_CODE",
                            "PRO_EXP",
                            "PRO_CHA",
                            "INV_STR",
                            "RATE_STR_TXT",
                            "INC_DIS_TXT",
                            "MIN_SUB",
                            "INV_GROUP",
                            "INV_RAN",
                            "GLR",
                            "YQSY",
                            "XSTGJG",
                            "TGR",
                            "CYJG",
                            "TGQ",
                            "CPXZ",
                            "CXQX",
                            "CPGM",
                            "YJBJJZ",
                            "TZMB",
                            "YJGW",
                            "TZJL",
                            "FH",
                            "TZZHSJ",
                            "CYYTC",
                            "FXJS",
                            "TGQSR",
                            "TGJZR",
                            "KFQ"
                        ],
                        "connection": [
                            {
                                "table": [
                                    "LCINFOJOB.CP_PRO_OWN_BAS_INFO"
                                ],
                                "jdbcUrl": "${lc_jdbcUrl}"
                            }
                        ],
                        "preSql": [
                            "truncate table LCINFOJOB.CP_PRO_OWN_BAS_INFO"
                        ]
                    }
                }
            }
        ],
        "setting": {
            "speed": {
                "channel": "${channel}"
            },
            "errorLimit": {
                "percentage": "${percentage}"
            }
        }
    }
}