{
    "job": {
        "content": [
            {
                "reader": {
                    "name": "${cp_reader}",
                    "parameter": {
                        "username": "${cp_username}",
                        "password": "${cp_password}",
                        "column": [
                            "ID",
                            "PROD_CODE",
                            "SHT_NAME",
                            "SHT_NAME_IDENTIF",
                            "RATE",
                            "RATE_IDENTIF",
                            "PROD_FEATURE_LABEL",
                            "PROD_LABEL_IDENTIF",
                            "RATE_LABEL",
                            "PROD_LABEL",
                            "PROD_FEATURE_DESCRIBE",
                            "PRIORITY",
                            "WEEKS",
                            "BEGIN_DATE",
                            "END_DATE",
                            "BEGIN_TIME",
                            "END_TIME",
                            "AUDIT_STATUS",
                            "CREATE_PERSONNEL",
                            "CREATE_TIME",
                            "UPD_TIME",
                            "UPD_PERSONNEL",
                            "PROD_FEATURE",
                            "FORCE_SHOW_KEY",
                            "FIRST_DETAIL_DISPLAY",
                            "SECOND_DETAIL_DISPLAY",
                            "LIMIT_TYPE",
                            "PROD_STATUS",
                            "FIRST_DETAIL_DISPLAY_CH",
                            "SECOND_DETAIL_DISPLAY_CH",
                            "NO_OPEN_KEY",
                            "RATE_LABEL_CTXT",
                            "PROD_RIGHT_LABEL_CTXT",
                            "SHOW_BEGIN",
                            "SHOW_END",
                            "DETAIL_URL",
                            "OPER_ID",
                            "UPD_RECORD",
                            "NO_OPEN_CONTXT",
                            "RATE_LABEL_IDENTIF",
                            "NO_SELL_DISPLAY",
                            "PROD_TYPE_CHILD",
                            "BIZDATE",
                            "RATE_POSTFIX",
                            "DEPT_NUM",
                            "ORG_NUM",
                            "TICKET_HOLD_RIGHTS",
                            "LOGIN_HOLD_RIGHTS",
                            "TICKET_NUM",
                            "NOLOGIN_IS_DISPLAY",
                            "DETAIL_URL_OLD",
                            "MALL_URL",
                            "ENTERED_RATE_IS_SHOW",
                            "DAILY_BEGIN_TIME",
                            "DAILY_END_TIME",
                            "FUNCTION_SUPPORTED",
                            "REDEEM_URL",
                            "DIVIDEND_URL",
                            "CONVERT_URL",
                            "TRANSFER_URL",
                            "ENHANCED_LOGO_URL",
                            "ENHANCED_LOGO_ID",
                            "ENHANCED_LOGO_NAME",
                            "DETAIL_URL_PC",
                            "BLACK_IMAGE_URL",
                            "BLACK_IMAGE_ID",
                            "BLACK_IMAGE_NAME",
                            "PC_ENHANCED_LOGO_URL",
                            "PC_ENHANCED_LOGO_ID",
                            "PC_ENHANCED_LOGO_NAME",
                            "PROD_FEATURE_LABEL_ENHANCED",
                            "PROD_FEATURE_LABEL_SHOW",
                            "SEARCH_IS_ALLOWED",
                            "SHARE_CODE",
                            "SHARE_MINI_PROGRAM_WHETHER",
                            "YD_URL_NAME",
                            "PC_URL_NAME",
                            "JH_URL_NAME",
                            "TRUSTEE_BANK",
                            "NO_BANK_TRANSFER_BUY",
                            "NO_ADD_COUPON_REMINDER",
                            "IS_VALID_URL",
                            "XIAODIAN_URL_NAME",
                            "XIAODIAN_LINK",
                            "SHOP_SHARE_PIC_URL",
                            "SHOP_SHARE_PIC_ID",
                            "SHOP_SHARE_PIC_NAME",
                            "SHOP_POSTER_URL",
                            "SHOP_POSTER_ID",
                            "SHOP_POSTER_NAME",
                            "SEARCH_START",
                            "SEARCH_END",
                            "XINFA_ID",
                            "XINFA_NAME",
                            "XINFA_URL",
                            "F_XINFA_STYLE",
                            "VIDEO_URL",
                            "VIDEO_DESC",
                            "HOT_TAG",
                            "VIDEO_DESC_CUSTOM",
                            "VIDEO_TITLE",
                            "SHU_URL",
                            "DH_VIDEO_URL"
                        ],
                        "connection": [
                            {
                                "table": [
                                    "OTC142.GJ_G2010_MANUAL_PROD_INFO"
                                ],
                                "jdbcUrl": [
                                    "${cp_jdbcUrl}"
                                ]
                            }
                        ]
                    }
                },
                "writer": {
                    "name": "${lc_writer}",
                    "parameter": {
                        "username": "${lc_username}",
                        "password": "${lc_password}",
                        "writeMode": "insert",
                        "batchSize": "${batchSize}",
                        "memstoreThreshold": "${memstoreThreshold}",
                        "column": [
                            "ID",
                            "PROD_CODE",
                            "SHT_NAME",
                            "SHT_NAME_IDENTIF",
                            "RATE",
                            "RATE_IDENTIF",
                            "PROD_FEATURE_LABEL",
                            "PROD_LABEL_IDENTIF",
                            "RATE_LABEL",
                            "PROD_LABEL",
                            "PROD_FEATURE_DESCRIBE",
                            "PRIORITY",
                            "WEEKS",
                            "BEGIN_DATE",
                            "END_DATE",
                            "BEGIN_TIME",
                            "END_TIME",
                            "AUDIT_STATUS",
                            "CREATE_PERSONNEL",
                            "CREATE_TIME",
                            "UPD_TIME",
                            "UPD_PERSONNEL",
                            "PROD_FEATURE",
                            "FORCE_SHOW_KEY",
                            "FIRST_DETAIL_DISPLAY",
                            "SECOND_DETAIL_DISPLAY",
                            "LIMIT_TYPE",
                            "PROD_STATUS",
                            "FIRST_DETAIL_DISPLAY_CH",
                            "SECOND_DETAIL_DISPLAY_CH",
                            "NO_OPEN_KEY",
                            "RATE_LABEL_CTXT",
                            "PROD_RIGHT_LABEL_CTXT",
                            "SHOW_BEGIN",
                            "SHOW_END",
                            "DETAIL_URL",
                            "OPER_ID",
                            "UPD_RECORD",
                            "NO_OPEN_CONTXT",
                            "RATE_LABEL_IDENTIF",
                            "NO_SELL_DISPLAY",
                            "PROD_TYPE_CHILD",
                            "BIZDATE",
                            "RATE_POSTFIX",
                            "DEPT_NUM",
                            "ORG_NUM",
                            "TICKET_HOLD_RIGHTS",
                            "LOGIN_HOLD_RIGHTS",
                            "TICKET_NUM",
                            "NOLOGIN_IS_DISPLAY",
                            "DETAIL_URL_OLD",
                            "MALL_URL",
                            "ENTERED_RATE_IS_SHOW",
                            "DAILY_BEGIN_TIME",
                            "DAILY_END_TIME",
                            "FUNCTION_SUPPORTED",
                            "REDEEM_URL",
                            "DIVIDEND_URL",
                            "CONVERT_URL",
                            "TRANSFER_URL",
                            "ENHANCED_LOGO_URL",
                            "ENHANCED_LOGO_ID",
                            "ENHANCED_LOGO_NAME",
                            "DETAIL_URL_PC",
                            "BLACK_IMAGE_URL",
                            "BLACK_IMAGE_ID",
                            "BLACK_IMAGE_NAME",
                            "PC_ENHANCED_LOGO_URL",
                            "PC_ENHANCED_LOGO_ID",
                            "PC_ENHANCED_LOGO_NAME",
                            "PROD_FEATURE_LABEL_ENHANCED",
                            "PROD_FEATURE_LABEL_SHOW",
                            "SEARCH_IS_ALLOWED",
                            "SHARE_CODE",
                            "SHARE_MINI_PROGRAM_WHETHER",
                            "YD_URL_NAME",
                            "PC_URL_NAME",
                            "JH_URL_NAME",
                            "TRUSTEE_BANK",
                            "NO_BANK_TRANSFER_BUY",
                            "NO_ADD_COUPON_REMINDER",
                            "IS_VALID_URL",
                            "XIAODIAN_URL_NAME",
                            "XIAODIAN_LINK",
                            "SHOP_SHARE_PIC_URL",
                            "SHOP_SHARE_PIC_ID",
                            "SHOP_SHARE_PIC_NAME",
                            "SHOP_POSTER_URL",
                            "SHOP_POSTER_ID",
                            "SHOP_POSTER_NAME",
                            "SEARCH_START",
                            "SEARCH_END",
                            "XINFA_ID",
                            "XINFA_NAME",
                            "XINFA_URL",
                            "F_XINFA_STYLE",
                            "VIDEO_URL",
                            "VIDEO_DESC",
                            "HOT_TAG",
                            "VIDEO_DESC_CUSTOM",
                            "VIDEO_TITLE",
                            "SHU_URL",
                            "DH_VIDEO_URL"
                        ],
                        "connection": [
                            {
                                "table": [
                                    "LCINFOJOB.CP_GJ_G2010_MANUAL_PROD_INFO"
                                ],
                                "jdbcUrl": "${lc_jdbcUrl}"
                            }
                        ]
                    }
                }
            }
        ],
        "setting": {
            "speed": {
                "channel": "${channel}"
            },
            "errorLimit": {
                "percentage": "${percentage}"
            }
        }
    }
}