{
    "job": {
        "content": [
            {
                "reader": {
                    "name": "${cp_reader}",
                    "parameter": {
                        "username": "${cp_username}",
                        "password": "${cp_password}",
                        "column": [
                            "L_SERIALNO",
                            "C_FUNDNAME",
                            "C_TAFUNDCODE",
                            "C_FUNDDEALTYPE",
                            "C_ISBONUSTYPE",
                            "C_BONUSTYPE",
                            "C_ISBONUSTYPESELECT",
                            "C_BONUSTIMES",
                            "C_BONUSARRANGEMENT",
                            "C_REWARDWAY",
                            "C_REWARDBASE",
                            "C_REWARDRATIO",
                            "C_INVESTADVISE",
                            "D_FAILUEDATE",
                            "C_CLOSEDPERIOD",
                            "C_LOCKUPPERIOD",
                            "D_SETUPDATE",
                            "C_OPENDAYDESC",
                            "C_ISPURSREDPSAME",
                            "D_OPENDAY",
                            "C_DATASOURCE",
                            "C_CREATOR",
                            "D_CREATEDATE",
                            "C_OPERATOR",
                            "D_OPERATORDATE",
                            "C_FUNDCODE",
                            "C_FIRSTSUBLOWFEE",
                            "C_FIRSTPURCHASRLOWFEE",
                            "C_SUBSCRIBEFEE",
                            "C_SUBSCRIBEFEEDISCOUNT",
                            "C_PURCHASERATE",
                            "C_PURCHASERATEDISCOUNT",
                            "C_RATE",
                            "C_RATEDISCOUNT",
                            "C_MANAGERFEE",
                            "C_TRUSTEEFEE",
                            "C_OPSSVRRATE",
                            "C_SALEFEERATE",
                            "C_INVESTADVISEFEE",
                            "C_MANAGERINTRO",
                            "C_SUBSCRIBEDATE",
                            "C_PURCHASEDATE",
                            "C_RATEDATE",
                            "C_PRODUCTOPENINGPERIOD",
                            "C_FUNDCOMPANYNAME",
                            "D_SUBSCRIPTIONOPENDAY",
                            "D_REDEMPTIONOPENDAY",
                            "D_SUBSCRIPTIONOPENDAYRULES",
                            "D_REDEMPTIONOPENDAYRULES",
                            "C_INVESTSCHEMA"
                        ],
                        "connection": [
                            {
                                "table": [
                                    "OTC.G2020_PRO_PRI_INFO"
                                ],
                                "jdbcUrl": [
                                    "${cp_jdbcUrl}"
                                ]
                            }
                        ]
                    }
                },
                "writer": {
                    "name": "${lc_writer}",
                    "parameter": {
                        "username": "${lc_username}",
                        "password": "${lc_password}",
                        "writeMode": "insert",
                        "batchSize": "${batchSize}",
                        "memstoreThreshold": "${memstoreThreshold}",
                        "column": [
                            "L_SERIALNO",
                            "C_FUNDNAME",
                            "C_TAFUNDCODE",
                            "C_FUNDDEALTYPE",
                            "C_ISBONUSTYPE",
                            "C_BONUSTYPE",
                            "C_ISBONUSTYPESELECT",
                            "C_BONUSTIMES",
                            "C_BONUSARRANGEMENT",
                            "C_REWARDWAY",
                            "C_REWARDBASE",
                            "C_REWARDRATIO",
                            "C_INVESTADVISE",
                            "D_FAILUEDATE",
                            "C_CLOSEDPERIOD",
                            "C_LOCKUPPERIOD",
                            "D_SETUPDATE",
                            "C_OPENDAYDESC",
                            "C_ISPURSREDPSAME",
                            "D_OPENDAY",
                            "C_DATASOURCE",
                            "C_CREATOR",
                            "D_CREATEDATE",
                            "C_OPERATOR",
                            "D_OPERATORDATE",
                            "C_FUNDCODE",
                            "C_FIRSTSUBLOWFEE",
                            "C_FIRSTPURCHASRLOWFEE",
                            "C_SUBSCRIBEFEE",
                            "C_SUBSCRIBEFEEDISCOUNT",
                            "C_PURCHASERATE",
                            "C_PURCHASERATEDISCOUNT",
                            "C_RATE",
                            "C_RATEDISCOUNT",
                            "C_MANAGERFEE",
                            "C_TRUSTEEFEE",
                            "C_OPSSVRRATE",
                            "C_SALEFEERATE",
                            "C_INVESTADVISEFEE",
                            "C_MANAGERINTRO",
                            "C_SUBSCRIBEDATE",
                            "C_PURCHASEDATE",
                            "C_RATEDATE",
                            "C_PRODUCTOPENINGPERIOD",
                            "C_FUNDCOMPANYNAME",
                            "D_SUBSCRIPTIONOPENDAY",
                            "D_REDEMPTIONOPENDAY",
                            "D_SUBSCRIPTIONOPENDAYRULES",
                            "D_REDEMPTIONOPENDAYRULES",
                            "C_INVESTSCHEMA"
                        ],
                        "connection": [
                            {
                                "table": [
                                    "LCINFOJOB.CP_G2020_PRO_PRI_INFO"
                                ],
                                "jdbcUrl": "${lc_jdbcUrl}"
                            }
                        ],
                        "preSql": [
                            "truncate table LCINFOJOB.CP_G2020_PRO_PRI_INFO"
                        ]
                    }
                }
            }
        ],
        "setting": {
            "speed": {
                "channel": "${channel}"
            },
            "errorLimit": {
                "percentage": "${percentage}"
            }
        }
    }
}