{
    "job": {
        "content": [
            {
                "reader": {
                    "name": "${cp_reader}",
                    "parameter": {
                        "username": "${cp_username}",
                        "password": "${cp_password}",
                        "column": [
                            "PRO_ID",
                            "PRO_CODE",
                            "PRO_NAME",
                            "SHT_NAME",
                            "RISK_LVL",
                            "RISK_TYPE",
                            "INVEST_TYPE",
                            "INV_ORIGIN",
                            "NAV",
                            "ACC_NET",
                            "CON_DEA",
                            "GRP_DATE",
                            "DOWN_DATE",
                            "SELL_STA",
                            "PRO_PROVIDER",
                            "SUP_NAME",
                            "GROW_RATE_DAY",
                            "FOUND_DATE",
                            "INV_MNG",
                            "MIN_SUB",
                            "EXP_RATE_PER_SEVENDAY",
                            "UNIT_YLD_RMB",
                            "SUB_STA",
                            "RED_STA",
                            "REF_STA",
                            "ACT_MAX_SCALE",
                            "NOW_RATE",
                            "OLD_RATE",
                            "UP_TIME",
                            "TRU_BANK",
                            "MANAGE_FEE",
                            "TRST_RAT",
                            "ADD_ORIGIN",
                            "AVG_EXP_RATE_PER_YEAR",
                            "MAX_DATE",
                            "NAV_DATE",
                            "COMM_1W",
                            "COMM_1M",
                            "COMM_3M",
                            "COMM_6M",
                            "COMM_1Y",
                            "COMM_2Y",
                            "COMM",
                            "COMM_1D",
                            "COMM_YEAR",
                            "COMM_3Y",
                            "COMM_5Y",
                            "NET_VALUE_TYPE",
                            "SCHEDULED_VOTE",
                            "DD_LVL",
                            "STDEV_LVL",
                            "AUDIT_FLAG",
                            "PLAN_TYPE",
                            "REDEEMDAYS"
                        ],
                        "connection": [
                            {
                                "table": [
                                    "OTC.GJ_PRO_OWN_VIEW"
                                ],
                                "jdbcUrl": [
                                    "${cp_jdbcUrl}"
                                ]
                            }
                        ]
                    }
                },
                "writer": {
                    "name": "${lc_writer}",
                    "parameter": {
                        "username": "${lc_username}",
                        "password": "${lc_password}",
                        "writeMode": "insert",
                        "batchSize": "${batchSize}",
                        "memstoreThreshold": "${memstoreThreshold}",
                        "column": [
                            "PRO_ID",
                            "PRO_CODE",
                            "PRO_NAME",
                            "SHT_NAME",
                            "RISK_LVL",
                            "RISK_TYPE",
                            "INVEST_TYPE",
                            "INV_ORIGIN",
                            "NAV",
                            "ACC_NET",
                            "CON_DEA",
                            "GRP_DATE",
                            "DOWN_DATE",
                            "SELL_STA",
                            "PRO_PROVIDER",
                            "SUP_NAME",
                            "GROW_RATE_DAY",
                            "FOUND_DATE",
                            "INV_MNG",
                            "MIN_SUB",
                            "EXP_RATE_PER_SEVENDAY",
                            "UNIT_YLD_RMB",
                            "SUB_STA",
                            "RED_STA",
                            "REF_STA",
                            "ACT_MAX_SCALE",
                            "NOW_RATE",
                            "OLD_RATE",
                            "UP_TIME",
                            "TRU_BANK",
                            "MANAGE_FEE",
                            "TRST_RAT",
                            "ADD_ORIGIN",
                            "AVG_EXP_RATE_PER_YEAR",
                            "MAX_DATE",
                            "NAV_DATE",
                            "COMM_1W",
                            "COMM_1M",
                            "COMM_3M",
                            "COMM_6M",
                            "COMM_1Y",
                            "COMM_2Y",
                            "COMM",
                            "COMM_1D",
                            "COMM_YEAR",
                            "COMM_3Y",
                            "COMM_5Y",
                            "NET_VALUE_TYPE",
                            "SCHEDULED_VOTE",
                            "DD_LVL",
                            "STDEV_LVL",
                            "AUDIT_FLAG",
                            "PLAN_TYPE",
                            "REDEEMDAYS"
                        ],
                        "connection": [
                            {
                                "table": [
                                    "LCINFOJOB.CP_GJ_PRO_OWN_VIEW"
                                ],
                                "jdbcUrl": "${lc_jdbcUrl}"
                            }
                        ],
                        "preSql": [
                            "truncate table LCINFOJOB.CP_GJ_PRO_OWN_VIEW"
                        ]
                    }
                }
            },
            {
                "reader": {
                    "name": "${cp_reader}",
                    "parameter": {
                        "username": "${cp_username}",
                        "password": "${cp_password}",
                        "column": [
                            "PRO_ID",
                            "PRO_CODE",
                            "PRO_NAME",
                            "SHT_NAME",
                            "RISK_LVL",
                            "RISK_TYPE",
                            "INVEST_TYPE",
                            "INV_ORIGIN",
                            "NAV",
                            "ACC_NET",
                            "CON_DEA",
                            "GRP_DATE",
                            "DOWN_DATE",
                            "SELL_STA",
                            "PRO_PROVIDER",
                            "SUP_NAME",
                            "GROW_RATE_DAY",
                            "FOUND_DATE",
                            "INV_MNG",
                            "MIN_SUB",
                            "EXP_RATE_PER_SEVENDAY",
                            "UNIT_YLD_RMB",
                            "SUB_STA",
                            "RED_STA",
                            "REF_STA",
                            "ACT_MAX_SCALE",
                            "NOW_RATE",
                            "OLD_RATE",
                            "UP_TIME",
                            "TRU_BANK",
                            "MANAGE_FEE",
                            "TRST_RAT",
                            "ADD_ORIGIN",
                            "AVG_EXP_RATE_PER_YEAR",
                            "MAX_DATE",
                            "NAV_DATE",
                            "COMM_1W",
                            "COMM_1M",
                            "COMM_3M",
                            "COMM_6M",
                            "COMM_1Y",
                            "COMM_2Y",
                            "COMM",
                            "COMM_1D",
                            "COMM_YEAR",
                            "COMM_3Y",
                            "COMM_5Y",
                            "NET_VALUE_TYPE",
                            "SCHEDULED_VOTE",
                            "DD_LVL",
                            "STDEV_LVL",
                            "AUDIT_FLAG",
                            "PLAN_TYPE",
                            "REDEEMDAYS"
                        ],
                        "connection": [
                            {
                                "table": [
                                    "OTC.GJ_PRO_OWN_VIEW"
                                ],
                                "jdbcUrl": [
                                    "${cp_jdbcUrl}"
                                ]
                            }
                        ]
                    }
                },
                "writer": {
                    "name": "${lc_writer}",
                    "parameter": {
                        "username": "${lc_username}",
                        "password": "${lc_password}",
                        "writeMode": "insert",
                        "batchSize": "${batchSize}",
                        "memstoreThreshold": "${memstoreThreshold}",
                        "column": [
                            "PRO_ID",
                            "PRO_CODE",
                            "PRO_NAME",
                            "SHT_NAME",
                            "RISK_LVL",
                            "RISK_TYPE",
                            "INVEST_TYPE",
                            "INV_ORIGIN",
                            "NAV",
                            "ACC_NET",
                            "CON_DEA",
                            "GRP_DATE",
                            "DOWN_DATE",
                            "SELL_STA",
                            "PRO_PROVIDER",
                            "SUP_NAME",
                            "GROW_RATE_DAY",
                            "FOUND_DATE",
                            "INV_MNG",
                            "MIN_SUB",
                            "EXP_RATE_PER_SEVENDAY",
                            "UNIT_YLD_RMB",
                            "SUB_STA",
                            "RED_STA",
                            "REF_STA",
                            "ACT_MAX_SCALE",
                            "NOW_RATE",
                            "OLD_RATE",
                            "UP_TIME",
                            "TRU_BANK",
                            "MANAGE_FEE",
                            "TRST_RAT",
                            "ADD_ORIGIN",
                            "AVG_EXP_RATE_PER_YEAR",
                            "MAX_DATE",
                            "NAV_DATE",
                            "COMM_1W",
                            "COMM_1M",
                            "COMM_3M",
                            "COMM_6M",
                            "COMM_1Y",
                            "COMM_2Y",
                            "COMM",
                            "COMM_1D",
                            "COMM_YEAR",
                            "COMM_3Y",
                            "COMM_5Y",
                            "NET_VALUE_TYPE",
                            "SCHEDULED_VOTE",
                            "DD_LVL",
                            "STDEV_LVL",
                            "AUDIT_FLAG",
                            "PLAN_TYPE",
                            "REDEEMDAYS"
                        ],
                        "connection": [
                            {
                                "table": [
                                    "LCINFOJOB.CP_GJ_PRO_OWN_VIEW"
                                ],
                                "jdbcUrl": "${lc_jdbcUrl}"
                            }
                        ],
                        "preSql": [
                            "truncate table LCINFOJOB.CP_GJ_PRO_OWN_VIEW"
                        ]
                    }
                }
            }
        ],
        "setting": {
            "speed": {
                "channel": "${channel}"
            },
            "errorLimit": {
                "percentage": "${percentage}"
            }
        }
    }
}