{
    "job": {
        "content": [
            {
                "reader": {
                    "name": "${cp_reader}",
                    "parameter": {
                        "username": "${cp_username}",
                        "password": "${cp_password}",
                        "column": [
                            "PRO_ID",
                            "PRO_CODE",
                            "HLD_VAL_GP",
                            "HLD_NAV_RAT_GP",
                            "HLD_VAL_ZQ",
                            "HLD_NAV_RAT_ZQ",
                            "HLD_VAL_HB",
                            "HLD_NAV_RAT_HB",
                            "HLD_VAL_QT",
                            "HLD_NAV_RAT_QT",
                            "RPT_DATE",
                            "END_DT",
                            "RPT_TYP"
                        ],
                        "connection": [
                            {
                                "table": [
                                    "OTC.ASSET_CONF_ALLOC"
                                ],
                                "jdbcUrl": [
                                    "${cp_jdbcUrl}"
                                ]
                            }
                        ]
                    }
                },
                "writer": {
                    "name": "${lc_writer}",
                    "parameter": {
                        "username": "${lc_username}",
                        "password": "${lc_password}",
                        "writeMode": "insert",
                        "batchSize": "${batchSize}",
                        "memstoreThreshold": "${memstoreThreshold}",
                        "column": [
                            "PRO_ID",
                            "PRO_CODE",
                            "HLD_VAL_GP",
                            "HLD_NAV_RAT_GP",
                            "HLD_VAL_ZQ",
                            "HLD_NAV_RAT_ZQ",
                            "HLD_VAL_HB",
                            "HLD_NAV_RAT_HB",
                            "HLD_VAL_QT",
                            "HLD_NAV_RAT_QT",
                            "RPT_DATE",
                            "END_DT",
                            "RPT_TYP"
                        ],
                        "connection": [
                            {
                                "table": [
                                    "LCINFOJOB.CP_ASSET_CONF_ALLOC"
                                ],
                                "jdbcUrl": "${lc_jdbcUrl}"
                            }
                        ],
                        "preSql": [
                            "truncate table LCINFOJOB.CP_ASSET_CONF_ALLOC"
                        ]
                    }
                }
            }
        ],
        "setting": {
            "speed": {
                "channel": "${channel}"
            },
            "errorLimit": {
                "percentage": "${percentage}"
            }
        }
    }
}