{
    "job": {
        "content": [
            {
                "reader": {
                    "name": "${cp_reader}",
                    "parameter": {
                        "username": "${cp_username}",
                        "password": "${cp_password}",
                        "column": [
                            "STOCK_CODE",
                            "REPORT_AMOUNT",
                            "COLLECT_PRICE",
                            "SURPLUS_TIME",
                            "REPORT_TIME",
                            "REPORT_DATE",
                            "SERIAL_NO",
                            "REC_GEN_TIME",
                            "REC_UPD_TIME",
                            "REPORT_USER",
                            "SOURCE",
                            "USER_ADDRESS",
                            "to_char(sysdate, 'YYYYMMDD')"
                        ],
                        "connection": [
                            {
                                "table": [
                                    "OTC142.GJ_OTC_TRANSFER_MARKET"
                                ],
                                "jdbcUrl": [
                                    "${cp_jdbcUrl}"
                                ]
                            }
                        ]
                    }
                },
                "writer": {
                    "name": "${lc_writer}",
                    "parameter": {
                        "username": "${lc_username}",
                        "password": "${lc_password}",
                        "writeMode": "insert",
                        "batchSize": "${batchSize}",
                        "memstoreThreshold": "${memstoreThreshold}",
                        "column": [
                            "STOCK_CODE",
                            "REPORT_AMOUNT",
                            "COLLECT_PRICE",
                            "SURPLUS_TIME",
                            "REPORT_TIME",
                            "REPORT_DATE",
                            "SERIAL_NO",
                            "REC_GEN_TIME",
                            "REC_UPD_TIME",
                            "REPORT_USER",
                            "SOURCE",
                            "USER_ADDRESS",
                            "BIZ_DATE"
                        ],
                        "connection": [
                            {
                                "table": [
                                    "lcinfojob.GJ_OTC_TRANSFER_MARKET"
                                ],
                                "jdbcUrl": "${lc_jdbcUrl}"
                            }
                        ]
                    }
                }
            },
            {
                "reader": {
                    "name": "${cp_reader}",
                    "parameter": {
                        "username": "${cp_username}",
                        "password": "${cp_password}",
                        "column": [],
                        "connection": [
                            {
                                "table": [
                                    "default_from_table"
                                ],
                                "jdbcUrl": [
                                    "${cp_jdbcUrl}"
                                ]
                            }
                        ]
                    }
                },
                "writer": {
                    "name": "${lc_writer}",
                    "parameter": {
                        "username": "${lc_username}",
                        "password": "${lc_password}",
                        "writeMode": "insert",
                        "batchSize": "${batchSize}",
                        "memstoreThreshold": "${memstoreThreshold}",
                        "column": [],
                        "connection": [
                            {
                                "table": [
                                    "lcinfojob"
                                ],
                                "jdbcUrl": "${lc_jdbcUrl}"
                            }
                        ]
                    }
                }
            },
            {
                "reader": {
                    "name": "${cp_reader}",
                    "parameter": {
                        "username": "${cp_username}",
                        "password": "${cp_password}",
                        "column": [
                            "STOCK_CODE",
                            "REPORT_AMOUNT",
                            "COLLECT_PRICE",
                            "SURPLUS_TIME",
                            "REPORT_TIME",
                            "REPORT_DATE",
                            "SERIAL_NO",
                            "REC_GEN_TIME",
                            "REC_UPD_TIME",
                            "REPORT_USER",
                            "SOURCE",
                            "USER_ADDRESS"
                        ],
                        "connection": [
                            {
                                "table": [
                                    "OTC142.GJ_OTC_TRANSFER_MARKET"
                                ],
                                "jdbcUrl": [
                                    "${cp_jdbcUrl}"
                                ]
                            }
                        ]
                    }
                },
                "writer": {
                    "name": "${lc_writer}",
                    "parameter": {
                        "username": "${lc_username}",
                        "password": "${lc_password}",
                        "writeMode": "insert",
                        "batchSize": "${batchSize}",
                        "memstoreThreshold": "${memstoreThreshold}",
                        "column": [
                            "STOCK_CODE",
                            "REPORT_AMOUNT",
                            "COLLECT_PRICE",
                            "SURPLUS_TIME",
                            "REPORT_TIME",
                            "REPORT_DATE",
                            "SERIAL_NO",
                            "REC_GEN_TIME",
                            "REC_UPD_TIME",
                            "REPORT_USER",
                            "SOURCE",
                            "USER_ADDRESS"
                        ],
                        "connection": [
                            {
                                "table": [
                                    "lcinfojob.GJ_OTC_TRANSFER_MARKET"
                                ],
                                "jdbcUrl": "${lc_jdbcUrl}"
                            }
                        ],
                        "preSql": [
                            "truncate table lcinfojob.GJ_OTC_TRANSFER_MARKET"
                        ]
                    }
                }
            }
        ],
        "setting": {
            "speed": {
                "channel": "${channel}"
            },
            "errorLimit": {
                "percentage": "${percentage}"
            }
        }
    }
}