{
    "job": {
        "content": [
            {
                "reader": {
                    "name": "${cp_reader}",
                    "parameter": {
                        "username": "${cp_username}",
                        "password": "${cp_password}",
                        "column": [
                            "PROD_ID",
                            "PROD_CODE",
                            "PROD_NAME",
                            "PROD_BCLASS",
                            "PROD_BCLASSDES",
                            "LVL2_CLASS",
                            "LVL2_CLASSDES",
                            "PROD_SCLASS",
                            "PROD_SCLASSDES",
                            "PRFT_TYPE",
                            "PRFT_TYPEDES",
                            "PROD_DESC",
                            "RECMD_INDEX",
                            "RECMD_INDEXDES",
                            "PROD_ESPEC",
                            "ISSUE_PERSON",
                            "ISSUE_PERSON_DES",
                            "CURR",
                            "SELL_STATUS",
                            "SELL_STATUSDES",
                            "RISK_TYPE",
                            "RISK_TYPEDES",
                            "RISK_LEVEL",
                            "RISK_LEVELDES",
                            "FOUND_DAY",
                            "DUR",
                            "MATURE_DAY",
                            "FUND_SIZE",
                            "TRSTEE",
                            "PRIV_FUND_MGR",
                            "INVEST_SCOPE",
                            "INVEST_CONSU",
                            "INVEST_CONSU_DES",
                            "INVEST_MGR",
                            "INVEST_TYPE",
                            "INVEST_TYPEDES",
                            "INVEST_FLOOR",
                            "TRUST_PERSON",
                            "EXPECT_PRFT",
                            "TRD_CHA",
                            "JZJY_STATUS",
                            "ISS_BEG_DATE",
                            "ISS_END_DATE",
                            "L1Y_PRFT_RATE",
                            "L2Y_PRFT_RATE",
                            "L3Y_PRFT_RATE",
                            "L3M_PRFT_RATE",
                            "L5Y_PRFT_RATE",
                            "L6M_PRFT_RATE",
                            "ADDTO_MIN_BUY",
                            "LIMITENDDATE",
                            "SALES_OUTLET",
                            "D_BEGINDATE",
                            "D_ENDDATE",
                            "CX_STA",
                            "REDEEMLOW",
                            "ETL_TX_DT",
                            "SYS_SOU",
                            "PREORDER_FLAG",
                            "EXTQTY1",
                            "CALMHOURS",
                            "PRO_BUYFLOW",
                            "PMINLEVEL",
                            "PPROFEINVEST",
                            "PRO_PCTRLKINDS",
                            "PRO_CTRLKIND",
                            "RISK_APPETITE",
                            "PRO_VIDEO",
                            "PRO_TERM",
                            "PRO_KIND",
                            "STL_RISK_TYPE"
                        ],
                        "connection": [
                            {
                                "table": [
                                    "OTC.GJ_PROD_PRI"
                                ],
                                "jdbcUrl": [
                                    "${cp_jdbcUrl}"
                                ]
                            }
                        ]
                    }
                },
                "writer": {
                    "name": "${lc_writer}",
                    "parameter": {
                        "username": "${lc_username}",
                        "password": "${lc_password}",
                        "writeMode": "insert",
                        "batchSize": "${batchSize}",
                        "memstoreThreshold": "${memstoreThreshold}",
                        "column": [
                            "PROD_ID",
                            "PROD_CODE",
                            "PROD_NAME",
                            "PROD_BCLASS",
                            "PROD_BCLASSDES",
                            "LVL2_CLASS",
                            "LVL2_CLASSDES",
                            "PROD_SCLASS",
                            "PROD_SCLASSDES",
                            "PRFT_TYPE",
                            "PRFT_TYPEDES",
                            "PROD_DESC",
                            "RECMD_INDEX",
                            "RECMD_INDEXDES",
                            "PROD_ESPEC",
                            "ISSUE_PERSON",
                            "ISSUE_PERSON_DES",
                            "CURR",
                            "SELL_STATUS",
                            "SELL_STATUSDES",
                            "RISK_TYPE",
                            "RISK_TYPEDES",
                            "RISK_LEVEL",
                            "RISK_LEVELDES",
                            "FOUND_DAY",
                            "DUR",
                            "MATURE_DAY",
                            "FUND_SIZE",
                            "TRSTEE",
                            "PRIV_FUND_MGR",
                            "INVEST_SCOPE",
                            "INVEST_CONSU",
                            "INVEST_CONSU_DES",
                            "INVEST_MGR",
                            "INVEST_TYPE",
                            "INVEST_TYPEDES",
                            "INVEST_FLOOR",
                            "TRUST_PERSON",
                            "EXPECT_PRFT",
                            "TRD_CHA",
                            "JZJY_STATUS",
                            "ISS_BEG_DATE",
                            "ISS_END_DATE",
                            "L1Y_PRFT_RATE",
                            "L2Y_PRFT_RATE",
                            "L3Y_PRFT_RATE",
                            "L3M_PRFT_RATE",
                            "L5Y_PRFT_RATE",
                            "L6M_PRFT_RATE",
                            "ADDTO_MIN_BUY",
                            "LIMITENDDATE",
                            "SALES_OUTLET",
                            "D_BEGINDATE",
                            "D_ENDDATE",
                            "CX_STA",
                            "REDEEMLOW",
                            "ETL_TX_DT",
                            "SYS_SOU",
                            "PREORDER_FLAG",
                            "EXTQTY1",
                            "CALMHOURS",
                            "PRO_BUYFLOW",
                            "PMINLEVEL",
                            "PPROFEINVEST",
                            "PRO_PCTRLKINDS",
                            "PRO_CTRLKIND",
                            "RISK_APPETITE",
                            "PRO_VIDEO",
                            "PRO_TERM",
                            "PRO_KIND",
                            "STL_RISK_TYPE"
                        ],
                        "connection": [
                            {
                                "table": [
                                    "LCINFOJOB.CP_GJ_PROD_PRI"
                                ],
                                "jdbcUrl": "${lc_jdbcUrl}"
                            }
                        ],
                        "preSql": [
                            "truncate table LCINFOJOB.CP_GJ_PROD_PRI"
                        ]
                    }
                }
            }
        ],
        "setting": {
            "speed": {
                "channel": "${channel}"
            },
            "errorLimit": {
                "percentage": "${percentage}"
            }
        }
    }
}