{
    "job": {
        "content": [
            {
                "reader": {
                    "name": "${cp_reader}",
                    "parameter": {
                        "username": "${cp_username}",
                        "password": "${cp_password}",
                        "column": [
                            "sysdate BIZ_DATE",
                            "PROD_ID",
                            "PROD_CODE",
                            "PROD_NAME",
                            "PROD_BCLASS",
                            "PROD_BCLASSDES",
                            "LVL2_CLASS",
                            "LVL2_CLASSDES",
                            "PROD_SCLASS",
                            "PROD_SCLASSDES",
                            "PRFT_RATE_RK_1W",
                            "PRFT_RATE_RK_1M",
                            "PRFT_RATE_RK_3M",
                            "PRFT_RATE_RK_6M",
                            "ANN_CHG_RAT_7D",
                            "REPORT_TERM_PRFT_RATE",
                            "Y_UNTIL_PRFT_RATE_RK",
                            "FOUND_UNTIL_PRFT_RATE_RK",
                            "FOUND_UNTIL_PRFT_RATE",
                            "ISSUE_TM",
                            "CHG_RAT_TY_PRFT_RATE",
                            "L1Y_PRFT_RATE",
                            "L1M_PRFT_RATE",
                            "L1W_PRFT_RATE",
                            "L2Y_PRFT_RATE",
                            "L3Y_PRFT_RATE",
                            "L3M_PRFT_RATE",
                            "L5Y_PRFT_RATE",
                            "L6M_PRFT_RATE",
                            "L1Y_NET_VAL_GROW_RATE",
                            "ACCUM_NET_VAL",
                            "MYRD_UNIT_PRFT",
                            "DAY_PRFT_RATE",
                            "SAME_CLS_FUND_1M",
                            "SAME_CLS_FUND_3M",
                            "SAME_CLS_FUND_6M",
                            "SAME_CLS_FUND_UTY",
                            "SAME_CLS_FUND_UF",
                            "SAME_CLS_FUND_1W",
                            "SAME_CLS_AVG_TY_PRFT_RATE",
                            "SAME_CLS_AVG_BGN_PRFT_RATE",
                            "SAME_CLS_AVG_6M_PRFT_RATE",
                            "SAME_CLS_AVG_3M_PRFT_RATE",
                            "SAME_CLS_AVG_1M_PRFT_RATE",
                            "SAME_CLS_AVG_1Y_PRFT_RATE",
                            "SAME_CLS_AVG_1W_PRFT_RATE",
                            "NEWEST_NET_VAL",
                            "UPD_TIME",
                            "ADJ_UNIT_NAV",
                            "DAY_GRO_RATE"
                        ],
                        "connection": [
                            {
                                "table": [
                                    "OTC.GJ_PROD_NET_VALUE_ADD"
                                ],
                                "jdbcUrl": [
                                    "${cp_jdbcUrl}"
                                ]
                            }
                        ]
                    }
                },
                "writer": {
                    "name": "${lc_writer}",
                    "parameter": {
                        "username": "${lc_username}",
                        "password": "${lc_password}",
                        "writeMode": "insert",
                        "batchSize": "${batchSize}",
                        "memstoreThreshold": "${memstoreThreshold}",
                        "column": [
                            "BIZ_DATE",
                            "PROD_ID",
                            "PROD_CODE",
                            "PROD_NAME",
                            "PROD_BCLASS",
                            "PROD_BCLASSDES",
                            "LVL2_CLASS",
                            "LVL2_CLASSDES",
                            "PROD_SCLASS",
                            "PROD_SCLASSDES",
                            "PRFT_RATE_RK_1W",
                            "PRFT_RATE_RK_1M",
                            "PRFT_RATE_RK_3M",
                            "PRFT_RATE_RK_6M",
                            "ANN_CHG_RAT_7D",
                            "REPORT_TERM_PRFT_RATE",
                            "Y_UNTIL_PRFT_RATE_RK",
                            "FOUND_UNTIL_PRFT_RATE_RK",
                            "FOUND_UNTIL_PRFT_RATE",
                            "ISSUE_TM",
                            "CHG_RAT_TY_PRFT_RATE",
                            "L1Y_PRFT_RATE",
                            "L1M_PRFT_RATE",
                            "L1W_PRFT_RATE",
                            "L2Y_PRFT_RATE",
                            "L3Y_PRFT_RATE",
                            "L3M_PRFT_RATE",
                            "L5Y_PRFT_RATE",
                            "L6M_PRFT_RATE",
                            "L1Y_NET_VAL_GROW_RATE",
                            "ACCUM_NET_VAL",
                            "MYRD_UNIT_PRFT",
                            "DAY_PRFT_RATE",
                            "SAME_CLS_FUND_1M",
                            "SAME_CLS_FUND_3M",
                            "SAME_CLS_FUND_6M",
                            "SAME_CLS_FUND_UTY",
                            "SAME_CLS_FUND_UF",
                            "SAME_CLS_FUND_1W",
                            "SAME_CLS_AVG_TY_PRFT_RATE",
                            "SAME_CLS_AVG_BGN_PRFT_RATE",
                            "SAME_CLS_AVG_6M_PRFT_RATE",
                            "SAME_CLS_AVG_3M_PRFT_RATE",
                            "SAME_CLS_AVG_1M_PRFT_RATE",
                            "SAME_CLS_AVG_1Y_PRFT_RATE",
                            "SAME_CLS_AVG_1W_PRFT_RATE",
                            "NEWEST_NET_VAL",
                            "UPD_TIME",
                            "ADJ_UNIT_NAV",
                            "DAY_GRO_RATE"
                        ],
                        "connection": [
                            {
                                "table": [
                                    "LCINFOJOB.CP_GJ_PROD_NET_VALUE_ADD"
                                ],
                                "jdbcUrl": "${lc_jdbcUrl}"
                            }
                        ],
                        "preSql": [
                            "truncate table LCINFOJOB.CP_GJ_PROD_NET_VALUE_ADD"
                        ]
                    }
                }
            }
        ],
        "setting": {
            "speed": {
                "channel": "${channel}"
            },
            "errorLimit": {
                "percentage": "${percentage}"
            }
        }
    }
}