{
    "job": {
        "content": [
            {
                "reader": {
                    "name": "${cp_reader}",
                    "parameter": {
                        "username": "${cp_username}",
                        "password": "${cp_password}",
                        "column": [
                            "USER_ID",
                            "USER_NAME",
                            "USER_PWD",
                            "CUSTOM_SETTING",
                            "USER_STATUS",
                            "MEMBER_ID",
                            "DELETE_FLAG",
                            "REC_VERSION",
                            "REC_GEN_TIME",
                            "REC_UPD_TIME"
                        ],
                        "connection": [
                            {
                                "table": [
                                    "OTC.L_USER"
                                ],
                                "jdbcUrl": [
                                    "${cp_jdbcUrl}"
                                ]
                            }
                        ]
                    }
                },
                "writer": {
                    "name": "${lc_writer}",
                    "parameter": {
                        "username": "${lc_username}",
                        "password": "${lc_password}",
                        "writeMode": "insert",
                        "batchSize": "${batchSize}",
                        "memstoreThreshold": "${memstoreThreshold}",
                        "column": [
                            "USER_ID",
                            "USER_NAME",
                            "USER_PWD",
                            "CUSTOM_SETTING",
                            "USER_STATUS",
                            "MEMBER_ID",
                            "DELETE_FLAG",
                            "REC_VERSION",
                            "REC_GEN_TIME",
                            "REC_UPD_TIME"
                        ],
                        "connection": [
                            {
                                "table": [
                                    "LCINFOJOB.CP_L_USER"
                                ],
                                "jdbcUrl": "${lc_jdbcUrl}"
                            }
                        ],
                        "preSql": [
                            "truncate table LCINFOJOB.CP_L_USER"
                        ]
                    }
                }
            },
            {
                "reader": {
                    "name": "${cp_reader}",
                    "parameter": {
                        "username": "${cp_username}",
                        "password": "${cp_password}",
                        "column": [
                            "MEMBER_ID",
                            "MEMBER_NAME",
                            "MEMBER_TYPE",
                            "MEMBER_PHONE",
                            "MEMBER_MOBILE",
                            "MEMBER_GENDER",
                            "MEMBER_BIRTHDAY",
                            "MEMBER_EMAIL",
                            "MEMBER_ADDRESS",
                            "MEMBER_PINYIN_NAME",
                            "MEMBER_FAX",
                            "MEMBER_EDUCATION",
                            "DELETE_FLAG",
                            "MEMBER_NUM",
                            "REC_VERSION",
                            "REC_GEN_TIME",
                            "REC_UPD_TIME"
                        ],
                        "connection": [
                            {
                                "table": [
                                    "OTC.L_MEMBER"
                                ],
                                "jdbcUrl": [
                                    "${cp_jdbcUrl}"
                                ]
                            }
                        ]
                    }
                },
                "writer": {
                    "name": "${lc_writer}",
                    "parameter": {
                        "username": "${lc_username}",
                        "password": "${lc_password}",
                        "writeMode": "insert",
                        "batchSize": "${batchSize}",
                        "memstoreThreshold": "${memstoreThreshold}",
                        "column": [
                            "MEMBER_ID",
                            "MEMBER_NAME",
                            "MEMBER_TYPE",
                            "MEMBER_PHONE",
                            "MEMBER_MOBILE",
                            "MEMBER_GENDER",
                            "MEMBER_BIRTHDAY",
                            "MEMBER_EMAIL",
                            "MEMBER_ADDRESS",
                            "MEMBER_PINYIN_NAME",
                            "MEMBER_FAX",
                            "MEMBER_EDUCATION",
                            "DELETE_FLAG",
                            "MEMBER_NUM",
                            "REC_VERSION",
                            "REC_GEN_TIME",
                            "REC_UPD_TIME"
                        ],
                        "connection": [
                            {
                                "table": [
                                    "LCINFOJOB.CP_L_MEMBER"
                                ],
                                "jdbcUrl": "${lc_jdbcUrl}"
                            }
                        ],
                        "preSql": [
                            "truncate table LCINFOJOB.CP_L_MEMBER"
                        ]
                    }
                }
            },
            {
                "reader": {
                    "name": "${cp_reader}",
                    "parameter": {
                        "username": "${cp_username}",
                        "password": "${cp_password}",
                        "column": [
                            "ORG_ID",
                            "MEMBER_ID",
                            "REC_GEN_TIME",
                            "REC_UPD_TIME"
                        ],
                        "connection": [
                            {
                                "table": [
                                    "OTC.L_MEMBER_ORGANIZATION_REL"
                                ],
                                "jdbcUrl": [
                                    "${cp_jdbcUrl}"
                                ]
                            }
                        ]
                    }
                },
                "writer": {
                    "name": "${lc_writer}",
                    "parameter": {
                        "username": "${lc_username}",
                        "password": "${lc_password}",
                        "writeMode": "insert",
                        "batchSize": "${batchSize}",
                        "memstoreThreshold": "${memstoreThreshold}",
                        "column": [
                            "ORG_ID",
                            "MEMBER_ID",
                            "REC_GEN_TIME",
                            "REC_UPD_TIME"
                        ],
                        "connection": [
                            {
                                "table": [
                                    "LCINFOJOB.CP_L_MEMBER_ORGANIZATION_REL"
                                ],
                                "jdbcUrl": "${lc_jdbcUrl}"
                            }
                        ],
                        "preSql": [
                            "truncate table LCINFOJOB.CP_L_MEMBER_ORGANIZATION_REL"
                        ]
                    }
                }
            },
            {
                "reader": {
                    "name": "${cp_reader}",
                    "parameter": {
                        "username": "${cp_username}",
                        "password": "${cp_password}",
                        "column": [
                            "ORG_ID",
                            "ORG_NAME",
                            "ORG_DESC",
                            "SUPER_ID",
                            "ORG_TYPE",
                            "DELETE_FLAG",
                            "ORG_NUM",
                            "REC_VERSION",
                            "REC_GEN_TIME",
                            "REC_UPD_TIME"
                        ],
                        "connection": [
                            {
                                "table": [
                                    "OTC.L_ORGANIZATION"
                                ],
                                "jdbcUrl": [
                                    "${cp_jdbcUrl}"
                                ]
                            }
                        ]
                    }
                },
                "writer": {
                    "name": "${lc_writer}",
                    "parameter": {
                        "username": "${lc_username}",
                        "password": "${lc_password}",
                        "writeMode": "insert",
                        "batchSize": "${batchSize}",
                        "memstoreThreshold": "${memstoreThreshold}",
                        "column": [
                            "ORG_ID",
                            "ORG_NAME",
                            "ORG_DESC",
                            "SUPER_ID",
                            "ORG_TYPE",
                            "DELETE_FLAG",
                            "ORG_NUM",
                            "REC_VERSION",
                            "REC_GEN_TIME",
                            "REC_UPD_TIME"
                        ],
                        "connection": [
                            {
                                "table": [
                                    "LCINFOJOB.CP_L_ORGANIZATION"
                                ],
                                "jdbcUrl": "${lc_jdbcUrl}"
                            }
                        ],
                        "preSql": [
                            "truncate table LCINFOJOB.CP_L_ORGANIZATION"
                        ]
                    }
                }
            }
        ],
        "setting": {
            "speed": {
                "channel": "${channel}"
            },
            "errorLimit": {
                "percentage": "${percentage}"
            }
        }
    }
}