{
    "job": {
        "content": [
            {
                "reader": {
                    "name": "${cp_reader}",
                    "parameter": {
                        "username": "${cp_username}",
                        "password": "${cp_password}",
                        "column": [
                            "EID",
                            "ESEQID",
                            "EITIME",
                            "EUTIME",
                            "EGETTIME",
                            "EISDEL",
                            "EDITTYPE",
                            "ADDRESS",
                            "OBJECT",
                            "PICTURETYPE",
                            "REMARK",
                            "NAMEINITIAL",
                            "OBJECTCODE"
                        ],
                        "connection": [
                            {
                                "table": [
                                    "OTC.PRO_CDSY_PICTURES"
                                ],
                                "jdbcUrl": [
                                    "${cp_jdbcUrl}"
                                ]
                            }
                        ]
                    }
                },
                "writer": {
                    "name": "${lc_writer}",
                    "parameter": {
                        "username": "${lc_username}",
                        "password": "${lc_password}",
                        "writeMode": "insert",
                        "batchSize": "${batchSize}",
                        "memstoreThreshold": "${memstoreThreshold}",
                        "column": [
                            "EID",
                            "ESEQID",
                            "EITIME",
                            "EUTIME",
                            "EGETTIME",
                            "EISDEL",
                            "EDITTYPE",
                            "ADDRESS",
                            "OBJECT",
                            "PICTURETYPE",
                            "REMARK",
                            "NAMEINITIAL",
                            "OBJECTCODE"
                        ],
                        "connection": [
                            {
                                "table": [
                                    "LCINFOJOB.CP_PRO_CDSY_PICTURES"
                                ],
                                "jdbcUrl": "${lc_jdbcUrl}"
                            }
                        ],
                        "preSql": [
                            "truncate table LCINFOJOB.CP_PRO_CDSY_PICTURES"
                        ]
                    }
                }
            }
        ],
        "setting": {
            "speed": {
                "channel": "${channel}"
            },
            "errorLimit": {
                "percentage": "${percentage}"
            }
        }
    }
}