{
    "job": {
        "content": [
            {
                "reader": {
                    "name": "${cp_reader}",
                    "parameter": {
                        "username": "${cp_username}",
                        "password": "${cp_password}",
                        "column": [
                            "PRO_ID",
                            "OFFICE_DATE",
                            "END_DT",
                            "REL_NAME",
                            "YLD_DAYS",
                            "YLD_RAT",
                            "ABOUT",
                            "GENDER",
                            "EDU_BG",
                            "PRO_CODE",
                            "PSN_ID",
                            "ADDRESS"
                        ],
                        "connection": [
                            {
                                "table": [
                                    "OTC.PROD_FUND_MANAGER T1,OTC.PRO_CDSY_PICTURES T2"
                                ],
                                "jdbcUrl": [
                                    "${cp_jdbcUrl}"
                                ]
                            }
                        ]
                    }
                },
                "writer": {
                    "name": "${lc_writer}",
                    "parameter": {
                        "username": "${lc_username}",
                        "password": "${lc_password}",
                        "writeMode": "insert",
                        "batchSize": "${batchSize}",
                        "memstoreThreshold": "${memstoreThreshold}",
                        "column": [
                            "PRO_ID",
                            "OFFICE_DATE",
                            "END_DT",
                            "REL_NAME",
                            "YLD_DAYS",
                            "YLD_RAT",
                            "ABOUT",
                            "GENDER",
                            "EDU_BG",
                            "PRO_CODE",
                            "PSN_ID",
                            "ADDRESS"
                        ],
                        "connection": [
                            {
                                "table": [
                                    "LCINFOJOB.CP_PROD_FUND_MANAGER T1,OTC.PRO_CDSY_PICTURES T2"
                                ],
                                "jdbcUrl": "${lc_jdbcUrl}"
                            }
                        ],
                        "preSql": [
                            "truncate table LCINFOJOB.CP_PROD_FUND_MANAGER T1,OTC.PRO_CDSY_PICTURES T2"
                        ]
                    }
                }
            },
            {
                "reader": {
                    "name": "${cp_reader}",
                    "parameter": {
                        "username": "${cp_username}",
                        "password": "${cp_password}",
                        "column": [
                            "PRO_ID",
                            "OFFICE_DATE",
                            "END_DT",
                            "REL_NAME",
                            "YLD_DAYS",
                            "YLD_RAT",
                            "ABOUT",
                            "GENDER",
                            "EDU_BG",
                            "PRO_CODE",
                            "PSN_ID",
                            "ADDRESS"
                        ],
                        "connection": [
                            {
                                "table": [
                                    "OTC.PROD_FUND_MANAGER_PIC"
                                ],
                                "jdbcUrl": [
                                    "${cp_jdbcUrl}"
                                ]
                            }
                        ]
                    }
                },
                "writer": {
                    "name": "${lc_writer}",
                    "parameter": {
                        "username": "${lc_username}",
                        "password": "${lc_password}",
                        "writeMode": "insert",
                        "batchSize": "${batchSize}",
                        "memstoreThreshold": "${memstoreThreshold}",
                        "column": [
                            "PRO_ID",
                            "OFFICE_DATE",
                            "END_DT",
                            "REL_NAME",
                            "YLD_DAYS",
                            "YLD_RAT",
                            "ABOUT",
                            "GENDER",
                            "EDU_BG",
                            "PRO_CODE",
                            "PSN_ID",
                            "ADDRESS"
                        ],
                        "connection": [
                            {
                                "table": [
                                    "LCINFOJOB.CP_PROD_FUND_MANAGER_PIC"
                                ],
                                "jdbcUrl": "${lc_jdbcUrl}"
                            }
                        ],
                        "preSql": [
                            "truncate table LCINFOJOB.CP_PROD_FUND_MANAGER_PIC"
                        ]
                    }
                }
            }
        ],
        "setting": {
            "speed": {
                "channel": "${channel}"
            },
            "errorLimit": {
                "percentage": "${percentage}"
            }
        }
    }
}