{
    "job": {
        "content": [
            {
                "reader": {
                    "name": "${cp_reader}",
                    "parameter": {
                        "username": "${cp_username}",
                        "password": "${cp_password}",
                        "column": [
                            "task.SEQ_MOT_SMS_SEND_TASK_MONITORING_SEQ.Nextval",
                            "'OB_商城_任务调度'",
                            "'OB-otc任务-' || B.NET_NAME || '-' || c.job_name || ':异常信息:' ||            c.RETURN_CONTENT",
                            "MOBILE",
                            "#{bizDate}",
                            "sysdate",
                            "'1'"
                        ],
                        "connection": [
                            {
                                "table": [
                                    "TASK.MOT_NET_STATUS A,            TASK.MOT_NET B,            (SELECT C.NET_ID,                    C.JOB_NAME,                    MAX(TO_CHAR(REPLACE(D.RETURN_CONTENT, '\"', ''))) RETURN_CONTENT     FROM TASK.MOT_JOB C, TASK.MOT_JOB_STATUS D     WHERE C.JOB_FLOW_ID = D.JOB_FLOW_ID     AND D.RUN_STATUS = '02'     AND C.IS_VALID = '1'     GROUP BY C.NET_ID, C.JOB_NAME) C,MOT_SMS_MOBILE_INFO D     WHERE A.NET_ID = B.NET_ID     AND B.NET_ID = C.NET_ID     AND B.IS_VALID = 1     AND D.MOBILE_TYPE = '商城_任务调度'     AND ((A.END_TIME IS NULL AND (SYSDATE - A.START_TIME) * 24 * 60 > 25) OR     RUN_STATUS = '02')     AND TO_DATE(A.START_TIME) = TO_DATE(SYSDATE)     AND A.NET_ID NOT IN ('50001', '41001', '39002', '12001', '62001','72001')"
                                ],
                                "jdbcUrl": [
                                    "${cp_jdbcUrl}"
                                ]
                            }
                        ]
                    }
                },
                "writer": {
                    "name": "${lc_writer}",
                    "parameter": {
                        "username": "${lc_username}",
                        "password": "${lc_password}",
                        "writeMode": "insert",
                        "batchSize": "${batchSize}",
                        "memstoreThreshold": "${memstoreThreshold}",
                        "column": [
                            "LSH",
                            "SUBJECT",
                            "BODY",
                            "MOBILE",
                            "MOT_DATE",
                            "GEN_DATE",
                            "MSG_SEND_STATUS"
                        ],
                        "connection": [
                            {
                                "table": [
                                    "LCINFOJOB.CP_MOT_NET_STATUS A,            TASK.MOT_NET B,            (SELECT C.NET_ID,                    C.JOB_NAME,                    MAX(TO_CHAR(REPLACE(D.RETURN_CONTENT, '\"', ''))) RETURN_CONTENT     FROM TASK.MOT_JOB C, TASK.MOT_JOB_STATUS D     WHERE C.JOB_FLOW_ID = D.JOB_FLOW_ID     AND D.RUN_STATUS = '02'     AND C.IS_VALID = '1'     GROUP BY C.NET_ID, C.JOB_NAME) C,MOT_SMS_MOBILE_INFO D     WHERE A.NET_ID = B.NET_ID     AND B.NET_ID = C.NET_ID     AND B.IS_VALID = 1     AND D.MOBILE_TYPE = '商城_任务调度'     AND ((A.END_TIME IS NULL AND (SYSDATE - A.START_TIME) * 24 * 60 > 25) OR     RUN_STATUS = '02')     AND TO_DATE(A.START_TIME) = TO_DATE(SYSDATE)     AND A.NET_ID NOT IN ('50001', '41001', '39002', '12001', '62001','72001')"
                                ],
                                "jdbcUrl": "${lc_jdbcUrl}"
                            }
                        ]
                    }
                }
            }
        ],
        "setting": {
            "speed": {
                "channel": "${channel}"
            },
            "errorLimit": {
                "percentage": "${percentage}"
            }
        }
    }
}