{
    "job": {
        "content": [
            {
                "reader": {
                    "name": "${cp_reader}",
                    "parameter": {
                        "username": "${cp_username}",
                        "password": "${cp_password}",
                        "column": [
                            "BUSI_DATE",
                            "BRANCH_CODE",
                            "SERVERID",
                            "MATCHDATE",
                            "SNO",
                            "CUSTID",
                            "ORGID",
                            "FUNDID",
                            "BRHID",
                            "TRANSACC",
                            "TAACC",
                            "NAME",
                            "TACODE",
                            "OFCODE",
                            "OFNAME",
                            "ACCTYPE",
                            "CUSTKIND",
                            "CUSTGROUP",
                            "FUNDKIND",
                            "FUNDLEVEL",
                            "FUNDGROUP",
                            "BANKCODE",
                            "TRDID",
                            "MONEYTYPE",
                            "ERRCODE",
                            "REGIONCODE",
                            "FEE",
                            "STANDFEE",
                            "TAFEE",
                            "FRONTFARE",
                            "BACKFARE",
                            "OTHERFEE1",
                            "OTHERFEE2",
                            "FEESTAMPTAX",
                            "AGENTFEE",
                            "TAX",
                            "AWARDINTR",
                            "ORDERDATE",
                            "ORDERSNO",
                            "ORDERPRICE",
                            "ORDERQTY",
                            "ORDERAMT",
                            "MATCHPRICE",
                            "MATCHQTY",
                            "MATCHAMT",
                            "CONFIRMEDAMT",
                            "OLDSN",
                            "OLDOPERDATE",
                            "DIVIDMETHOD",
                            "DIVIDRATIO",
                            "DIVIDDATE",
                            "DIVIDFRZAMT",
                            "DISCRATIO",
                            "SHARECLASS",
                            "REDEEMTYPE",
                            "FINISHFLAG",
                            "MULTIOPEN",
                            "NAV",
                            "TASN",
                            "OTHEROFPRICE",
                            "OTHEROFNAV",
                            "OTHEROFCODE",
                            "OTHERTAACC",
                            "OTHERTRANSACC",
                            "OTHERORGID",
                            "OTHERDBTID",
                            "TRANSQTY",
                            "SENDSN",
                            "FRZREASON",
                            "STATUS",
                            "DELIVERFLAG",
                            "AGENTID",
                            "OPERID",
                            "OPERWAY",
                            "OPERORG",
                            "OPERLEVEL",
                            "NETADDR",
                            "CHKOPER",
                            "AGENTOPER",
                            "DBFREC",
                            "DEALFLAG",
                            "REMARK",
                            "SRC_F_FLAG"
                        ],
                        "connection": [
                            {
                                "table": [
                                    "xiaodaiguest.TCL_H_OFMATCH"
                                ],
                                "jdbcUrl": [
                                    "${cp_jdbcUrl}"
                                ]
                            }
                        ],
                        "where": "BUSI_DATE = #{bizDate}}"
                    }
                },
                "writer": {
                    "name": "${lc_writer}",
                    "parameter": {
                        "username": "${lc_username}",
                        "password": "${lc_password}",
                        "writeMode": "insert",
                        "batchSize": "${batchSize}",
                        "memstoreThreshold": "${memstoreThreshold}",
                        "column": [
                            "BUSI_DATE",
                            "BRANCH_CODE",
                            "SERVERID",
                            "MATCHDATE",
                            "SNO",
                            "CUSTID",
                            "ORGID",
                            "FUNDID",
                            "BRHID",
                            "TRANSACC",
                            "TAACC",
                            "NAME",
                            "TACODE",
                            "OFCODE",
                            "OFNAME",
                            "ACCTYPE",
                            "CUSTKIND",
                            "CUSTGROUP",
                            "FUNDKIND",
                            "FUNDLEVEL",
                            "FUNDGROUP",
                            "BANKCODE",
                            "TRDID",
                            "MONEYTYPE",
                            "ERRCODE",
                            "REGIONCODE",
                            "FEE",
                            "STANDFEE",
                            "TAFEE",
                            "FRONTFARE",
                            "BACKFARE",
                            "OTHERFEE1",
                            "OTHERFEE2",
                            "FEESTAMPTAX",
                            "AGENTFEE",
                            "TAX",
                            "AWARDINTR",
                            "ORDERDATE",
                            "ORDERSNO",
                            "ORDERPRICE",
                            "ORDERQTY",
                            "ORDERAMT",
                            "MATCHPRICE",
                            "MATCHQTY",
                            "MATCHAMT",
                            "CONFIRMEDAMT",
                            "OLDSN",
                            "OLDOPERDATE",
                            "DIVIDMETHOD",
                            "DIVIDRATIO",
                            "DIVIDDATE",
                            "DIVIDFRZAMT",
                            "DISCRATIO",
                            "SHARECLASS",
                            "REDEEMTYPE",
                            "FINISHFLAG",
                            "MULTIOPEN",
                            "NAV",
                            "TASN",
                            "OTHEROFPRICE",
                            "OTHEROFNAV",
                            "OTHEROFCODE",
                            "OTHERTAACC",
                            "OTHERTRANSACC",
                            "OTHERORGID",
                            "OTHERDBTID",
                            "TRANSQTY",
                            "SENDSN",
                            "FRZREASON",
                            "STATUS",
                            "DELIVERFLAG",
                            "AGENTID",
                            "OPERID",
                            "OPERWAY",
                            "OPERORG",
                            "OPERLEVEL",
                            "NETADDR",
                            "CHKOPER",
                            "AGENTOPER",
                            "DBFREC",
                            "DEALFLAG",
                            "REMARK",
                            "SRC_F_FLAG"
                        ],
                        "connection": [
                            {
                                "table": [
                                    "lcinfojob.TCL_H_OFMATCH"
                                ],
                                "jdbcUrl": "${lc_jdbcUrl}"
                            }
                        ],
                        "preSql": "delete table lcinfojob.TCL_H_OFMATCH where BUSI_DATE = #{bizDate}}"
                    }
                }
            },
            {
                "reader": {
                    "name": "${cp_reader}",
                    "parameter": {
                        "username": "${cp_username}",
                        "password": "${cp_password}",
                        "column": [],
                        "connection": [
                            {
                                "table": [
                                    "default_from_table"
                                ],
                                "jdbcUrl": [
                                    "${cp_jdbcUrl}"
                                ]
                            }
                        ]
                    }
                },
                "writer": {
                    "name": "${lc_writer}",
                    "parameter": {
                        "username": "${lc_username}",
                        "password": "${lc_password}",
                        "writeMode": "insert",
                        "batchSize": "${batchSize}",
                        "memstoreThreshold": "${memstoreThreshold}",
                        "column": [],
                        "connection": [
                            {
                                "table": [
                                    "lcinfojob"
                                ],
                                "jdbcUrl": "${lc_jdbcUrl}"
                            }
                        ]
                    }
                }
            },
            {
                "reader": {
                    "name": "${cp_reader}",
                    "parameter": {
                        "username": "${cp_username}",
                        "password": "${cp_password}",
                        "column": [],
                        "connection": [
                            {
                                "table": [
                                    "default_from_table"
                                ],
                                "jdbcUrl": [
                                    "${cp_jdbcUrl}"
                                ]
                            }
                        ]
                    }
                },
                "writer": {
                    "name": "${lc_writer}",
                    "parameter": {
                        "username": "${lc_username}",
                        "password": "${lc_password}",
                        "writeMode": "insert",
                        "batchSize": "${batchSize}",
                        "memstoreThreshold": "${memstoreThreshold}",
                        "column": [],
                        "connection": [
                            {
                                "table": [
                                    "lcinfojob"
                                ],
                                "jdbcUrl": "${lc_jdbcUrl}"
                            }
                        ]
                    }
                }
            }
        ],
        "setting": {
            "speed": {
                "channel": "${channel}"
            },
            "errorLimit": {
                "percentage": "${percentage}"
            }
        }
    }
}