{
    "job": {
        "content": [
            {
                "reader": {
                    "name": "${cp_reader}",
                    "parameter": {
                        "username": "${cp_username}",
                        "password": "${cp_password}",
                        "column": [
                            "BUSI_DATE",
                            "BRANCH_CODE",
                            "SERVERID",
                            "OPERDATE",
                            "OPERTIME",
                            "ORDERDATE",
                            "SNO",
                            "CUSTID",
                            "ORGID",
                            "FUNDID",
                            "BRHID",
                            "TRANSACC",
                            "OFCODE",
                            "OFNAME",
                            "TAACC",
                            "TACODE",
                            "TRDID",
                            "CANCELFLAG",
                            "STATUS",
                            "DEALFLAG",
                            "ERRINFO",
                            "NAME",
                            "ACCTYPE",
                            "CUSTKIND",
                            "CUSTGROUP",
                            "FUNDKIND",
                            "FUNDLEVEL",
                            "FUNDGROUP",
                            "BANKCODE",
                            "MONEYTYPE",
                            "ORDERQTY",
                            "ORDERAMT",
                            "ORDERPRICE",
                            "REDEEMTYPE",
                            "PREDATE",
                            "HAVEMATCHQTY",
                            "FRONTFEE",
                            "BACKFEE",
                            "CONFIRMEDAMT",
                            "OTHEROFCODE",
                            "OTHERTAACC",
                            "OTHERTRANSACC",
                            "OTHERORGID",
                            "OTHERDBTID",
                            "DIVIDMETHOD",
                            "DIVIDRATIO",
                            "DISCRATIO",
                            "OLDSN",
                            "OLDOPERDATE",
                            "SHARECLASS",
                            "TAVOUCHER",
                            "FRZREASON",
                            "FRZPERIOD",
                            "OTHERSN",
                            "VALIDDAYS",
                            "AGENTID",
                            "OPERID",
                            "OPERWAY",
                            "OPERORG",
                            "OPERLEVEL",
                            "NETADDR",
                            "CHKOPER",
                            "AGENTOPER",
                            "REMARK",
                            "SRC_F_FLAG",
                            "CRISKLEVEL",
                            "CRISKKIND",
                            "PRISKLEVEL",
                            "PASSFLAG",
                            "CTRLKINDS",
                            "OUTBIZSNO",
                            "PROTOCOLVER",
                            "PROTOCOLNO1",
                            "PROTOCOLNO2",
                            "DOUBLEVIDEO",
                            "EXTKIND1",
                            "EXTKIND2",
                            "EXTINT1",
                            "EXTAMT1",
                            "EXTSTR1",
                            "EXTSTR2"
                        ],
                        "connection": [
                            {
                                "table": [
                                    "xiaodaiguest.TCL_H_OFORDER"
                                ],
                                "jdbcUrl": [
                                    "${cp_jdbcUrl}"
                                ]
                            }
                        ],
                        "where": "BUSI_DATE = #{bizDate}}"
                    }
                },
                "writer": {
                    "name": "${lc_writer}",
                    "parameter": {
                        "username": "${lc_username}",
                        "password": "${lc_password}",
                        "writeMode": "insert",
                        "batchSize": "${batchSize}",
                        "memstoreThreshold": "${memstoreThreshold}",
                        "column": [
                            "BUSI_DATE",
                            "BRANCH_CODE",
                            "SERVERID",
                            "OPERDATE",
                            "OPERTIME",
                            "ORDERDATE",
                            "SNO",
                            "CUSTID",
                            "ORGID",
                            "FUNDID",
                            "BRHID",
                            "TRANSACC",
                            "OFCODE",
                            "OFNAME",
                            "TAACC",
                            "TACODE",
                            "TRDID",
                            "CANCELFLAG",
                            "STATUS",
                            "DEALFLAG",
                            "ERRINFO",
                            "NAME",
                            "ACCTYPE",
                            "CUSTKIND",
                            "CUSTGROUP",
                            "FUNDKIND",
                            "FUNDLEVEL",
                            "FUNDGROUP",
                            "BANKCODE",
                            "MONEYTYPE",
                            "ORDERQTY",
                            "ORDERAMT",
                            "ORDERPRICE",
                            "REDEEMTYPE",
                            "PREDATE",
                            "HAVEMATCHQTY",
                            "FRONTFEE",
                            "BACKFEE",
                            "CONFIRMEDAMT",
                            "OTHEROFCODE",
                            "OTHERTAACC",
                            "OTHERTRANSACC",
                            "OTHERORGID",
                            "OTHERDBTID",
                            "DIVIDMETHOD",
                            "DIVIDRATIO",
                            "DISCRATIO",
                            "OLDSN",
                            "OLDOPERDATE",
                            "SHARECLASS",
                            "TAVOUCHER",
                            "FRZREASON",
                            "FRZPERIOD",
                            "OTHERSN",
                            "VALIDDAYS",
                            "AGENTID",
                            "OPERID",
                            "OPERWAY",
                            "OPERORG",
                            "OPERLEVEL",
                            "NETADDR",
                            "CHKOPER",
                            "AGENTOPER",
                            "REMARK",
                            "SRC_F_FLAG",
                            "CRISKLEVEL",
                            "CRISKKIND",
                            "PRISKLEVEL",
                            "PASSFLAG",
                            "CTRLKINDS",
                            "OUTBIZSNO",
                            "PROTOCOLVER",
                            "PROTOCOLNO1",
                            "PROTOCOLNO2",
                            "DOUBLEVIDEO",
                            "EXTKIND1",
                            "EXTKIND2",
                            "EXTINT1",
                            "EXTAMT1",
                            "EXTSTR1",
                            "EXTSTR2"
                        ],
                        "connection": [
                            {
                                "table": [
                                    "lcinfojob.TCL_H_OFORDER"
                                ],
                                "jdbcUrl": "${lc_jdbcUrl}"
                            }
                        ],
                        "preSql": "delete table lcinfojob.TCL_H_OFORDER where BUSI_DATE = #{bizDate}}"
                    }
                }
            },
            {
                "reader": {
                    "name": "${cp_reader}",
                    "parameter": {
                        "username": "${cp_username}",
                        "password": "${cp_password}",
                        "column": [],
                        "connection": [
                            {
                                "table": [
                                    "default_from_table"
                                ],
                                "jdbcUrl": [
                                    "${cp_jdbcUrl}"
                                ]
                            }
                        ]
                    }
                },
                "writer": {
                    "name": "${lc_writer}",
                    "parameter": {
                        "username": "${lc_username}",
                        "password": "${lc_password}",
                        "writeMode": "insert",
                        "batchSize": "${batchSize}",
                        "memstoreThreshold": "${memstoreThreshold}",
                        "column": [],
                        "connection": [
                            {
                                "table": [
                                    "lcinfojob"
                                ],
                                "jdbcUrl": "${lc_jdbcUrl}"
                            }
                        ]
                    }
                }
            }
        ],
        "setting": {
            "speed": {
                "channel": "${channel}"
            },
            "errorLimit": {
                "percentage": "${percentage}"
            }
        }
    }
}