{
    "job": {
        "content": [
            {
                "reader": {
                    "name": "${cp_reader}",
                    "parameter": {
                        "username": "${cp_username}",
                        "password": "${cp_password}",
                        "column": [
                            "PRO_ID",
                            "PRO_CODE",
                            "SECU_ID",
                            "MIN_VAL",
                            "VAL_REL",
                            "MAX_VAL",
                            "VAL_UNIT",
                            "FEE_CALC_MED",
                            "MIN_RAT",
                            "RAT_REL",
                            "MAX_RAT",
                            "FEE_TYP",
                            "RAT_UNIT",
                            "MIN_PRD",
                            "MAX_PRD",
                            "PRD_UNIT",
                            "PRD_REL",
                            "SN",
                            "RATE_TYPE",
                            "RATE_DESC",
                            "VAL_UNIT_L",
                            "PRD_UNIT_L",
                            "CAL_RAT",
                            "CAL_TYPE",
                            "FEE_OBJ"
                        ],
                        "connection": [
                            {
                                "table": [
                                    "OTC.PRO_FUND_FEE"
                                ],
                                "jdbcUrl": [
                                    "${cp_jdbcUrl}"
                                ]
                            }
                        ]
                    }
                },
                "writer": {
                    "name": "${lc_writer}",
                    "parameter": {
                        "username": "${lc_username}",
                        "password": "${lc_password}",
                        "writeMode": "insert",
                        "batchSize": "${batchSize}",
                        "memstoreThreshold": "${memstoreThreshold}",
                        "column": [
                            "PRO_ID",
                            "PRO_CODE",
                            "SECU_ID",
                            "MIN_VAL",
                            "VAL_REL",
                            "MAX_VAL",
                            "VAL_UNIT",
                            "FEE_CALC_MED",
                            "MIN_RAT",
                            "RAT_REL",
                            "MAX_RAT",
                            "FEE_TYP",
                            "RAT_UNIT",
                            "MIN_PRD",
                            "MAX_PRD",
                            "PRD_UNIT",
                            "PRD_REL",
                            "SN",
                            "RATE_TYPE",
                            "RATE_DESC",
                            "VAL_UNIT_L",
                            "PRD_UNIT_L",
                            "CAL_RAT",
                            "CAL_TYPE",
                            "FEE_OBJ"
                        ],
                        "connection": [
                            {
                                "table": [
                                    "LCINFOJOB.CP_PRO_FUND_FEE"
                                ],
                                "jdbcUrl": "${lc_jdbcUrl}"
                            }
                        ],
                        "preSql": [
                            "truncate table LCINFOJOB.CP_PRO_FUND_FEE"
                        ]
                    }
                }
            }
        ],
        "setting": {
            "speed": {
                "channel": "${channel}"
            },
            "errorLimit": {
                "percentage": "${percentage}"
            }
        }
    }
}