{
    "job": {
        "content": [
            {
                "reader": {
                    "name": "${cp_reader}",
                    "parameter": {
                        "username": "${cp_username}",
                        "password": "${cp_password}",
                        "column": [
                            "case upper(substr(S_irdcode,length(S_irdcode) -1 ,2)) when 'OF' then '1' else '2' end TYPE",
                            "UPDATE_DT",
                            "case upper(substr(S_irdcode, length(S_irdcode) - 1, 2))          when 'OF' then           substr(S_irdcode, 1,length(S_irdcode) - 3)          else           substr(S_irdcode, length(S_irdcode) - 1, 2) || substr(S_irdcode, 1,length(S_irdcode) - 3)        end S_IRDCODE",
                            "S_IRDNAME",
                            "TRADE_DT",
                            "substr(STOCK_CODE, length(STOCK_CODE) - 1, 2) || substr(STOCK_CODE, 1,length(STOCK_CODE) - 3) STOCK_CODE",
                            "STK_VALUE_TONAV",
                            "ETF_AVG_RETURN_QUARTER",
                            "ETF_MAX_DRAWDOWN_QUARTER",
                            "STOCK_AVG_RETURN_QUARTER",
                            "STOCK_MAX_DRAWDOWN_QUARTER"
                        ],
                        "connection": [
                            {
                                "table": [
                                    "XIAODAIGUEST.TYDB_ASHARE_CMF_PERFORMANCE"
                                ],
                                "jdbcUrl": [
                                    "${cp_jdbcUrl}"
                                ]
                            }
                        ]
                    }
                },
                "writer": {
                    "name": "${lc_writer}",
                    "parameter": {
                        "username": "${lc_username}",
                        "password": "${lc_password}",
                        "writeMode": "insert",
                        "batchSize": "${batchSize}",
                        "memstoreThreshold": "${memstoreThreshold}",
                        "column": [
                            "TYPE",
                            "UPDATE_DT",
                            "S_IRDCODE",
                            "S_IRDNAME",
                            "TRADE_DT",
                            "STOCK_CODE",
                            "STK_VALUE_TONAV",
                            "ETF_AVG_RETURN_QUARTER",
                            "ETF_MAX_DRAWDOWN_QUARTER",
                            "STOCK_AVG_RETURN_QUARTER",
                            "STOCK_MAX_DRAWDOWN_QUARTER"
                        ],
                        "connection": [
                            {
                                "table": [
                                    "LCINFOJOB.CP_TYDB_ASHARE_CMF_PERFORMANCE"
                                ],
                                "jdbcUrl": "${lc_jdbcUrl}"
                            }
                        ],
                        "preSql": [
                            "truncate table LCINFOJOB.CP_TYDB_ASHARE_CMF_PERFORMANCE"
                        ]
                    }
                }
            }
        ],
        "setting": {
            "speed": {
                "channel": "${channel}"
            },
            "errorLimit": {
                "percentage": "${percentage}"
            }
        }
    }
}