{
    "job": {
        "content": [
            {
                "reader": {
                    "name": "${cp_reader}",
                    "parameter": {
                        "username": "${cp_username}",
                        "password": "${cp_password}",
                        "column": [
                            "Q300",
                            "QSC",
                            "HY300",
                            "RANKSY",
                            "SYIDSC",
                            "SYI",
                            "DIFFHY",
                            "TWY",
                            "FY",
                            "RANKM",
                            "FUNDTYPE",
                            "FY300",
                            "DIFFM",
                            "DIFFFY",
                            "SY",
                            "RANKTWY",
                            "DIFFSY",
                            "RANKQ",
                            "SYL_5N",
                            "SYL_JN",
                            "SYL_2N",
                            "TRY300",
                            "SECINNERCODE",
                            "RANKTRY",
                            "SYL_3Y",
                            "SYL_6Y",
                            "RANKY",
                            "RANKD",
                            "Y",
                            "DIFFTRY",
                            "SYL_1N",
                            "SYL_LN",
                            "FYSC",
                            "SY300",
                            "DIFFQ",
                            "DIFFD",
                            "RANKHY",
                            "HYSC",
                            "WSC",
                            "RANKW",
                            "Y300",
                            "DIFFY",
                            "W",
                            "SYL_D",
                            "SYL_3N",
                            "TRYSC",
                            "Q",
                            "ENDDATE",
                            "YSC",
                            "W300",
                            "M",
                            "TWYSC",
                            "MSC",
                            "TRD_CODE",
                            "TRY",
                            "FEATURE",
                            "TWY300",
                            "SYL_Z",
                            "M300",
                            "RANKFY",
                            "DIFFTWY",
                            "SYIRANK",
                            "SYSC",
                            "SYL_Y",
                            "ISNEW",
                            "DIFFW",
                            "DWC",
                            "HY",
                            "EID",
                            "ESEQID",
                            "EITIME",
                            "EUTIME",
                            "EGETTIME",
                            "EISDEL"
                        ],
                        "connection": [
                            {
                                "table": [
                                    "PRODN_DM.BIGDATA_FNDCN_DR_EMSYPMALL"
                                ],
                                "jdbcUrl": [
                                    "${cp_jdbcUrl}"
                                ]
                            }
                        ],
                        "where": "eisdel = 0 and TO_DATE(substr(EUTIME, 0, 10), 'YYYY/MM/DD') > sysdate - 3"
                    }
                },
                "writer": {
                    "name": "${lc_writer}",
                    "parameter": {
                        "username": "${lc_username}",
                        "password": "${lc_password}",
                        "writeMode": "insert",
                        "batchSize": "${batchSize}",
                        "memstoreThreshold": "${memstoreThreshold}",
                        "column": [
                            "Q300",
                            "QSC",
                            "HY300",
                            "RANKSY",
                            "SYIDSC",
                            "SYI",
                            "DIFFHY",
                            "TWY",
                            "FY",
                            "RANKM",
                            "FUNDTYPE",
                            "FY300",
                            "DIFFM",
                            "DIFFFY",
                            "SY",
                            "RANKTWY",
                            "DIFFSY",
                            "RANKQ",
                            "SYL_5N",
                            "SYL_JN",
                            "SYL_2N",
                            "TRY300",
                            "SECINNERCODE",
                            "RANKTRY",
                            "SYL_3Y",
                            "SYL_6Y",
                            "RANKY",
                            "RANKD",
                            "Y",
                            "DIFFTRY",
                            "SYL_1N",
                            "SYL_LN",
                            "FYSC",
                            "SY300",
                            "DIFFQ",
                            "DIFFD",
                            "RANKHY",
                            "HYSC",
                            "WSC",
                            "RANKW",
                            "Y300",
                            "DIFFY",
                            "W",
                            "SYL_D",
                            "SYL_3N",
                            "TRYSC",
                            "Q",
                            "ENDDATE",
                            "YSC",
                            "W300",
                            "M",
                            "TWYSC",
                            "MSC",
                            "TRD_CODE",
                            "TRY",
                            "FEATURE",
                            "TWY300",
                            "SYL_Z",
                            "M300",
                            "RANKFY",
                            "DIFFTWY",
                            "SYIRANK",
                            "SYSC",
                            "SYL_Y",
                            "ISNEW",
                            "DIFFW",
                            "DWC",
                            "HY",
                            "EID",
                            "ESEQID",
                            "EITIME",
                            "EUTIME",
                            "EGETTIME",
                            "EISDEL"
                        ],
                        "connection": [
                            {
                                "table": [
                                    "LCINFOJOB.CP_BIGDATA_FNDCN_DR_EMSYPMALL"
                                ],
                                "jdbcUrl": "${lc_jdbcUrl}"
                            }
                        ],
                        "preSql": "delete table LCINFOJOB.CP_BIGDATA_FNDCN_DR_EMSYPMALL where eisdel = 0 and TO_DATE(substr(EUTIME, 0, 10), 'YYYY/MM/DD') > sysdate - 3"
                    }
                }
            }
        ],
        "setting": {
            "speed": {
                "channel": "${channel}"
            },
            "errorLimit": {
                "percentage": "${percentage}"
            }
        }
    }
}