{
    "job": {
        "content": [
            {
                "reader": {
                    "name": "${cp_reader}",
                    "parameter": {
                        "username": "${cp_username}",
                        "password": "${cp_password}",
                        "column": [
                            "ID",
                            "EID",
                            "ESEQID",
                            "EITIME",
                            "EUTIME",
                            "EGETTIME",
                            "EISDEL",
                            "NVGRW1W",
                            "NVGR52W",
                            "YIELD4YA",
                            "YIELDLY",
                            "NVGRTY",
                            "ANVPER",
                            "NVGR104W",
                            "AAYIELD",
                            "REDTYPE",
                            "NVGR4W",
                            "REMARK",
                            "YIELD5YA",
                            "NVGRF",
                            "NVGR26W",
                            "NVYIELDTM",
                            "TRD_CODE",
                            "NVGR208W",
                            "YIELD2YA",
                            "AANVGRF",
                            "NVGR260W",
                            "ENDDATE",
                            "AANVPERL",
                            "AANVPER",
                            "NVGR13W",
                            "PURTYPE",
                            "SECINNERCODE",
                            "NVGR156W",
                            "YIELD3YA",
                            "NVPER",
                            "NVYIELDTW",
                            "NVGRWTD",
                            "NVCHG",
                            "NVPERCHG",
                            "ESOURCEMEMO",
                            "IS_UNUSUAL_VOLATILITY",
                            "IS_PREDICT",
                            "RS_ID",
                            "REC_ID",
                            "ENT_TIME",
                            "UPD_TIME"
                        ],
                        "connection": [
                            {
                                "table": [
                                    "OTC.ZXZX_FNDCN_DR_FUNDNV"
                                ],
                                "jdbcUrl": [
                                    "${cp_jdbcUrl}"
                                ]
                            }
                        ]
                    }
                },
                "writer": {
                    "name": "${lc_writer}",
                    "parameter": {
                        "username": "${lc_username}",
                        "password": "${lc_password}",
                        "writeMode": "insert",
                        "batchSize": "${batchSize}",
                        "memstoreThreshold": "${memstoreThreshold}",
                        "column": [
                            "ID",
                            "EID",
                            "ESEQID",
                            "EITIME",
                            "EUTIME",
                            "EGETTIME",
                            "EISDEL",
                            "NVGRW1W",
                            "NVGR52W",
                            "YIELD4YA",
                            "YIELDLY",
                            "NVGRTY",
                            "ANVPER",
                            "NVGR104W",
                            "AAYIELD",
                            "REDTYPE",
                            "NVGR4W",
                            "REMARK",
                            "YIELD5YA",
                            "NVGRF",
                            "NVGR26W",
                            "NVYIELDTM",
                            "TRD_CODE",
                            "NVGR208W",
                            "YIELD2YA",
                            "AANVGRF",
                            "NVGR260W",
                            "ENDDATE",
                            "AANVPERL",
                            "AANVPER",
                            "NVGR13W",
                            "PURTYPE",
                            "SECINNERCODE",
                            "NVGR156W",
                            "YIELD3YA",
                            "NVPER",
                            "NVYIELDTW",
                            "NVGRWTD",
                            "NVCHG",
                            "NVPERCHG",
                            "ESOURCEMEMO",
                            "IS_UNUSUAL_VOLATILITY",
                            "IS_PREDICT",
                            "RS_ID",
                            "REC_ID",
                            "ENT_TIME",
                            "UPD_TIME"
                        ],
                        "connection": [
                            {
                                "table": [
                                    "LCINFOJOB.CP_ZXZX_FNDCN_DR_FUNDNV"
                                ],
                                "jdbcUrl": "${lc_jdbcUrl}"
                            }
                        ],
                        "preSql": [
                            "truncate table LCINFOJOB.CP_ZXZX_FNDCN_DR_FUNDNV"
                        ]
                    }
                }
            }
        ],
        "setting": {
            "speed": {
                "channel": "${channel}"
            },
            "errorLimit": {
                "percentage": "${percentage}"
            }
        }
    }
}