{
    "job": {
        "content": [
            {
                "reader": {
                    "name": "${cp_reader}",
                    "parameter": {
                        "username": "${cp_username}",
                        "password": "${cp_password}",
                        "column": [
                            "EID",
                            "ESEQID",
                            "EITIME",
                            "EUTIME",
                            "EGETTIME",
                            "EISDEL",
                            "ARCODEIN",
                            "RSDATEOTC",
                            "DEICDEBASE",
                            "ISTRATERGY",
                            "SECURITYTYPE",
                            "FNATURE",
                            "IAREADISCR",
                            "ARSNAMEIN",
                            "FINTRO",
                            "ISSTAT",
                            "ITYPE",
                            "DECIDEORDER",
                            "FPROPERTY",
                            "IAREA",
                            "ALLOTRULE",
                            "FSERIESCODE",
                            "SUMTDAILY",
                            "RISKINCOME",
                            "IRANGE",
                            "MANAGERCODE",
                            "RAISESUM1ST",
                            "MCOVERDATE",
                            "ENDDATE",
                            "ASDATEOTC",
                            "TRUSTEECODE",
                            "FSERIESNAME",
                            "IAIM",
                            "COMETHOD",
                            "MSFTYPE",
                            "SECURITYSNAME",
                            "ISTANDARD",
                            "ISSUM",
                            "SECURITYCODE",
                            "SECURITYNAME",
                            "SECINNERCODE",
                            "RSUMPAYDATE",
                            "ASUML",
                            "DECLAREDATE",
                            "APPLYADATE",
                            "RSDATE",
                            "FMANAGER",
                            "UPDATEDATE",
                            "REDEEMADATE",
                            "FOUNDDATE",
                            "ISTYPE",
                            "ASDATE",
                            "RISKMANAGER",
                            "RSHARELPER",
                            "REMARK",
                            "IIDEA",
                            "MCOVERINFO",
                            "ENDREASONINFO",
                            "ENDREASON",
                            "ESOURCEMEMO",
                            "TRADE_WAY",
                            "TRANSFORM_DATE",
                            "REDEEM_REGDEAL_DATE",
                            "APPLY_REGDEAL_DATE"
                        ],
                        "connection": [
                            {
                                "table": [
                                    "OTC.ZXZX_FNDCN_BS_OFINFO"
                                ],
                                "jdbcUrl": [
                                    "${cp_jdbcUrl}"
                                ]
                            }
                        ]
                    }
                },
                "writer": {
                    "name": "${lc_writer}",
                    "parameter": {
                        "username": "${lc_username}",
                        "password": "${lc_password}",
                        "writeMode": "insert",
                        "batchSize": "${batchSize}",
                        "memstoreThreshold": "${memstoreThreshold}",
                        "column": [
                            "EID",
                            "ESEQID",
                            "EITIME",
                            "EUTIME",
                            "EGETTIME",
                            "EISDEL",
                            "ARCODEIN",
                            "RSDATEOTC",
                            "DEICDEBASE",
                            "ISTRATERGY",
                            "SECURITYTYPE",
                            "FNATURE",
                            "IAREADISCR",
                            "ARSNAMEIN",
                            "FINTRO",
                            "ISSTAT",
                            "ITYPE",
                            "DECIDEORDER",
                            "FPROPERTY",
                            "IAREA",
                            "ALLOTRULE",
                            "FSERIESCODE",
                            "SUMTDAILY",
                            "RISKINCOME",
                            "IRANGE",
                            "MANAGERCODE",
                            "RAISESUM1ST",
                            "MCOVERDATE",
                            "ENDDATE",
                            "ASDATEOTC",
                            "TRUSTEECODE",
                            "FSERIESNAME",
                            "IAIM",
                            "COMETHOD",
                            "MSFTYPE",
                            "SECURITYSNAME",
                            "ISTANDARD",
                            "ISSUM",
                            "SECURITYCODE",
                            "SECURITYNAME",
                            "SECINNERCODE",
                            "RSUMPAYDATE",
                            "ASUML",
                            "DECLAREDATE",
                            "APPLYADATE",
                            "RSDATE",
                            "FMANAGER",
                            "UPDATEDATE",
                            "REDEEMADATE",
                            "FOUNDDATE",
                            "ISTYPE",
                            "ASDATE",
                            "RISKMANAGER",
                            "RSHARELPER",
                            "REMARK",
                            "IIDEA",
                            "MCOVERINFO",
                            "ENDREASONINFO",
                            "ENDREASON",
                            "ESOURCEMEMO",
                            "TRADE_WAY",
                            "TRANSFORM_DATE",
                            "REDEEM_REGDEAL_DATE",
                            "APPLY_REGDEAL_DATE"
                        ],
                        "connection": [
                            {
                                "table": [
                                    "LCINFOJOB.CP_ZXZX_FNDCN_BS_OFINFO"
                                ],
                                "jdbcUrl": "${lc_jdbcUrl}"
                            }
                        ],
                        "preSql": [
                            "truncate table LCINFOJOB.CP_ZXZX_FNDCN_BS_OFINFO"
                        ]
                    }
                }
            }
        ],
        "setting": {
            "speed": {
                "channel": "${channel}"
            },
            "errorLimit": {
                "percentage": "${percentage}"
            }
        }
    }
}